2026-01-29 21:56:12,674 - INFO - ======================================================================
2026-01-29 21:56:12,674 - INFO - 실험 시작: daejeon_exp_20260129_205304
2026-01-29 21:56:12,674 - INFO - ======================================================================
2026-01-29 21:56:12,674 - INFO - 총 좌표 수: 1000
2026-01-29 21:56:12,674 - INFO - 시나리오 폴더: C:\Users\User\MCI_Diffusion\MCI_ADV2\scenarios\daejeon_exp_20260129_205304
2026-01-29 21:56:12,674 - INFO - 결과 폴더: C:\Users\User\MCI_Diffusion\MCI_ADV2\results\daejeon_exp_20260129_205304
2026-01-29 21:56:12,674 - INFO - 로그 파일: C:\Users\User\MCI_Diffusion\MCI_ADV2\experiment_logs\daejeon_exp_20260129_205304.log
2026-01-29 21:56:12,674 - INFO - ======================================================================
2026-01-29 21:56:12,680 - INFO - 실험 메타데이터 저장: C:\Users\User\MCI_Diffusion\MCI_ADV2\scenarios\daejeon_exp_20260129_205304\experiment_metadata.csv
2026-01-29 21:56:12,680 - INFO - [1/1000] 좌표 1.0 처리 시작: (36.207724, 127.435489), snap_distance_m=63.5
2026-01-29 21:56:12,680 - INFO -   시나리오 생성 중...
2026-01-29 21:56:50,975 - INFO -   시나리오 생성 완료 (38.3초, API 호출: 37회)
2026-01-29 21:56:50,975 - INFO -   시뮬레이션 실행 중...
2026-01-29 21:56:51,670 - INFO -   시뮬레이션 완료 (0.69초)
2026-01-29 21:56:51,670 - INFO - 좌표 1.0 완료 (1/1000, 0.1%)
2026-01-29 21:56:51,678 - INFO - [2/1000] 좌표 2.0 처리 시작: (36.299785, 127.472564), snap_distance_m=6.6
2026-01-29 21:56:51,678 - INFO -   시나리오 생성 중...
2026-01-29 21:57:28,817 - INFO -   시나리오 생성 완료 (37.14초, API 호출: 36회)
2026-01-29 21:57:28,817 - INFO -   시뮬레이션 실행 중...
2026-01-29 21:57:29,528 - INFO -   시뮬레이션 완료 (0.71초)
2026-01-29 21:57:29,528 - INFO - 좌표 2.0 완료 (2/1000, 0.2%)
2026-01-29 21:57:29,528 - INFO - [3/1000] 좌표 3.0 처리 시작: (36.430765, 127.454044), snap_distance_m=2.6
2026-01-29 21:57:29,528 - INFO -   시나리오 생성 중...
2026-01-29 21:58:08,724 - INFO -   시나리오 생성 완료 (39.2초, API 호출: 38회)
2026-01-29 21:58:08,724 - INFO -   시뮬레이션 실행 중...
2026-01-29 21:58:09,443 - INFO -   시뮬레이션 완료 (0.72초)
2026-01-29 21:58:09,443 - INFO - 좌표 3.0 완료 (3/1000, 0.3%)
2026-01-29 21:58:09,444 - INFO - [4/1000] 좌표 4.0 처리 시작: (36.399860, 127.450711), snap_distance_m=5.8
2026-01-29 21:58:09,444 - INFO -   시나리오 생성 중...
2026-01-29 21:58:48,548 - INFO -   시나리오 생성 완료 (39.1초, API 호출: 38회)
2026-01-29 21:58:48,548 - INFO -   시뮬레이션 실행 중...
2026-01-29 21:58:49,269 - INFO -   시뮬레이션 완료 (0.72초)
2026-01-29 21:58:49,269 - INFO - 좌표 4.0 완료 (4/1000, 0.4%)
2026-01-29 21:58:49,269 - INFO - [5/1000] 좌표 5.0 처리 시작: (36.354363, 127.430407), snap_distance_m=10.7
2026-01-29 21:58:49,269 - INFO -   시나리오 생성 중...
2026-01-29 21:59:29,531 - INFO -   시나리오 생성 완료 (40.26초, API 호출: 39회)
2026-01-29 21:59:29,531 - INFO -   시뮬레이션 실행 중...
2026-01-29 21:59:30,231 - INFO -   시뮬레이션 완료 (0.7초)
2026-01-29 21:59:30,231 - INFO - 좌표 5.0 완료 (5/1000, 0.5%)
2026-01-29 21:59:30,231 - INFO - [6/1000] 좌표 6.0 처리 시작: (36.445128, 127.361052), snap_distance_m=92.4
2026-01-29 21:59:30,231 - INFO -   시나리오 생성 중...
2026-01-29 22:00:08,710 - INFO -   시나리오 생성 완료 (38.48초, API 호출: 37회)
2026-01-29 22:00:08,710 - INFO -   시뮬레이션 실행 중...
2026-01-29 22:00:09,468 - INFO -   시뮬레이션 완료 (0.76초)
2026-01-29 22:00:09,468 - INFO - 좌표 6.0 완료 (6/1000, 0.6%)
2026-01-29 22:00:09,468 - INFO - [7/1000] 좌표 7.0 처리 시작: (36.340436, 127.354744), snap_distance_m=134.6
2026-01-29 22:00:09,468 - INFO -   시나리오 생성 중...
2026-01-29 22:00:46,734 - INFO -   시나리오 생성 완료 (37.27초, API 호출: 36회)
2026-01-29 22:00:46,734 - INFO -   시뮬레이션 실행 중...
2026-01-29 22:00:47,490 - INFO -   시뮬레이션 완료 (0.75초)
2026-01-29 22:00:47,490 - INFO - 좌표 7.0 완료 (7/1000, 0.7%)
2026-01-29 22:00:47,490 - INFO - [8/1000] 좌표 8.0 처리 시작: (36.443870, 127.467533), snap_distance_m=97.1
2026-01-29 22:00:47,490 - INFO -   시나리오 생성 중...
2026-01-29 22:01:26,653 - INFO -   시나리오 생성 완료 (39.16초, API 호출: 38회)
2026-01-29 22:01:26,653 - INFO -   시뮬레이션 실행 중...
2026-01-29 22:01:27,351 - INFO -   시뮬레이션 완료 (0.7초)
2026-01-29 22:01:27,351 - INFO - 좌표 8.0 완료 (8/1000, 0.8%)
2026-01-29 22:01:27,351 - INFO - [9/1000] 좌표 9.0 처리 시작: (36.378939, 127.392571), snap_distance_m=21.8
2026-01-29 22:01:27,351 - INFO -   시나리오 생성 중...
2026-01-29 22:02:06,609 - INFO -   시나리오 생성 완료 (39.26초, API 호출: 38회)
2026-01-29 22:02:06,609 - INFO -   시뮬레이션 실행 중...
2026-01-29 22:02:07,316 - INFO -   시뮬레이션 완료 (0.71초)
2026-01-29 22:02:07,316 - INFO - 좌표 9.0 완료 (9/1000, 0.9%)
2026-01-29 22:02:07,316 - INFO - [10/1000] 좌표 10.0 처리 시작: (36.374283, 127.387529), snap_distance_m=73.4
2026-01-29 22:02:07,316 - INFO -   시나리오 생성 중...
2026-01-29 22:02:46,551 - INFO -   시나리오 생성 완료 (39.23초, API 호출: 38회)
2026-01-29 22:02:46,551 - INFO -   시뮬레이션 실행 중...
2026-01-29 22:02:47,281 - INFO -   시뮬레이션 완료 (0.73초)
2026-01-29 22:02:47,281 - INFO - 좌표 10.0 완료 (10/1000, 1.0%)
2026-01-29 22:02:47,281 - INFO - [11/1000] 좌표 11.0 처리 시작: (36.359576, 127.451100), snap_distance_m=16.5
2026-01-29 22:02:47,281 - INFO -   시나리오 생성 중...
2026-01-29 22:03:25,459 - INFO -   시나리오 생성 완료 (38.18초, API 호출: 37회)
2026-01-29 22:03:25,459 - INFO -   시뮬레이션 실행 중...
2026-01-29 22:03:26,165 - INFO -   시뮬레이션 완료 (0.71초)
2026-01-29 22:03:26,165 - INFO - 좌표 11.0 완료 (11/1000, 1.1%)
2026-01-29 22:03:26,165 - INFO - [12/1000] 좌표 12.0 처리 시작: (36.377687, 127.411103), snap_distance_m=4.1
2026-01-29 22:03:26,165 - INFO -   시나리오 생성 중...
2026-01-29 22:04:05,343 - INFO -   시나리오 생성 완료 (39.18초, API 호출: 38회)
2026-01-29 22:04:05,343 - INFO -   시뮬레이션 실행 중...
2026-01-29 22:04:06,036 - INFO -   시뮬레이션 완료 (0.69초)
2026-01-29 22:04:06,036 - INFO - 좌표 12.0 완료 (12/1000, 1.2%)
2026-01-29 22:04:06,036 - INFO - [13/1000] 좌표 13.0 처리 시작: (36.328695, 127.331760), snap_distance_m=16.2
2026-01-29 22:04:06,036 - INFO -   시나리오 생성 중...
2026-01-29 22:04:43,184 - INFO -   시나리오 생성 완료 (37.15초, API 호출: 36회)
2026-01-29 22:04:43,184 - INFO -   시뮬레이션 실행 중...
2026-01-29 22:04:43,876 - INFO -   시뮬레이션 완료 (0.69초)
2026-01-29 22:04:43,876 - INFO - 좌표 13.0 완료 (13/1000, 1.3%)
2026-01-29 22:04:43,876 - INFO - [14/1000] 좌표 14.0 처리 시작: (36.316481, 127.348379), snap_distance_m=37.9
2026-01-29 22:04:43,876 - INFO -   시나리오 생성 중...
2026-01-29 22:05:22,030 - INFO -   시나리오 생성 완료 (38.15초, API 호출: 37회)
2026-01-29 22:05:22,030 - INFO -   시뮬레이션 실행 중...
2026-01-29 22:05:22,725 - INFO -   시뮬레이션 완료 (0.69초)
2026-01-29 22:05:22,725 - INFO - 좌표 14.0 완료 (14/1000, 1.4%)
2026-01-29 22:05:22,725 - INFO - [15/1000] 좌표 15.0 처리 시작: (36.362200, 127.415679), snap_distance_m=105.1
2026-01-29 22:05:22,725 - INFO -   시나리오 생성 중...
2026-01-29 22:06:02,008 - INFO -   시나리오 생성 완료 (39.28초, API 호출: 38회)
2026-01-29 22:06:02,008 - INFO -   시뮬레이션 실행 중...
2026-01-29 22:06:02,734 - INFO -   시뮬레이션 완료 (0.73초)
2026-01-29 22:06:02,734 - INFO - 좌표 15.0 완료 (15/1000, 1.5%)
2026-01-29 22:06:02,734 - INFO - [16/1000] 좌표 16.0 처리 시작: (36.238378, 127.479979), snap_distance_m=111.5
2026-01-29 22:06:02,734 - INFO -   시나리오 생성 중...
2026-01-29 22:06:40,167 - INFO -   시나리오 생성 완료 (37.43초, API 호출: 36회)
2026-01-29 22:06:40,167 - INFO -   시뮬레이션 실행 중...
2026-01-29 22:06:40,867 - INFO -   시뮬레이션 완료 (0.7초)
2026-01-29 22:06:40,867 - INFO - 좌표 16.0 완료 (16/1000, 1.6%)
2026-01-29 22:06:40,867 - INFO - [17/1000] 좌표 17.0 처리 시작: (36.278333, 127.427108), snap_distance_m=160.1
2026-01-29 22:06:40,875 - INFO -   시나리오 생성 중...
2026-01-29 22:07:18,004 - INFO -   시나리오 생성 완료 (37.13초, API 호출: 36회)
2026-01-29 22:07:18,019 - INFO -   시뮬레이션 실행 중...
2026-01-29 22:07:18,694 - INFO -   시뮬레이션 완료 (0.67초)
2026-01-29 22:07:18,694 - INFO - 좌표 17.0 완료 (17/1000, 1.7%)
2026-01-29 22:07:18,694 - INFO - [18/1000] 좌표 18.0 처리 시작: (36.258721, 127.452477), snap_distance_m=165.9
2026-01-29 22:07:18,694 - INFO -   시나리오 생성 중...
2026-01-29 22:07:55,900 - INFO -   시나리오 생성 완료 (37.21초, API 호출: 36회)
2026-01-29 22:07:55,900 - INFO -   시뮬레이션 실행 중...
2026-01-29 22:07:56,595 - INFO -   시뮬레이션 완료 (0.69초)
2026-01-29 22:07:56,595 - INFO - 좌표 18.0 완료 (18/1000, 1.8%)
2026-01-29 22:07:56,595 - INFO - [19/1000] 좌표 19.0 처리 시작: (36.305073, 127.292097), snap_distance_m=29.7
2026-01-29 22:07:56,595 - INFO -   시나리오 생성 중...
2026-01-29 22:08:33,716 - INFO -   시나리오 생성 완료 (37.12초, API 호출: 36회)
2026-01-29 22:08:33,716 - INFO -   시뮬레이션 실행 중...
2026-01-29 22:08:34,434 - INFO -   시뮬레이션 완료 (0.72초)
2026-01-29 22:08:34,434 - INFO - 좌표 19.0 완료 (19/1000, 1.9%)
2026-01-29 22:08:34,434 - INFO - [20/1000] 좌표 20.0 처리 시작: (36.479337, 127.380912), snap_distance_m=5.0
2026-01-29 22:08:34,434 - INFO -   시나리오 생성 중...
2026-01-29 22:09:12,750 - INFO -   시나리오 생성 완료 (38.32초, API 호출: 37회)
2026-01-29 22:09:12,750 - INFO -   시뮬레이션 실행 중...
2026-01-29 22:09:13,522 - INFO -   시뮬레이션 완료 (0.77초)
2026-01-29 22:09:13,522 - INFO - 좌표 20.0 완료 (20/1000, 2.0%)
2026-01-29 22:09:13,522 - INFO - [21/1000] 좌표 21.0 처리 시작: (36.348763, 127.299802), snap_distance_m=9.5
2026-01-29 22:09:13,522 - INFO -   시나리오 생성 중...
2026-01-29 22:09:51,756 - INFO -   시나리오 생성 완료 (38.23초, API 호출: 37회)
2026-01-29 22:09:51,756 - INFO -   시뮬레이션 실행 중...
2026-01-29 22:09:52,487 - INFO -   시뮬레이션 완료 (0.73초)
2026-01-29 22:09:52,487 - INFO - 좌표 21.0 완료 (21/1000, 2.1%)
2026-01-29 22:09:52,487 - INFO - [22/1000] 좌표 22.0 처리 시작: (36.429756, 127.368850), snap_distance_m=10.8
2026-01-29 22:09:52,487 - INFO -   시나리오 생성 중...
2026-01-29 22:10:30,933 - INFO -   시나리오 생성 완료 (38.45초, API 호출: 37회)
2026-01-29 22:10:30,933 - INFO -   시뮬레이션 실행 중...
2026-01-29 22:10:31,683 - INFO -   시뮬레이션 완료 (0.75초)
2026-01-29 22:10:31,683 - INFO - 좌표 22.0 완료 (22/1000, 2.2%)
2026-01-29 22:10:31,683 - INFO - [23/1000] 좌표 23.0 처리 시작: (36.200526, 127.442316), snap_distance_m=17.5
2026-01-29 22:10:31,683 - INFO -   시나리오 생성 중...
2026-01-29 22:10:34,426 - ERROR - 좌표 23.0 실패 [기타 오류]: API error limit exceeded (3). Last error: 예외 발생: API error limit exceeded (3). Last error: HTTP 400 Bad Request - 좌표 형식 오류 가능성
2026-01-29 22:10:34,426 - INFO - [24/1000] 좌표 24.0 처리 시작: (36.430062, 127.414017), snap_distance_m=58.1
2026-01-29 22:10:34,427 - INFO -   시나리오 생성 중...
2026-01-29 22:11:13,883 - INFO -   시나리오 생성 완료 (39.46초, API 호출: 38회)
2026-01-29 22:11:13,883 - INFO -   시뮬레이션 실행 중...
2026-01-29 22:11:14,574 - INFO -   시뮬레이션 완료 (0.69초)
2026-01-29 22:11:14,574 - INFO - 좌표 24.0 완료 (23/1000, 2.3%)
2026-01-29 22:11:14,574 - INFO - [25/1000] 좌표 25.0 처리 시작: (36.494232, 127.380829), snap_distance_m=159.0
2026-01-29 22:11:14,574 - INFO -   시나리오 생성 중...
2026-01-29 22:11:52,733 - INFO -   시나리오 생성 완료 (38.16초, API 호출: 37회)
2026-01-29 22:11:52,733 - INFO -   시뮬레이션 실행 중...
2026-01-29 22:11:53,466 - INFO -   시뮬레이션 완료 (0.73초)
2026-01-29 22:11:53,466 - INFO - 좌표 25.0 완료 (24/1000, 2.4%)
2026-01-29 22:11:53,466 - INFO - [26/1000] 좌표 26.0 처리 시작: (36.394613, 127.318173), snap_distance_m=150.1
2026-01-29 22:11:53,474 - INFO -   시나리오 생성 중...
2026-01-29 22:12:32,629 - INFO -   시나리오 생성 완료 (39.16초, API 호출: 38회)
2026-01-29 22:12:32,629 - INFO -   시뮬레이션 실행 중...
2026-01-29 22:12:33,325 - INFO -   시뮬레이션 완료 (0.7초)
2026-01-29 22:12:33,325 - INFO - 좌표 26.0 완료 (25/1000, 2.5%)
2026-01-29 22:12:33,325 - INFO - [27/1000] 좌표 27.0 처리 시작: (36.360509, 127.405966), snap_distance_m=69.6
2026-01-29 22:12:33,325 - INFO -   시나리오 생성 중...
2026-01-29 22:13:12,479 - INFO -   시나리오 생성 완료 (39.15초, API 호출: 38회)
2026-01-29 22:13:12,479 - INFO -   시뮬레이션 실행 중...
2026-01-29 22:13:13,181 - INFO -   시뮬레이션 완료 (0.7초)
2026-01-29 22:13:13,181 - INFO - 좌표 27.0 완료 (26/1000, 2.6%)
2026-01-29 22:13:13,181 - INFO - [28/1000] 좌표 28.0 처리 시작: (36.349966, 127.308221), snap_distance_m=119.7
2026-01-29 22:13:13,181 - INFO -   시나리오 생성 중...
2026-01-29 22:13:51,381 - INFO -   시나리오 생성 완료 (38.2초, API 호출: 37회)
2026-01-29 22:13:51,381 - INFO -   시뮬레이션 실행 중...
2026-01-29 22:13:52,083 - INFO -   시뮬레이션 완료 (0.7초)
2026-01-29 22:13:52,083 - INFO - 좌표 28.0 완료 (27/1000, 2.7%)
2026-01-29 22:13:52,091 - INFO - [29/1000] 좌표 29.0 처리 시작: (36.316289, 127.401118), snap_distance_m=12.1
2026-01-29 22:13:52,091 - INFO -   시나리오 생성 중...
2026-01-29 22:14:29,229 - INFO -   시나리오 생성 완료 (37.14초, API 호출: 36회)
2026-01-29 22:14:29,229 - INFO -   시뮬레이션 실행 중...
2026-01-29 22:14:29,933 - INFO -   시뮬레이션 완료 (0.69초)
2026-01-29 22:14:29,933 - INFO - 좌표 29.0 완료 (28/1000, 2.8%)
2026-01-29 22:14:29,933 - INFO - [30/1000] 좌표 30.0 처리 시작: (36.335142, 127.295796), snap_distance_m=155.3
2026-01-29 22:14:29,933 - INFO -   시나리오 생성 중...
2026-01-29 22:15:07,077 - INFO -   시나리오 생성 완료 (37.14초, API 호출: 36회)
2026-01-29 22:15:07,078 - INFO -   시뮬레이션 실행 중...
2026-01-29 22:15:07,782 - INFO -   시뮬레이션 완료 (0.7초)
2026-01-29 22:15:07,782 - INFO - 좌표 30.0 완료 (29/1000, 2.9%)
2026-01-29 22:15:07,782 - INFO - [31/1000] 좌표 31.0 처리 시작: (36.214354, 127.352051), snap_distance_m=118.4
2026-01-29 22:15:07,782 - INFO -   시나리오 생성 중...
2026-01-29 22:15:43,942 - INFO -   시나리오 생성 완료 (36.16초, API 호출: 35회)
2026-01-29 22:15:43,942 - INFO -   시뮬레이션 실행 중...
2026-01-29 22:15:44,631 - INFO -   시뮬레이션 완료 (0.69초)
2026-01-29 22:15:44,631 - INFO - 좌표 31.0 완료 (30/1000, 3.0%)
2026-01-29 22:15:44,631 - INFO - [32/1000] 좌표 32.0 처리 시작: (36.239533, 127.345238), snap_distance_m=67.3
2026-01-29 22:15:44,631 - INFO -   시나리오 생성 중...
2026-01-29 22:16:20,787 - INFO -   시나리오 생성 완료 (36.16초, API 호출: 35회)
2026-01-29 22:16:20,787 - INFO -   시뮬레이션 실행 중...
2026-01-29 22:16:21,537 - INFO -   시뮬레이션 완료 (0.75초)
2026-01-29 22:16:21,537 - INFO - 좌표 32.0 완료 (31/1000, 3.1%)
2026-01-29 22:16:21,537 - INFO - [33/1000] 좌표 33.0 처리 시작: (36.365823, 127.339795), snap_distance_m=9.9
2026-01-29 22:16:21,537 - INFO -   시나리오 생성 중...
2026-01-29 22:17:00,699 - INFO -   시나리오 생성 완료 (39.16초, API 호출: 38회)
2026-01-29 22:17:00,699 - INFO -   시뮬레이션 실행 중...
2026-01-29 22:17:01,431 - INFO -   시뮬레이션 완료 (0.73초)
2026-01-29 22:17:01,431 - INFO - 좌표 33.0 완료 (32/1000, 3.2%)
2026-01-29 22:17:01,431 - INFO - [34/1000] 좌표 34.0 처리 시작: (36.291195, 127.255132), snap_distance_m=171.6
2026-01-29 22:17:01,431 - INFO -   시나리오 생성 중...
2026-01-29 22:17:38,602 - INFO -   시나리오 생성 완료 (37.17초, API 호출: 36회)
2026-01-29 22:17:38,602 - INFO -   시뮬레이션 실행 중...
2026-01-29 22:17:39,357 - INFO -   시뮬레이션 완료 (0.75초)
2026-01-29 22:17:39,357 - INFO - 좌표 34.0 완료 (33/1000, 3.3%)
2026-01-29 22:17:39,357 - INFO - [35/1000] 좌표 35.0 처리 시작: (36.281522, 127.304757), snap_distance_m=116.0
2026-01-29 22:17:39,357 - INFO -   시나리오 생성 중...
2026-01-29 22:18:17,505 - INFO -   시나리오 생성 완료 (38.15초, API 호출: 37회)
2026-01-29 22:18:17,506 - INFO -   시뮬레이션 실행 중...
2026-01-29 22:18:18,255 - INFO -   시뮬레이션 완료 (0.75초)
2026-01-29 22:18:18,255 - INFO - 좌표 35.0 완료 (34/1000, 3.4%)
2026-01-29 22:18:18,255 - INFO - [36/1000] 좌표 36.0 처리 시작: (36.445383, 127.374500), snap_distance_m=22.1
2026-01-29 22:18:18,255 - INFO -   시나리오 생성 중...
2026-01-29 22:18:56,489 - INFO -   시나리오 생성 완료 (38.23초, API 호출: 37회)
2026-01-29 22:18:56,489 - INFO -   시뮬레이션 실행 중...
2026-01-29 22:18:57,241 - INFO -   시뮬레이션 완료 (0.75초)
2026-01-29 22:18:57,241 - INFO - 좌표 36.0 완료 (35/1000, 3.5%)
2026-01-29 22:18:57,241 - INFO - [37/1000] 좌표 37.0 처리 시작: (36.276969, 127.259440), snap_distance_m=4.1
2026-01-29 22:18:57,241 - INFO -   시나리오 생성 중...
2026-01-29 22:19:34,403 - INFO -   시나리오 생성 완료 (37.16초, API 호출: 36회)
2026-01-29 22:19:34,403 - INFO -   시뮬레이션 실행 중...
2026-01-29 22:19:35,091 - INFO -   시뮬레이션 완료 (0.69초)
2026-01-29 22:19:35,091 - INFO - 좌표 37.0 완료 (36/1000, 3.6%)
2026-01-29 22:19:35,091 - INFO - [38/1000] 좌표 38.0 처리 시작: (36.400266, 127.433375), snap_distance_m=149.4
2026-01-29 22:19:35,091 - INFO -   시나리오 생성 중...
2026-01-29 22:20:13,343 - INFO -   시나리오 생성 완료 (38.25초, API 호출: 37회)
2026-01-29 22:20:13,343 - INFO -   시뮬레이션 실행 중...
2026-01-29 22:20:14,027 - INFO -   시뮬레이션 완료 (0.68초)
2026-01-29 22:20:14,027 - INFO - 좌표 38.0 완료 (37/1000, 3.7%)
2026-01-29 22:20:14,027 - INFO - [39/1000] 좌표 39.0 처리 시작: (36.418796, 127.306769), snap_distance_m=51.9
2026-01-29 22:20:14,027 - INFO -   시나리오 생성 중...
2026-01-29 22:20:52,282 - INFO -   시나리오 생성 완료 (38.26초, API 호출: 37회)
2026-01-29 22:20:52,283 - INFO -   시뮬레이션 실행 중...
2026-01-29 22:20:53,001 - INFO -   시뮬레이션 완료 (0.72초)
2026-01-29 22:20:53,001 - INFO - 좌표 39.0 완료 (38/1000, 3.8%)
2026-01-29 22:20:53,001 - INFO - [40/1000] 좌표 40.0 처리 시작: (36.361210, 127.453104), snap_distance_m=45.5
2026-01-29 22:20:53,001 - INFO -   시나리오 생성 중...
2026-01-29 22:21:31,171 - INFO -   시나리오 생성 완료 (38.17초, API 호출: 37회)
2026-01-29 22:21:31,171 - INFO -   시뮬레이션 실행 중...
2026-01-29 22:21:31,924 - INFO -   시뮬레이션 완료 (0.75초)
2026-01-29 22:21:31,924 - INFO - 좌표 40.0 완료 (39/1000, 3.9%)
2026-01-29 22:21:31,924 - INFO - [41/1000] 좌표 41.0 처리 시작: (36.325325, 127.386066), snap_distance_m=46.5
2026-01-29 22:21:31,924 - INFO -   시나리오 생성 중...
2026-01-29 22:22:09,118 - INFO -   시나리오 생성 완료 (37.19초, API 호출: 36회)
2026-01-29 22:22:09,118 - INFO -   시뮬레이션 실행 중...
2026-01-29 22:22:09,899 - INFO -   시뮬레이션 완료 (0.78초)
2026-01-29 22:22:09,900 - INFO - 좌표 41.0 완료 (40/1000, 4.0%)
2026-01-29 22:22:09,900 - INFO - [42/1000] 좌표 42.0 처리 시작: (36.433462, 127.395666), snap_distance_m=31.0
2026-01-29 22:22:09,900 - INFO -   시나리오 생성 중...
2026-01-29 22:22:48,044 - INFO -   시나리오 생성 완료 (38.14초, API 호출: 37회)
2026-01-29 22:22:48,044 - INFO -   시뮬레이션 실행 중...
2026-01-29 22:22:48,751 - INFO -   시뮬레이션 완료 (0.71초)
2026-01-29 22:22:48,752 - INFO - 좌표 42.0 완료 (41/1000, 4.1%)
2026-01-29 22:22:48,752 - INFO - [43/1000] 좌표 43.0 처리 시작: (36.352697, 127.322994), snap_distance_m=59.6
2026-01-29 22:22:48,752 - INFO -   시나리오 생성 중...
2026-01-29 22:23:26,041 - INFO -   시나리오 생성 완료 (37.29초, API 호출: 36회)
2026-01-29 22:23:26,042 - INFO -   시뮬레이션 실행 중...
2026-01-29 22:23:26,776 - INFO -   시뮬레이션 완료 (0.73초)
2026-01-29 22:23:26,776 - INFO - 좌표 43.0 완료 (42/1000, 4.2%)
2026-01-29 22:23:26,776 - INFO - [44/1000] 좌표 44.0 처리 시작: (36.293748, 127.370245), snap_distance_m=12.9
2026-01-29 22:23:26,776 - INFO -   시나리오 생성 중...
2026-01-29 22:24:02,960 - INFO -   시나리오 생성 완료 (36.18초, API 호출: 35회)
2026-01-29 22:24:02,961 - INFO -   시뮬레이션 실행 중...
2026-01-29 22:24:03,709 - INFO -   시뮬레이션 완료 (0.75초)
2026-01-29 22:24:03,716 - INFO - 좌표 44.0 완료 (43/1000, 4.3%)
2026-01-29 22:24:03,716 - INFO - [45/1000] 좌표 45.0 처리 시작: (36.328377, 127.382489), snap_distance_m=4.2
2026-01-29 22:24:03,716 - INFO -   시나리오 생성 중...
2026-01-29 22:24:40,865 - INFO -   시나리오 생성 완료 (37.15초, API 호출: 36회)
2026-01-29 22:24:40,865 - INFO -   시뮬레이션 실행 중...
2026-01-29 22:24:41,559 - INFO -   시뮬레이션 완료 (0.69초)
2026-01-29 22:24:41,559 - INFO - 좌표 45.0 완료 (44/1000, 4.4%)
2026-01-29 22:24:41,559 - INFO - [46/1000] 좌표 46.0 처리 시작: (36.268161, 127.347082), snap_distance_m=65.2
2026-01-29 22:24:41,559 - INFO -   시나리오 생성 중...
2026-01-29 22:25:17,688 - INFO -   시나리오 생성 완료 (36.13초, API 호출: 35회)
2026-01-29 22:25:17,688 - INFO -   시뮬레이션 실행 중...
2026-01-29 22:25:18,383 - INFO -   시뮬레이션 완료 (0.69초)
2026-01-29 22:25:18,383 - INFO - 좌표 46.0 완료 (45/1000, 4.5%)
2026-01-29 22:25:18,383 - INFO - [47/1000] 좌표 47.0 처리 시작: (36.254966, 127.325701), snap_distance_m=45.7
2026-01-29 22:25:18,383 - INFO -   시나리오 생성 중...
2026-01-29 22:25:54,566 - INFO -   시나리오 생성 완료 (36.18초, API 호출: 35회)
2026-01-29 22:25:54,566 - INFO -   시뮬레이션 실행 중...
2026-01-29 22:25:55,304 - INFO -   시뮬레이션 완료 (0.74초)
2026-01-29 22:25:55,304 - INFO - 좌표 47.0 완료 (46/1000, 4.6%)
2026-01-29 22:25:55,304 - INFO - [48/1000] 좌표 48.0 처리 시작: (36.430307, 127.395859), snap_distance_m=12.1
2026-01-29 22:25:55,304 - INFO -   시나리오 생성 중...
2026-01-29 22:26:33,425 - INFO -   시나리오 생성 완료 (38.12초, API 호출: 37회)
2026-01-29 22:26:33,425 - INFO -   시뮬레이션 실행 중...
2026-01-29 22:26:34,166 - INFO -   시뮬레이션 완료 (0.74초)
2026-01-29 22:26:34,166 - INFO - 좌표 48.0 완료 (47/1000, 4.7%)
2026-01-29 22:26:34,166 - INFO - [49/1000] 좌표 49.0 처리 시작: (36.264370, 127.410365), snap_distance_m=18.2
2026-01-29 22:26:34,167 - INFO -   시나리오 생성 중...
2026-01-29 22:27:11,272 - INFO -   시나리오 생성 완료 (37.1초, API 호출: 36회)
2026-01-29 22:27:11,272 - INFO -   시뮬레이션 실행 중...
2026-01-29 22:27:11,964 - INFO -   시뮬레이션 완료 (0.69초)
2026-01-29 22:27:11,964 - INFO - 좌표 49.0 완료 (48/1000, 4.8%)
2026-01-29 22:27:11,964 - INFO - [50/1000] 좌표 50.0 처리 시작: (36.353021, 127.491807), snap_distance_m=31.1
2026-01-29 22:27:11,964 - INFO -   시나리오 생성 중...
2026-01-29 22:27:50,072 - INFO -   시나리오 생성 완료 (38.11초, API 호출: 37회)
2026-01-29 22:27:50,072 - INFO -   시뮬레이션 실행 중...
2026-01-29 22:27:50,748 - INFO -   시뮬레이션 완료 (0.68초)
2026-01-29 22:27:50,748 - INFO - 좌표 50.0 완료 (49/1000, 4.9%)
2026-01-29 22:27:50,748 - INFO - [51/1000] 좌표 51.0 처리 시작: (36.286762, 127.251676), snap_distance_m=0.5
2026-01-29 22:27:50,748 - INFO -   시나리오 생성 중...
2026-01-29 22:28:27,854 - INFO -   시나리오 생성 완료 (37.11초, API 호출: 36회)
2026-01-29 22:28:27,854 - INFO -   시뮬레이션 실행 중...
2026-01-29 22:28:28,521 - INFO -   시뮬레이션 완료 (0.67초)
2026-01-29 22:28:28,521 - INFO - 좌표 51.0 완료 (50/1000, 5.0%)
2026-01-29 22:28:28,521 - INFO - [52/1000] 좌표 52.0 처리 시작: (36.353266, 127.515561), snap_distance_m=186.3
2026-01-29 22:28:28,521 - INFO -   시나리오 생성 중...
2026-01-29 22:29:07,698 - INFO -   시나리오 생성 완료 (39.18초, API 호출: 38회)
2026-01-29 22:29:07,698 - INFO -   시뮬레이션 실행 중...
2026-01-29 22:29:08,401 - INFO -   시뮬레이션 완료 (0.7초)
2026-01-29 22:29:08,401 - INFO - 좌표 52.0 완료 (51/1000, 5.1%)
2026-01-29 22:29:08,401 - INFO - [53/1000] 좌표 53.0 처리 시작: (36.308110, 127.305762), snap_distance_m=80.2
2026-01-29 22:29:08,401 - INFO -   시나리오 생성 중...
2026-01-29 22:29:45,521 - INFO -   시나리오 생성 완료 (37.12초, API 호출: 36회)
2026-01-29 22:29:45,521 - INFO -   시뮬레이션 실행 중...
2026-01-29 22:29:46,206 - INFO -   시뮬레이션 완료 (0.69초)
2026-01-29 22:29:46,206 - INFO - 좌표 53.0 완료 (52/1000, 5.2%)
2026-01-29 22:29:46,222 - INFO - [54/1000] 좌표 54.0 처리 시작: (36.342106, 127.329741), snap_distance_m=71.5
2026-01-29 22:29:46,222 - INFO -   시나리오 생성 중...
2026-01-29 22:30:23,336 - INFO -   시나리오 생성 완료 (37.11초, API 호출: 36회)
2026-01-29 22:30:23,336 - INFO -   시뮬레이션 실행 중...
2026-01-29 22:30:24,041 - INFO -   시뮬레이션 완료 (0.71초)
2026-01-29 22:30:24,041 - INFO - 좌표 54.0 완료 (53/1000, 5.3%)
2026-01-29 22:30:24,041 - INFO - [55/1000] 좌표 55.0 처리 시작: (36.389468, 127.457232), snap_distance_m=74.9
2026-01-29 22:30:24,041 - INFO -   시나리오 생성 중...
2026-01-29 22:31:03,357 - INFO -   시나리오 생성 완료 (39.32초, API 호출: 38회)
2026-01-29 22:31:03,357 - INFO -   시뮬레이션 실행 중...
2026-01-29 22:31:04,058 - INFO -   시뮬레이션 완료 (0.7초)
2026-01-29 22:31:04,058 - INFO - 좌표 55.0 완료 (54/1000, 5.4%)
2026-01-29 22:31:04,058 - INFO - [56/1000] 좌표 56.0 처리 시작: (36.328419, 127.383520), snap_distance_m=27.3
2026-01-29 22:31:04,059 - INFO -   시나리오 생성 중...
2026-01-29 22:31:41,168 - INFO -   시나리오 생성 완료 (37.11초, API 호출: 36회)
2026-01-29 22:31:41,168 - INFO -   시뮬레이션 실행 중...
2026-01-29 22:31:41,855 - INFO -   시뮬레이션 완료 (0.69초)
2026-01-29 22:31:41,855 - INFO - 좌표 56.0 완료 (55/1000, 5.5%)
2026-01-29 22:31:41,855 - INFO - [57/1000] 좌표 57.0 처리 시작: (36.447329, 127.415013), snap_distance_m=9.3
2026-01-29 22:31:41,855 - INFO -   시나리오 생성 중...
2026-01-29 22:32:21,020 - INFO -   시나리오 생성 완료 (39.16초, API 호출: 38회)
2026-01-29 22:32:21,020 - INFO -   시뮬레이션 실행 중...
2026-01-29 22:32:21,716 - INFO -   시뮬레이션 완료 (0.7초)
2026-01-29 22:32:21,716 - INFO - 좌표 57.0 완료 (56/1000, 5.6%)
2026-01-29 22:32:21,716 - INFO - [58/1000] 좌표 58.0 처리 시작: (36.297577, 127.344142), snap_distance_m=15.2
2026-01-29 22:32:21,716 - INFO -   시나리오 생성 중...
2026-01-29 22:32:58,853 - INFO -   시나리오 생성 완료 (37.14초, API 호출: 36회)
2026-01-29 22:32:58,853 - INFO -   시뮬레이션 실행 중...
2026-01-29 22:32:59,549 - INFO -   시뮬레이션 완료 (0.7초)
2026-01-29 22:32:59,549 - INFO - 좌표 58.0 완료 (57/1000, 5.7%)
2026-01-29 22:32:59,549 - INFO - [59/1000] 좌표 59.0 처리 시작: (36.378878, 127.522785), snap_distance_m=235.9
2026-01-29 22:32:59,549 - INFO -   시나리오 생성 중...
2026-01-29 22:33:39,749 - INFO -   시나리오 생성 완료 (40.2초, API 호출: 39회)
2026-01-29 22:33:39,749 - INFO -   시뮬레이션 실행 중...
2026-01-29 22:33:40,505 - INFO -   시뮬레이션 완료 (0.76초)
2026-01-29 22:33:40,505 - INFO - 좌표 59.0 완료 (58/1000, 5.8%)
2026-01-29 22:33:40,505 - INFO - [60/1000] 좌표 60.0 처리 시작: (36.447337, 127.433058), snap_distance_m=10.4
2026-01-29 22:33:40,505 - INFO -   시나리오 생성 중...
2026-01-29 22:34:20,660 - INFO -   시나리오 생성 완료 (40.16초, API 호출: 39회)
2026-01-29 22:34:20,661 - INFO -   시뮬레이션 실행 중...
2026-01-29 22:34:21,365 - INFO -   시뮬레이션 완료 (0.7초)
2026-01-29 22:34:21,365 - INFO - 좌표 60.0 완료 (59/1000, 5.9%)
2026-01-29 22:34:21,365 - INFO - [61/1000] 좌표 61.0 처리 시작: (36.275130, 127.400452), snap_distance_m=37.9
2026-01-29 22:34:21,365 - INFO -   시나리오 생성 중...
2026-01-29 22:34:57,559 - INFO -   시나리오 생성 완료 (36.19초, API 호출: 35회)
2026-01-29 22:34:57,559 - INFO -   시뮬레이션 실행 중...
2026-01-29 22:34:58,268 - INFO -   시뮬레이션 완료 (0.71초)
2026-01-29 22:34:58,268 - INFO - 좌표 61.0 완료 (60/1000, 6.0%)
2026-01-29 22:34:58,268 - INFO - [62/1000] 좌표 62.0 처리 시작: (36.385395, 127.356495), snap_distance_m=30.2
2026-01-29 22:34:58,268 - INFO -   시나리오 생성 중...
2026-01-29 22:35:37,564 - INFO -   시나리오 생성 완료 (39.3초, API 호출: 38회)
2026-01-29 22:35:37,565 - INFO -   시뮬레이션 실행 중...
2026-01-29 22:35:38,251 - INFO -   시뮬레이션 완료 (0.69초)
2026-01-29 22:35:38,251 - INFO - 좌표 62.0 완료 (61/1000, 6.1%)
2026-01-29 22:35:38,251 - INFO - [63/1000] 좌표 63.0 처리 시작: (36.406640, 127.377782), snap_distance_m=23.7
2026-01-29 22:35:38,251 - INFO -   시나리오 생성 중...
2026-01-29 22:36:16,384 - INFO -   시나리오 생성 완료 (38.13초, API 호출: 37회)
2026-01-29 22:36:16,384 - INFO -   시뮬레이션 실행 중...
2026-01-29 22:36:17,074 - INFO -   시뮬레이션 완료 (0.69초)
2026-01-29 22:36:17,074 - INFO - 좌표 63.0 완료 (62/1000, 6.2%)
2026-01-29 22:36:17,074 - INFO - [64/1000] 좌표 64.0 처리 시작: (36.344003, 127.323869), snap_distance_m=61.6
2026-01-29 22:36:17,074 - INFO -   시나리오 생성 중...
2026-01-29 22:36:54,188 - INFO -   시나리오 생성 완료 (37.11초, API 호출: 36회)
2026-01-29 22:36:54,188 - INFO -   시뮬레이션 실행 중...
2026-01-29 22:36:54,869 - INFO -   시뮬레이션 완료 (0.68초)
2026-01-29 22:36:54,869 - INFO - 좌표 64.0 완료 (63/1000, 6.3%)
2026-01-29 22:36:54,870 - INFO - [65/1000] 좌표 65.0 처리 시작: (36.285415, 127.476754), snap_distance_m=139.8
2026-01-29 22:36:54,870 - INFO -   시나리오 생성 중...
2026-01-29 22:37:32,101 - INFO -   시나리오 생성 완료 (37.23초, API 호출: 36회)
2026-01-29 22:37:32,101 - INFO -   시뮬레이션 실행 중...
2026-01-29 22:37:32,826 - INFO -   시뮬레이션 완료 (0.72초)
2026-01-29 22:37:32,826 - INFO - 좌표 65.0 완료 (64/1000, 6.4%)
2026-01-29 22:37:32,827 - INFO - [66/1000] 좌표 66.0 처리 시작: (36.431046, 127.449275), snap_distance_m=60.4
2026-01-29 22:37:32,827 - INFO -   시나리오 생성 중...
2026-01-29 22:38:12,085 - INFO -   시나리오 생성 완료 (39.26초, API 호출: 38회)
2026-01-29 22:38:12,085 - INFO -   시뮬레이션 실행 중...
2026-01-29 22:38:12,818 - INFO -   시뮬레이션 완료 (0.73초)
2026-01-29 22:38:12,818 - INFO - 좌표 66.0 완료 (65/1000, 6.5%)
2026-01-29 22:38:12,818 - INFO - [67/1000] 좌표 67.0 처리 시작: (36.372431, 127.328502), snap_distance_m=11.9
2026-01-29 22:38:12,818 - INFO -   시나리오 생성 중...
2026-01-29 22:38:51,998 - INFO -   시나리오 생성 완료 (39.18초, API 호출: 38회)
2026-01-29 22:38:51,998 - INFO -   시뮬레이션 실행 중...
2026-01-29 22:38:52,693 - INFO -   시뮬레이션 완료 (0.7초)
2026-01-29 22:38:52,693 - INFO - 좌표 67.0 완료 (66/1000, 6.6%)
2026-01-29 22:38:52,693 - INFO - [68/1000] 좌표 68.0 처리 시작: (36.323393, 127.323490), snap_distance_m=112.1
2026-01-29 22:38:52,693 - INFO -   시나리오 생성 중...
2026-01-29 22:39:29,930 - INFO -   시나리오 생성 완료 (37.24초, API 호출: 36회)
2026-01-29 22:39:29,930 - INFO -   시뮬레이션 실행 중...
2026-01-29 22:39:30,619 - INFO -   시뮬레이션 완료 (0.69초)
2026-01-29 22:39:30,619 - INFO - 좌표 68.0 완료 (67/1000, 6.7%)
2026-01-29 22:39:30,619 - INFO - [69/1000] 좌표 69.0 처리 시작: (36.344951, 127.486868), snap_distance_m=59.0
2026-01-29 22:39:30,619 - INFO -   시나리오 생성 중...
2026-01-29 22:40:13,418 - INFO -   시나리오 생성 완료 (42.8초, API 호출: 37회)
2026-01-29 22:40:13,418 - INFO -   시뮬레이션 실행 중...
2026-01-29 22:40:14,131 - INFO -   시뮬레이션 완료 (0.71초)
2026-01-29 22:40:14,131 - INFO - 좌표 69.0 완료 (68/1000, 6.8%)
2026-01-29 22:40:14,132 - INFO - [70/1000] 좌표 70.0 처리 시작: (36.448715, 127.443084), snap_distance_m=64.2
2026-01-29 22:40:14,132 - INFO -   시나리오 생성 중...
2026-01-29 22:40:53,241 - INFO -   시나리오 생성 완료 (39.11초, API 호출: 38회)
2026-01-29 22:40:53,241 - INFO -   시뮬레이션 실행 중...
2026-01-29 22:40:53,971 - INFO -   시뮬레이션 완료 (0.73초)
2026-01-29 22:40:53,971 - INFO - 좌표 70.0 완료 (69/1000, 6.9%)
2026-01-29 22:40:53,971 - INFO - [71/1000] 좌표 71.0 처리 시작: (36.352048, 127.431887), snap_distance_m=9.0
2026-01-29 22:40:53,971 - INFO -   시나리오 생성 중...
2026-01-29 22:41:33,875 - INFO -   시나리오 생성 완료 (39.9초, API 호출: 38회)
2026-01-29 22:41:33,875 - INFO -   시뮬레이션 실행 중...
2026-01-29 22:41:34,715 - INFO -   시뮬레이션 완료 (0.84초)
2026-01-29 22:41:34,715 - INFO - 좌표 71.0 완료 (70/1000, 7.0%)
2026-01-29 22:41:34,715 - INFO - [72/1000] 좌표 72.0 처리 시작: (36.313905, 127.450775), snap_distance_m=61.7
2026-01-29 22:41:34,715 - INFO -   시나리오 생성 중...
2026-01-29 22:42:11,919 - INFO -   시나리오 생성 완료 (37.2초, API 호출: 36회)
2026-01-29 22:42:11,919 - INFO -   시뮬레이션 실행 중...
2026-01-29 22:42:12,626 - INFO -   시뮬레이션 완료 (0.71초)
2026-01-29 22:42:12,626 - INFO - 좌표 72.0 완료 (71/1000, 7.1%)
2026-01-29 22:42:12,626 - INFO - [73/1000] 좌표 73.0 처리 시작: (36.302396, 127.273861), snap_distance_m=234.3
2026-01-29 22:42:12,626 - INFO -   시나리오 생성 중...
2026-01-29 22:42:49,835 - INFO -   시나리오 생성 완료 (37.21초, API 호출: 36회)
2026-01-29 22:42:49,835 - INFO -   시뮬레이션 실행 중...
2026-01-29 22:42:50,557 - INFO -   시뮬레이션 완료 (0.72초)
2026-01-29 22:42:50,557 - INFO - 좌표 73.0 완료 (72/1000, 7.2%)
2026-01-29 22:42:50,558 - INFO - [74/1000] 좌표 74.0 처리 시작: (36.434956, 127.386616), snap_distance_m=4.5
2026-01-29 22:42:50,558 - INFO -   시나리오 생성 중...
2026-01-29 22:43:29,786 - INFO -   시나리오 생성 완료 (39.23초, API 호출: 37회)
2026-01-29 22:43:29,786 - INFO -   시뮬레이션 실행 중...
2026-01-29 22:43:30,478 - INFO -   시뮬레이션 완료 (0.68초)
2026-01-29 22:43:30,486 - INFO - 좌표 74.0 완료 (73/1000, 7.3%)
2026-01-29 22:43:30,487 - INFO - [75/1000] 좌표 75.0 처리 시작: (36.446541, 127.466876), snap_distance_m=237.3
2026-01-29 22:43:30,487 - INFO -   시나리오 생성 중...
2026-01-29 22:44:09,648 - INFO -   시나리오 생성 완료 (39.16초, API 호출: 38회)
2026-01-29 22:44:09,648 - INFO -   시뮬레이션 실행 중...
2026-01-29 22:44:10,336 - INFO -   시뮬레이션 완료 (0.69초)
2026-01-29 22:44:10,336 - INFO - 좌표 75.0 완료 (74/1000, 7.4%)
2026-01-29 22:44:10,336 - INFO - [76/1000] 좌표 76.0 처리 시작: (36.231819, 127.349375), snap_distance_m=117.7
2026-01-29 22:44:10,336 - INFO -   시나리오 생성 중...
2026-01-29 22:44:46,478 - INFO -   시나리오 생성 완료 (36.14초, API 호출: 35회)
2026-01-29 22:44:46,478 - INFO -   시뮬레이션 실행 중...
2026-01-29 22:44:47,178 - INFO -   시뮬레이션 완료 (0.7초)
2026-01-29 22:44:47,178 - INFO - 좌표 76.0 완료 (75/1000, 7.5%)
2026-01-29 22:44:47,178 - INFO - [77/1000] 좌표 77.0 처리 시작: (36.284149, 127.427186), snap_distance_m=241.0
2026-01-29 22:44:47,178 - INFO -   시나리오 생성 중...
2026-01-29 22:45:24,554 - INFO -   시나리오 생성 완료 (37.38초, API 호출: 36회)
2026-01-29 22:45:24,554 - INFO -   시뮬레이션 실행 중...
2026-01-29 22:45:25,314 - INFO -   시뮬레이션 완료 (0.76초)
2026-01-29 22:45:25,314 - INFO - 좌표 77.0 완료 (76/1000, 7.6%)
2026-01-29 22:45:25,315 - INFO - [78/1000] 좌표 78.0 처리 시작: (36.343467, 127.341292), snap_distance_m=62.2
2026-01-29 22:45:25,315 - INFO -   시나리오 생성 중...
2026-01-29 22:46:02,451 - INFO -   시나리오 생성 완료 (37.14초, API 호출: 36회)
2026-01-29 22:46:02,451 - INFO -   시뮬레이션 실행 중...
2026-01-29 22:46:03,173 - INFO -   시뮬레이션 완료 (0.72초)
2026-01-29 22:46:03,173 - INFO - 좌표 78.0 완료 (77/1000, 7.7%)
2026-01-29 22:46:03,174 - INFO - [79/1000] 좌표 79.0 처리 시작: (36.283504, 127.281169), snap_distance_m=48.8
2026-01-29 22:46:03,174 - INFO -   시나리오 생성 중...
2026-01-29 22:46:40,301 - INFO -   시나리오 생성 완료 (37.13초, API 호출: 36회)
2026-01-29 22:46:40,301 - INFO -   시뮬레이션 실행 중...
2026-01-29 22:46:41,001 - INFO -   시뮬레이션 완료 (0.7초)
2026-01-29 22:46:41,001 - INFO - 좌표 79.0 완료 (78/1000, 7.8%)
2026-01-29 22:46:41,001 - INFO - [80/1000] 좌표 80.0 처리 시작: (36.482444, 127.399040), snap_distance_m=62.3
2026-01-29 22:46:41,001 - INFO -   시나리오 생성 중...
2026-01-29 22:47:20,102 - INFO -   시나리오 생성 완료 (39.1초, API 호출: 38회)
2026-01-29 22:47:20,102 - INFO -   시뮬레이션 실행 중...
2026-01-29 22:47:20,812 - INFO -   시뮬레이션 완료 (0.71초)
2026-01-29 22:47:20,813 - INFO - 좌표 80.0 완료 (79/1000, 7.9%)
2026-01-29 22:47:20,813 - INFO - [81/1000] 좌표 81.0 처리 시작: (36.297257, 127.272769), snap_distance_m=14.8
2026-01-29 22:47:20,813 - INFO -   시나리오 생성 중...
2026-01-29 22:47:57,967 - INFO -   시나리오 생성 완료 (37.15초, API 호출: 36회)
2026-01-29 22:47:57,967 - INFO -   시뮬레이션 실행 중...
2026-01-29 22:47:58,671 - INFO -   시뮬레이션 완료 (0.7초)
2026-01-29 22:47:58,671 - INFO - 좌표 81.0 완료 (80/1000, 8.0%)
2026-01-29 22:47:58,671 - INFO - [82/1000] 좌표 82.0 처리 시작: (36.353437, 127.319601), snap_distance_m=40.2
2026-01-29 22:47:58,671 - INFO -   시나리오 생성 중...
2026-01-29 22:48:35,871 - INFO -   시나리오 생성 완료 (37.2초, API 호출: 36회)
2026-01-29 22:48:35,871 - INFO -   시뮬레이션 실행 중...
2026-01-29 22:48:36,596 - INFO -   시뮬레이션 완료 (0.73초)
2026-01-29 22:48:36,596 - INFO - 좌표 82.0 완료 (81/1000, 8.1%)
2026-01-29 22:48:36,596 - INFO - [83/1000] 좌표 83.0 처리 시작: (36.260087, 127.352782), snap_distance_m=218.3
2026-01-29 22:48:36,596 - INFO -   시나리오 생성 중...
2026-01-29 22:49:12,829 - INFO -   시나리오 생성 완료 (36.23초, API 호출: 35회)
2026-01-29 22:49:12,830 - INFO -   시뮬레이션 실행 중...
2026-01-29 22:49:13,658 - INFO -   시뮬레이션 완료 (0.83초)
2026-01-29 22:49:13,658 - INFO - 좌표 83.0 완료 (82/1000, 8.2%)
2026-01-29 22:49:13,658 - INFO - [84/1000] 좌표 84.0 처리 시작: (36.324523, 127.340247), snap_distance_m=80.0
2026-01-29 22:49:13,661 - INFO -   시나리오 생성 중...
2026-01-29 22:50:00,193 - INFO -   시나리오 생성 완료 (46.53초, API 호출: 37회)
2026-01-29 22:50:00,193 - INFO -   시뮬레이션 실행 중...
2026-01-29 22:50:00,892 - INFO -   시뮬레이션 완료 (0.7초)
2026-01-29 22:50:00,892 - INFO - 좌표 84.0 완료 (83/1000, 8.3%)
2026-01-29 22:50:00,892 - INFO - [85/1000] 좌표 85.0 처리 시작: (36.409775, 127.425322), snap_distance_m=112.5
2026-01-29 22:50:00,892 - INFO -   시나리오 생성 중...
2026-01-29 22:50:40,046 - INFO -   시나리오 생성 완료 (39.15초, API 호출: 38회)
2026-01-29 22:50:40,046 - INFO -   시뮬레이션 실행 중...
2026-01-29 22:50:40,741 - INFO -   시뮬레이션 완료 (0.69초)
2026-01-29 22:50:40,742 - INFO - 좌표 85.0 완료 (84/1000, 8.4%)
2026-01-29 22:50:40,742 - INFO - [86/1000] 좌표 86.0 처리 시작: (36.207273, 127.434386), snap_distance_m=190.5
2026-01-29 22:50:40,742 - INFO -   시나리오 생성 중...
2026-01-29 22:51:23,314 - INFO -   시나리오 생성 완료 (42.57초, API 호출: 37회)
2026-01-29 22:51:23,314 - INFO -   시뮬레이션 실행 중...
2026-01-29 22:51:23,999 - INFO -   시뮬레이션 완료 (0.68초)
2026-01-29 22:51:23,999 - INFO - 좌표 86.0 완료 (85/1000, 8.5%)
2026-01-29 22:51:23,999 - INFO - [87/1000] 좌표 87.0 처리 시작: (36.326168, 127.387624), snap_distance_m=104.8
2026-01-29 22:51:23,999 - INFO -   시나리오 생성 중...
2026-01-29 22:52:01,110 - INFO -   시나리오 생성 완료 (37.11초, API 호출: 36회)
2026-01-29 22:52:01,110 - INFO -   시뮬레이션 실행 중...
2026-01-29 22:52:01,798 - INFO -   시뮬레이션 완료 (0.69초)
2026-01-29 22:52:01,798 - INFO - 좌표 87.0 완료 (86/1000, 8.6%)
2026-01-29 22:52:01,798 - INFO - [88/1000] 좌표 88.0 처리 시작: (36.451667, 127.394295), snap_distance_m=89.2
2026-01-29 22:52:01,798 - INFO -   시나리오 생성 중...
2026-01-29 22:52:39,949 - INFO -   시나리오 생성 완료 (38.15초, API 호출: 37회)
2026-01-29 22:52:39,949 - INFO -   시뮬레이션 실행 중...
2026-01-29 22:52:40,618 - INFO -   시뮬레이션 완료 (0.67초)
2026-01-29 22:52:40,618 - INFO - 좌표 88.0 완료 (87/1000, 8.7%)
2026-01-29 22:52:40,618 - INFO - [89/1000] 좌표 89.0 처리 시작: (36.217121, 127.340797), snap_distance_m=100.8
2026-01-29 22:52:40,618 - INFO -   시나리오 생성 중...
2026-01-29 22:53:16,749 - INFO -   시나리오 생성 완료 (36.13초, API 호출: 35회)
2026-01-29 22:53:16,749 - INFO -   시뮬레이션 실행 중...
2026-01-29 22:53:17,453 - INFO -   시뮬레이션 완료 (0.7초)
2026-01-29 22:53:17,453 - INFO - 좌표 89.0 완료 (88/1000, 8.8%)
2026-01-29 22:53:17,453 - INFO - [90/1000] 좌표 90.0 처리 시작: (36.269457, 127.478129), snap_distance_m=5.4
2026-01-29 22:53:17,453 - INFO -   시나리오 생성 중...
2026-01-29 22:53:54,565 - INFO -   시나리오 생성 완료 (37.11초, API 호출: 36회)
2026-01-29 22:53:54,565 - INFO -   시뮬레이션 실행 중...
2026-01-29 22:53:55,239 - INFO -   시뮬레이션 완료 (0.67초)
2026-01-29 22:53:55,239 - INFO - 좌표 90.0 완료 (89/1000, 8.9%)
2026-01-29 22:53:55,239 - INFO - [91/1000] 좌표 91.0 처리 시작: (36.463672, 127.467558), snap_distance_m=94.2
2026-01-29 22:53:55,239 - INFO -   시나리오 생성 중...
2026-01-29 22:54:35,397 - INFO -   시나리오 생성 완료 (40.16초, API 호출: 39회)
2026-01-29 22:54:35,397 - INFO -   시뮬레이션 실행 중...
2026-01-29 22:54:36,105 - INFO -   시뮬레이션 완료 (0.71초)
2026-01-29 22:54:36,105 - INFO - 좌표 91.0 완료 (90/1000, 9.0%)
2026-01-29 22:54:36,105 - INFO - [92/1000] 좌표 92.0 처리 시작: (36.362810, 127.406373), snap_distance_m=120.5
2026-01-29 22:54:36,105 - INFO -   시나리오 생성 중...
2026-01-29 22:55:15,210 - INFO -   시나리오 생성 완료 (39.1초, API 호출: 38회)
2026-01-29 22:55:15,210 - INFO -   시뮬레이션 실행 중...
2026-01-29 22:55:15,897 - INFO -   시뮬레이션 완료 (0.69초)
2026-01-29 22:55:15,897 - INFO - 좌표 92.0 완료 (91/1000, 9.1%)
2026-01-29 22:55:15,897 - INFO - [93/1000] 좌표 93.0 처리 시작: (36.360576, 127.321498), snap_distance_m=55.0
2026-01-29 22:55:15,897 - INFO -   시나리오 생성 중...
2026-01-29 22:55:54,015 - INFO -   시나리오 생성 완료 (38.12초, API 호출: 37회)
2026-01-29 22:55:54,015 - INFO -   시뮬레이션 실행 중...
2026-01-29 22:55:54,693 - INFO -   시뮬레이션 완료 (0.68초)
2026-01-29 22:55:54,693 - INFO - 좌표 93.0 완료 (92/1000, 9.2%)
2026-01-29 22:55:54,693 - INFO - [94/1000] 좌표 94.0 처리 시작: (36.292302, 127.301450), snap_distance_m=40.4
2026-01-29 22:55:54,693 - INFO -   시나리오 생성 중...
2026-01-29 22:56:31,822 - INFO -   시나리오 생성 완료 (37.13초, API 호출: 36회)
2026-01-29 22:56:31,822 - INFO -   시뮬레이션 실행 중...
2026-01-29 22:56:32,507 - INFO -   시뮬레이션 완료 (0.69초)
2026-01-29 22:56:32,507 - INFO - 좌표 94.0 완료 (93/1000, 9.3%)
2026-01-29 22:56:32,507 - INFO - [95/1000] 좌표 95.0 처리 시작: (36.354929, 127.315589), snap_distance_m=63.5
2026-01-29 22:56:32,507 - INFO -   시나리오 생성 중...
2026-01-29 22:57:10,688 - INFO -   시나리오 생성 완료 (38.18초, API 호출: 37회)
2026-01-29 22:57:10,688 - INFO -   시뮬레이션 실행 중...
2026-01-29 22:57:11,376 - INFO -   시뮬레이션 완료 (0.69초)
2026-01-29 22:57:11,376 - INFO - 좌표 95.0 완료 (94/1000, 9.4%)
2026-01-29 22:57:11,376 - INFO - [96/1000] 좌표 96.0 처리 시작: (36.392377, 127.499547), snap_distance_m=0.0
2026-01-29 22:57:11,376 - INFO -   시나리오 생성 중...
2026-01-29 22:57:50,512 - INFO -   시나리오 생성 완료 (39.13초, API 호출: 38회)
2026-01-29 22:57:50,512 - INFO -   시뮬레이션 실행 중...
2026-01-29 22:57:51,213 - INFO -   시뮬레이션 완료 (0.7초)
2026-01-29 22:57:51,213 - INFO - 좌표 96.0 완료 (95/1000, 9.5%)
2026-01-29 22:57:51,213 - INFO - [97/1000] 좌표 97.0 처리 시작: (36.233064, 127.330563), snap_distance_m=143.8
2026-01-29 22:57:51,213 - INFO -   시나리오 생성 중...
2026-01-29 22:57:53,908 - ERROR - 좌표 97.0 실패 [기타 오류]: API error limit exceeded (3). Last error: 예외 발생: API error limit exceeded (3). Last error: HTTP 400 Bad Request - 좌표 형식 오류 가능성
2026-01-29 22:57:53,908 - INFO - [98/1000] 좌표 98.0 처리 시작: (36.440562, 127.489396), snap_distance_m=104.5
2026-01-29 22:57:53,908 - INFO -   시나리오 생성 중...
2026-01-29 22:58:33,374 - INFO -   시나리오 생성 완료 (39.47초, API 호출: 38회)
2026-01-29 22:58:33,374 - INFO -   시뮬레이션 실행 중...
2026-01-29 22:58:34,067 - INFO -   시뮬레이션 완료 (0.69초)
2026-01-29 22:58:34,067 - INFO - 좌표 98.0 완료 (96/1000, 9.6%)
2026-01-29 22:58:34,067 - INFO - [99/1000] 좌표 99.0 처리 시작: (36.421314, 127.381732), snap_distance_m=15.1
2026-01-29 22:58:34,067 - INFO -   시나리오 생성 중...
2026-01-29 22:59:12,257 - INFO -   시나리오 생성 완료 (38.19초, API 호출: 37회)
2026-01-29 22:59:12,257 - INFO -   시뮬레이션 실행 중...
2026-01-29 22:59:12,959 - INFO -   시뮬레이션 완료 (0.7초)
2026-01-29 22:59:12,959 - INFO - 좌표 99.0 완료 (97/1000, 9.7%)
2026-01-29 22:59:12,959 - INFO - [100/1000] 좌표 100.0 처리 시작: (36.353865, 127.432636), snap_distance_m=20.1
2026-01-29 22:59:12,959 - INFO -   시나리오 생성 중...
2026-01-29 22:59:55,803 - INFO -   시나리오 생성 완료 (42.84초, API 호출: 38회)
2026-01-29 22:59:55,803 - INFO -   시뮬레이션 실행 중...
2026-01-29 22:59:56,508 - INFO -   시뮬레이션 완료 (0.71초)
2026-01-29 22:59:56,508 - INFO - 좌표 100.0 완료 (98/1000, 9.8%)
2026-01-29 22:59:56,508 - INFO - [101/1000] 좌표 101.0 처리 시작: (36.391353, 127.521869), snap_distance_m=60.0
2026-01-29 22:59:56,508 - INFO -   시나리오 생성 중...
2026-01-29 23:00:36,701 - INFO -   시나리오 생성 완료 (40.19초, API 호출: 39회)
2026-01-29 23:00:36,701 - INFO -   시뮬레이션 실행 중...
2026-01-29 23:00:37,384 - INFO -   시뮬레이션 완료 (0.68초)
2026-01-29 23:00:37,384 - INFO - 좌표 101.0 완료 (99/1000, 9.9%)
2026-01-29 23:00:37,384 - INFO - [102/1000] 좌표 102.0 처리 시작: (36.425935, 127.375164), snap_distance_m=69.8
2026-01-29 23:00:37,384 - INFO -   시나리오 생성 중...
2026-01-29 23:01:15,501 - INFO -   시나리오 생성 완료 (38.12초, API 호출: 37회)
2026-01-29 23:01:15,501 - INFO -   시뮬레이션 실행 중...
2026-01-29 23:01:16,195 - INFO -   시뮬레이션 완료 (0.69초)
2026-01-29 23:01:16,195 - INFO - 좌표 102.0 완료 (100/1000, 10.0%)
2026-01-29 23:01:16,195 - INFO - [103/1000] 좌표 103.0 처리 시작: (36.273979, 127.472710), snap_distance_m=8.9
2026-01-29 23:01:16,195 - INFO -   시나리오 생성 중...
2026-01-29 23:01:52,301 - INFO -   시나리오 생성 완료 (36.11초, API 호출: 35회)
2026-01-29 23:01:52,301 - INFO -   시뮬레이션 실행 중...
2026-01-29 23:01:52,997 - INFO -   시뮬레이션 완료 (0.7초)
2026-01-29 23:01:52,997 - INFO - 좌표 103.0 완료 (101/1000, 10.1%)
2026-01-29 23:01:52,997 - INFO - [104/1000] 좌표 104.0 처리 시작: (36.443661, 127.452372), snap_distance_m=179.5
2026-01-29 23:01:52,997 - INFO -   시나리오 생성 중...
2026-01-29 23:02:32,146 - INFO -   시나리오 생성 완료 (39.15초, API 호출: 38회)
2026-01-29 23:02:32,146 - INFO -   시뮬레이션 실행 중...
2026-01-29 23:02:32,824 - INFO -   시뮬레이션 완료 (0.68초)
2026-01-29 23:02:32,825 - INFO - 좌표 104.0 완료 (102/1000, 10.2%)
2026-01-29 23:02:32,825 - INFO - [105/1000] 좌표 105.0 처리 시작: (36.319645, 127.431510), snap_distance_m=8.0
2026-01-29 23:02:32,825 - INFO -   시나리오 생성 중...
2026-01-29 23:03:08,958 - INFO -   시나리오 생성 완료 (36.13초, API 호출: 35회)
2026-01-29 23:03:08,958 - INFO -   시뮬레이션 실행 중...
2026-01-29 23:03:09,654 - INFO -   시뮬레이션 완료 (0.7초)
2026-01-29 23:03:09,654 - INFO - 좌표 105.0 완료 (103/1000, 10.3%)
2026-01-29 23:03:09,655 - INFO - [106/1000] 좌표 106.0 처리 시작: (36.370804, 127.389383), snap_distance_m=82.8
2026-01-29 23:03:09,655 - INFO -   시나리오 생성 중...
2026-01-29 23:03:48,948 - INFO -   시나리오 생성 완료 (39.29초, API 호출: 38회)
2026-01-29 23:03:48,948 - INFO -   시뮬레이션 실행 중...
2026-01-29 23:03:49,633 - INFO -   시뮬레이션 완료 (0.69초)
2026-01-29 23:03:49,633 - INFO - 좌표 106.0 완료 (104/1000, 10.4%)
2026-01-29 23:03:49,633 - INFO - [107/1000] 좌표 107.0 처리 시작: (36.373833, 127.341293), snap_distance_m=87.4
2026-01-29 23:03:49,633 - INFO -   시나리오 생성 중...
2026-01-29 23:04:28,745 - INFO -   시나리오 생성 완료 (39.11초, API 호출: 38회)
2026-01-29 23:04:28,745 - INFO -   시뮬레이션 실행 중...
2026-01-29 23:04:29,427 - INFO -   시뮬레이션 완료 (0.68초)
2026-01-29 23:04:29,427 - INFO - 좌표 107.0 완료 (105/1000, 10.5%)
2026-01-29 23:04:29,427 - INFO - [108/1000] 좌표 108.0 처리 시작: (36.399046, 127.530498), snap_distance_m=107.7
2026-01-29 23:04:29,427 - INFO -   시나리오 생성 중...
2026-01-29 23:05:09,619 - INFO -   시나리오 생성 완료 (40.19초, API 호출: 39회)
2026-01-29 23:05:09,619 - INFO -   시뮬레이션 실행 중...
2026-01-29 23:05:10,291 - INFO -   시뮬레이션 완료 (0.67초)
2026-01-29 23:05:10,291 - INFO - 좌표 108.0 완료 (106/1000, 10.6%)
2026-01-29 23:05:10,291 - INFO - [109/1000] 좌표 109.0 처리 시작: (36.282635, 127.308062), snap_distance_m=136.6
2026-01-29 23:05:10,293 - INFO -   시나리오 생성 중...
2026-01-29 23:05:47,870 - INFO -   시나리오 생성 완료 (37.58초, API 호출: 36회)
2026-01-29 23:05:47,870 - INFO -   시뮬레이션 실행 중...
2026-01-29 23:05:48,541 - INFO -   시뮬레이션 완료 (0.67초)
2026-01-29 23:05:48,557 - INFO - 좌표 109.0 완료 (107/1000, 10.7%)
2026-01-29 23:05:48,557 - INFO - [110/1000] 좌표 110.0 처리 시작: (36.356194, 127.443652), snap_distance_m=30.6
2026-01-29 23:05:48,557 - INFO -   시나리오 생성 중...
2026-01-29 23:06:27,732 - INFO -   시나리오 생성 완료 (39.17초, API 호출: 38회)
2026-01-29 23:06:27,732 - INFO -   시뮬레이션 실행 중...
2026-01-29 23:06:28,419 - INFO -   시뮬레이션 완료 (0.69초)
2026-01-29 23:06:28,419 - INFO - 좌표 110.0 완료 (108/1000, 10.8%)
2026-01-29 23:06:28,419 - INFO - [111/1000] 좌표 111.0 처리 시작: (36.438387, 127.453079), snap_distance_m=225.2
2026-01-29 23:06:28,419 - INFO -   시나리오 생성 중...
2026-01-29 23:07:07,578 - INFO -   시나리오 생성 완료 (39.16초, API 호출: 38회)
2026-01-29 23:07:07,579 - INFO -   시뮬레이션 실행 중...
2026-01-29 23:07:08,261 - INFO -   시뮬레이션 완료 (0.68초)
2026-01-29 23:07:08,261 - INFO - 좌표 111.0 완료 (109/1000, 10.9%)
2026-01-29 23:07:08,261 - INFO - [112/1000] 좌표 112.0 처리 시작: (36.267250, 127.446529), snap_distance_m=228.5
2026-01-29 23:07:08,261 - INFO -   시나리오 생성 중...
2026-01-29 23:07:45,595 - INFO -   시나리오 생성 완료 (37.33초, API 호출: 36회)
2026-01-29 23:07:45,595 - INFO -   시뮬레이션 실행 중...
2026-01-29 23:07:46,276 - INFO -   시뮬레이션 완료 (0.68초)
2026-01-29 23:07:46,278 - INFO - 좌표 112.0 완료 (110/1000, 11.0%)
2026-01-29 23:07:46,278 - INFO - [113/1000] 좌표 113.0 처리 시작: (36.417586, 127.294150), snap_distance_m=26.5
2026-01-29 23:07:46,278 - INFO -   시나리오 생성 중...
2026-01-29 23:08:24,405 - INFO -   시나리오 생성 완료 (38.13초, API 호출: 37회)
2026-01-29 23:08:24,405 - INFO -   시뮬레이션 실행 중...
2026-01-29 23:08:25,084 - INFO -   시뮬레이션 완료 (0.68초)
2026-01-29 23:08:25,084 - INFO - 좌표 113.0 완료 (111/1000, 11.1%)
2026-01-29 23:08:25,084 - INFO - [114/1000] 좌표 114.0 처리 시작: (36.240083, 127.349646), snap_distance_m=143.9
2026-01-29 23:08:25,084 - INFO -   시나리오 생성 중...
2026-01-29 23:09:01,188 - INFO -   시나리오 생성 완료 (36.1초, API 호출: 35회)
2026-01-29 23:09:01,188 - INFO -   시뮬레이션 실행 중...
2026-01-29 23:09:01,865 - INFO -   시뮬레이션 완료 (0.68초)
2026-01-29 23:09:01,865 - INFO - 좌표 114.0 완료 (112/1000, 11.2%)
2026-01-29 23:09:01,865 - INFO - [115/1000] 좌표 115.0 처리 시작: (36.301456, 127.268136), snap_distance_m=217.2
2026-01-29 23:09:01,865 - INFO -   시나리오 생성 중...
2026-01-29 23:09:39,053 - INFO -   시나리오 생성 완료 (37.19초, API 호출: 36회)
2026-01-29 23:09:39,053 - INFO -   시뮬레이션 실행 중...
2026-01-29 23:09:39,746 - INFO -   시뮬레이션 완료 (0.69초)
2026-01-29 23:09:39,746 - INFO - 좌표 115.0 완료 (113/1000, 11.3%)
2026-01-29 23:09:39,746 - INFO - [116/1000] 좌표 116.0 처리 시작: (36.392643, 127.476679), snap_distance_m=153.0
2026-01-29 23:09:39,746 - INFO -   시나리오 생성 중...
2026-01-29 23:10:18,887 - INFO -   시나리오 생성 완료 (39.14초, API 호출: 38회)
2026-01-29 23:10:18,887 - INFO -   시뮬레이션 실행 중...
2026-01-29 23:10:19,619 - INFO -   시뮬레이션 완료 (0.73초)
2026-01-29 23:10:19,619 - INFO - 좌표 116.0 완료 (114/1000, 11.4%)
2026-01-29 23:10:19,619 - INFO - [117/1000] 좌표 117.0 처리 시작: (36.423572, 127.303009), snap_distance_m=1.0
2026-01-29 23:10:19,619 - INFO -   시나리오 생성 중...
2026-01-29 23:10:57,724 - INFO -   시나리오 생성 완료 (38.1초, API 호출: 37회)
2026-01-29 23:10:57,724 - INFO -   시뮬레이션 실행 중...
2026-01-29 23:10:58,394 - INFO -   시뮬레이션 완료 (0.67초)
2026-01-29 23:10:58,394 - INFO - 좌표 117.0 완료 (115/1000, 11.5%)
2026-01-29 23:10:58,394 - INFO - [118/1000] 좌표 118.0 처리 시작: (36.438968, 127.464358), snap_distance_m=86.1
2026-01-29 23:10:58,394 - INFO -   시나리오 생성 중...
2026-01-29 23:11:37,546 - INFO -   시나리오 생성 완료 (39.15초, API 호출: 38회)
2026-01-29 23:11:37,546 - INFO -   시뮬레이션 실행 중...
2026-01-29 23:11:38,229 - INFO -   시뮬레이션 완료 (0.68초)
2026-01-29 23:11:38,229 - INFO - 좌표 118.0 완료 (116/1000, 11.6%)
2026-01-29 23:11:38,229 - INFO - [119/1000] 좌표 119.0 처리 시작: (36.329712, 127.304332), snap_distance_m=23.7
2026-01-29 23:11:38,229 - INFO -   시나리오 생성 중...
2026-01-29 23:12:15,346 - INFO -   시나리오 생성 완료 (37.12초, API 호출: 36회)
2026-01-29 23:12:15,346 - INFO -   시뮬레이션 실행 중...
2026-01-29 23:12:16,038 - INFO -   시뮬레이션 완료 (0.69초)
2026-01-29 23:12:16,038 - INFO - 좌표 119.0 완료 (117/1000, 11.7%)
2026-01-29 23:12:16,038 - INFO - [120/1000] 좌표 120.0 처리 시작: (36.225116, 127.299396), snap_distance_m=53.6
2026-01-29 23:12:16,038 - INFO -   시나리오 생성 중...
2026-01-29 23:12:52,162 - INFO -   시나리오 생성 완료 (36.12초, API 호출: 35회)
2026-01-29 23:12:52,162 - INFO -   시뮬레이션 실행 중...
2026-01-29 23:12:52,838 - INFO -   시뮬레이션 완료 (0.68초)
2026-01-29 23:12:52,838 - INFO - 좌표 120.0 완료 (118/1000, 11.8%)
2026-01-29 23:12:52,838 - INFO - [121/1000] 좌표 121.0 처리 시작: (36.451747, 127.394499), snap_distance_m=167.3
2026-01-29 23:12:52,838 - INFO -   시나리오 생성 중...
2026-01-29 23:13:30,965 - INFO -   시나리오 생성 완료 (38.13초, API 호출: 37회)
2026-01-29 23:13:30,965 - INFO -   시뮬레이션 실행 중...
2026-01-29 23:13:31,655 - INFO -   시뮬레이션 완료 (0.69초)
2026-01-29 23:13:31,655 - INFO - 좌표 121.0 완료 (119/1000, 11.9%)
2026-01-29 23:13:31,655 - INFO - [122/1000] 좌표 122.0 처리 시작: (36.430867, 127.384099), snap_distance_m=2.9
2026-01-29 23:13:31,655 - INFO -   시나리오 생성 중...
2026-01-29 23:14:09,807 - INFO -   시나리오 생성 완료 (38.15초, API 호출: 37회)
2026-01-29 23:14:09,807 - INFO -   시뮬레이션 실행 중...
2026-01-29 23:14:10,491 - INFO -   시뮬레이션 완료 (0.68초)
2026-01-29 23:14:10,491 - INFO - 좌표 122.0 완료 (120/1000, 12.0%)
2026-01-29 23:14:10,491 - INFO - [123/1000] 좌표 123.0 처리 시작: (36.278051, 127.405621), snap_distance_m=53.4
2026-01-29 23:14:10,491 - INFO -   시나리오 생성 중...
2026-01-29 23:14:47,646 - INFO -   시나리오 생성 완료 (37.15초, API 호출: 36회)
2026-01-29 23:14:47,647 - INFO -   시뮬레이션 실행 중...
2026-01-29 23:14:48,364 - INFO -   시뮬레이션 완료 (0.72초)
2026-01-29 23:14:48,364 - INFO - 좌표 123.0 완료 (121/1000, 12.1%)
2026-01-29 23:14:48,364 - INFO - [124/1000] 좌표 124.0 처리 시작: (36.446171, 127.368005), snap_distance_m=44.8
2026-01-29 23:14:48,364 - INFO -   시나리오 생성 중...
2026-01-29 23:15:26,468 - INFO -   시나리오 생성 완료 (38.1초, API 호출: 37회)
2026-01-29 23:15:26,468 - INFO -   시뮬레이션 실행 중...
2026-01-29 23:15:27,193 - INFO -   시뮬레이션 완료 (0.72초)
2026-01-29 23:15:27,193 - INFO - 좌표 124.0 완료 (122/1000, 12.2%)
2026-01-29 23:15:27,193 - INFO - [125/1000] 좌표 125.0 처리 시작: (36.328964, 127.452702), snap_distance_m=37.5
2026-01-29 23:15:27,193 - INFO -   시나리오 생성 중...
2026-01-29 23:16:04,325 - INFO -   시나리오 생성 완료 (37.13초, API 호출: 36회)
2026-01-29 23:16:04,341 - INFO -   시뮬레이션 실행 중...
2026-01-29 23:16:05,030 - INFO -   시뮬레이션 완료 (0.69초)
2026-01-29 23:16:05,030 - INFO - 좌표 125.0 완료 (123/1000, 12.3%)
2026-01-29 23:16:05,030 - INFO - [126/1000] 좌표 126.0 처리 시작: (36.409612, 127.497762), snap_distance_m=15.1
2026-01-29 23:16:05,030 - INFO -   시나리오 생성 중...
2026-01-29 23:16:44,191 - INFO -   시나리오 생성 완료 (39.16초, API 호출: 38회)
2026-01-29 23:16:44,191 - INFO -   시뮬레이션 실행 중...
2026-01-29 23:16:44,856 - INFO -   시뮬레이션 완료 (0.67초)
2026-01-29 23:16:44,856 - INFO - 좌표 126.0 완료 (124/1000, 12.4%)
2026-01-29 23:16:44,856 - INFO - [127/1000] 좌표 127.0 처리 시작: (36.403642, 127.297598), snap_distance_m=51.2
2026-01-29 23:16:44,856 - INFO -   시나리오 생성 중...
2026-01-29 23:17:22,966 - INFO -   시나리오 생성 완료 (38.11초, API 호출: 37회)
2026-01-29 23:17:22,966 - INFO -   시뮬레이션 실행 중...
2026-01-29 23:17:23,643 - INFO -   시뮬레이션 완료 (0.68초)
2026-01-29 23:17:23,643 - INFO - 좌표 127.0 완료 (125/1000, 12.5%)
2026-01-29 23:17:23,643 - INFO - [128/1000] 좌표 128.0 처리 시작: (36.321869, 127.479310), snap_distance_m=130.2
2026-01-29 23:17:23,643 - INFO -   시나리오 생성 중...
2026-01-29 23:18:00,789 - INFO -   시나리오 생성 완료 (37.15초, API 호출: 36회)
2026-01-29 23:18:00,789 - INFO -   시뮬레이션 실행 중...
2026-01-29 23:18:01,465 - INFO -   시뮬레이션 완료 (0.66초)
2026-01-29 23:18:01,465 - INFO - 좌표 128.0 완료 (126/1000, 12.6%)
2026-01-29 23:18:01,465 - INFO - [129/1000] 좌표 129.0 처리 시작: (36.219389, 127.436059), snap_distance_m=34.2
2026-01-29 23:18:01,465 - INFO -   시나리오 생성 중...
2026-01-29 23:18:38,608 - INFO -   시나리오 생성 완료 (37.14초, API 호출: 36회)
2026-01-29 23:18:38,608 - INFO -   시뮬레이션 실행 중...
2026-01-29 23:18:39,300 - INFO -   시뮬레이션 완료 (0.69초)
2026-01-29 23:18:39,300 - INFO - 좌표 129.0 완료 (127/1000, 12.7%)
2026-01-29 23:18:39,300 - INFO - [130/1000] 좌표 130.0 처리 시작: (36.428132, 127.430484), snap_distance_m=71.3
2026-01-29 23:18:39,300 - INFO -   시나리오 생성 중...
2026-01-29 23:19:19,445 - INFO -   시나리오 생성 완료 (40.14초, API 호출: 39회)
2026-01-29 23:19:19,445 - INFO -   시뮬레이션 실행 중...
2026-01-29 23:19:20,116 - INFO -   시뮬레이션 완료 (0.67초)
2026-01-29 23:19:20,116 - INFO - 좌표 130.0 완료 (128/1000, 12.8%)
2026-01-29 23:19:20,116 - INFO - [131/1000] 좌표 131.0 처리 시작: (36.420408, 127.346397), snap_distance_m=231.5
2026-01-29 23:19:20,116 - INFO -   시나리오 생성 중...
2026-01-29 23:19:58,282 - INFO -   시나리오 생성 완료 (38.17초, API 호출: 37회)
2026-01-29 23:19:58,282 - INFO -   시뮬레이션 실행 중...
2026-01-29 23:19:58,966 - INFO -   시뮬레이션 완료 (0.68초)
2026-01-29 23:19:58,966 - INFO - 좌표 131.0 완료 (129/1000, 12.9%)
2026-01-29 23:19:58,966 - INFO - [132/1000] 좌표 132.0 처리 시작: (36.246042, 127.314574), snap_distance_m=6.3
2026-01-29 23:19:58,966 - INFO -   시나리오 생성 중...
2026-01-29 23:20:35,109 - INFO -   시나리오 생성 완료 (36.14초, API 호출: 35회)
2026-01-29 23:20:35,124 - INFO -   시뮬레이션 실행 중...
2026-01-29 23:20:35,791 - INFO -   시뮬레이션 완료 (0.67초)
2026-01-29 23:20:35,791 - INFO - 좌표 132.0 완료 (130/1000, 13.0%)
2026-01-29 23:20:35,791 - INFO - [133/1000] 좌표 133.0 처리 시작: (36.273229, 127.474121), snap_distance_m=107.8
2026-01-29 23:20:35,791 - INFO -   시나리오 생성 중...
2026-01-29 23:21:12,961 - INFO -   시나리오 생성 완료 (37.17초, API 호출: 36회)
2026-01-29 23:21:12,961 - INFO -   시뮬레이션 실행 중...
2026-01-29 23:21:13,637 - INFO -   시뮬레이션 완료 (0.68초)
2026-01-29 23:21:13,637 - INFO - 좌표 133.0 완료 (131/1000, 13.1%)
2026-01-29 23:21:13,637 - INFO - [134/1000] 좌표 134.0 처리 시작: (36.303412, 127.269771), snap_distance_m=83.2
2026-01-29 23:21:13,637 - INFO -   시나리오 생성 중...
2026-01-29 23:21:50,775 - INFO -   시나리오 생성 완료 (37.14초, API 호출: 36회)
2026-01-29 23:21:50,775 - INFO -   시뮬레이션 실행 중...
2026-01-29 23:21:51,453 - INFO -   시뮬레이션 완료 (0.68초)
2026-01-29 23:21:51,453 - INFO - 좌표 134.0 완료 (132/1000, 13.2%)
2026-01-29 23:21:51,453 - INFO - [135/1000] 좌표 135.0 처리 시작: (36.256936, 127.344562), snap_distance_m=31.2
2026-01-29 23:21:51,453 - INFO -   시나리오 생성 중...
2026-01-29 23:22:27,581 - INFO -   시나리오 생성 완료 (36.13초, API 호출: 35회)
2026-01-29 23:22:27,581 - INFO -   시뮬레이션 실행 중...
2026-01-29 23:22:28,250 - INFO -   시뮬레이션 완료 (0.67초)
2026-01-29 23:22:28,250 - INFO - 좌표 135.0 완료 (133/1000, 13.3%)
2026-01-29 23:22:28,250 - INFO - [136/1000] 좌표 136.0 처리 시작: (36.449335, 127.379895), snap_distance_m=163.6
2026-01-29 23:22:28,250 - INFO -   시나리오 생성 중...
2026-01-29 23:23:06,388 - INFO -   시나리오 생성 완료 (38.14초, API 호출: 37회)
2026-01-29 23:23:06,389 - INFO -   시뮬레이션 실행 중...
2026-01-29 23:23:07,076 - INFO -   시뮬레이션 완료 (0.69초)
2026-01-29 23:23:07,077 - INFO - 좌표 136.0 완료 (134/1000, 13.4%)
2026-01-29 23:23:07,077 - INFO - [137/1000] 좌표 137.0 처리 시작: (36.481494, 127.392488), snap_distance_m=158.7
2026-01-29 23:23:07,077 - INFO -   시나리오 생성 중...
2026-01-29 23:23:46,232 - INFO -   시나리오 생성 완료 (39.15초, API 호출: 38회)
2026-01-29 23:23:46,232 - INFO -   시뮬레이션 실행 중...
2026-01-29 23:23:46,899 - INFO -   시뮬레이션 완료 (0.67초)
2026-01-29 23:23:46,899 - INFO - 좌표 137.0 완료 (135/1000, 13.5%)
2026-01-29 23:23:46,899 - INFO - [138/1000] 좌표 138.0 처리 시작: (36.261961, 127.340539), snap_distance_m=14.8
2026-01-29 23:23:46,899 - INFO -   시나리오 생성 중...
2026-01-29 23:24:23,020 - INFO -   시나리오 생성 완료 (36.12초, API 호출: 35회)
2026-01-29 23:24:23,020 - INFO -   시뮬레이션 실행 중...
2026-01-29 23:24:23,695 - INFO -   시뮬레이션 완료 (0.68초)
2026-01-29 23:24:23,695 - INFO - 좌표 138.0 완료 (136/1000, 13.6%)
2026-01-29 23:24:23,695 - INFO - [139/1000] 좌표 139.0 처리 시작: (36.401397, 127.437886), snap_distance_m=68.8
2026-01-29 23:24:23,695 - INFO -   시나리오 생성 중...
2026-01-29 23:25:01,855 - INFO -   시나리오 생성 완료 (38.16초, API 호출: 37회)
2026-01-29 23:25:01,855 - INFO -   시뮬레이션 실행 중...
2026-01-29 23:25:02,526 - INFO -   시뮬레이션 완료 (0.67초)
2026-01-29 23:25:02,526 - INFO - 좌표 139.0 완료 (137/1000, 13.7%)
2026-01-29 23:25:02,526 - INFO - [140/1000] 좌표 140.0 처리 시작: (36.379011, 127.480154), snap_distance_m=229.8
2026-01-29 23:25:02,526 - INFO -   시나리오 생성 중...
2026-01-29 23:25:41,637 - INFO -   시나리오 생성 완료 (39.11초, API 호출: 38회)
2026-01-29 23:25:41,637 - INFO -   시뮬레이션 실행 중...
2026-01-29 23:25:42,308 - INFO -   시뮬레이션 완료 (0.67초)
2026-01-29 23:25:42,308 - INFO - 좌표 140.0 완료 (138/1000, 13.8%)
2026-01-29 23:25:42,308 - INFO - [141/1000] 좌표 141.0 처리 시작: (36.402593, 127.529225), snap_distance_m=147.4
2026-01-29 23:25:42,308 - INFO -   시나리오 생성 중...
2026-01-29 23:26:22,463 - INFO -   시나리오 생성 완료 (40.15초, API 호출: 39회)
2026-01-29 23:26:22,463 - INFO -   시뮬레이션 실행 중...
2026-01-29 23:26:23,126 - INFO -   시뮬레이션 완료 (0.66초)
2026-01-29 23:26:23,126 - INFO - 좌표 141.0 완료 (139/1000, 13.9%)
2026-01-29 23:26:23,126 - INFO - [142/1000] 좌표 142.0 처리 시작: (36.450963, 127.392562), snap_distance_m=224.5
2026-01-29 23:26:23,126 - INFO -   시나리오 생성 중...
2026-01-29 23:27:01,237 - INFO -   시나리오 생성 완료 (38.11초, API 호출: 37회)
2026-01-29 23:27:01,237 - INFO -   시뮬레이션 실행 중...
2026-01-29 23:27:01,912 - INFO -   시뮬레이션 완료 (0.67초)
2026-01-29 23:27:01,912 - INFO - 좌표 142.0 완료 (140/1000, 14.0%)
2026-01-29 23:27:01,912 - INFO - [143/1000] 좌표 143.0 처리 시작: (36.418749, 127.389523), snap_distance_m=28.7
2026-01-29 23:27:01,912 - INFO -   시나리오 생성 중...
2026-01-29 23:27:40,039 - INFO -   시나리오 생성 완료 (38.13초, API 호출: 37회)
2026-01-29 23:27:40,039 - INFO -   시뮬레이션 실행 중...
2026-01-29 23:27:40,711 - INFO -   시뮬레이션 완료 (0.67초)
2026-01-29 23:27:40,711 - INFO - 좌표 143.0 완료 (141/1000, 14.1%)
2026-01-29 23:27:40,711 - INFO - [144/1000] 좌표 144.0 처리 시작: (36.367844, 127.447143), snap_distance_m=10.0
2026-01-29 23:27:40,711 - INFO -   시나리오 생성 중...
2026-01-29 23:28:20,846 - INFO -   시나리오 생성 완료 (40.14초, API 호출: 39회)
2026-01-29 23:28:20,846 - INFO -   시뮬레이션 실행 중...
2026-01-29 23:28:21,521 - INFO -   시뮬레이션 완료 (0.67초)
2026-01-29 23:28:21,521 - INFO - 좌표 144.0 완료 (142/1000, 14.2%)
2026-01-29 23:28:21,521 - INFO - [145/1000] 좌표 145.0 처리 시작: (36.487696, 127.377718), snap_distance_m=73.0
2026-01-29 23:28:21,521 - INFO -   시나리오 생성 중...
2026-01-29 23:28:59,673 - INFO -   시나리오 생성 완료 (38.15초, API 호출: 37회)
2026-01-29 23:28:59,673 - INFO -   시뮬레이션 실행 중...
2026-01-29 23:29:00,347 - INFO -   시뮬레이션 완료 (0.67초)
2026-01-29 23:29:00,347 - INFO - 좌표 145.0 완료 (143/1000, 14.3%)
2026-01-29 23:29:00,347 - INFO - [146/1000] 좌표 146.0 처리 시작: (36.367769, 127.415712), snap_distance_m=22.2
2026-01-29 23:29:00,347 - INFO -   시나리오 생성 중...
2026-01-29 23:29:39,490 - INFO -   시나리오 생성 완료 (39.14초, API 호출: 38회)
2026-01-29 23:29:39,490 - INFO -   시뮬레이션 실행 중...
2026-01-29 23:29:40,197 - INFO -   시뮬레이션 완료 (0.71초)
2026-01-29 23:29:40,197 - INFO - 좌표 146.0 완료 (144/1000, 14.4%)
2026-01-29 23:29:40,197 - INFO - [147/1000] 좌표 147.0 처리 시작: (36.387310, 127.346289), snap_distance_m=43.7
2026-01-29 23:29:40,197 - INFO -   시나리오 생성 중...
2026-01-29 23:30:23,311 - INFO -   시나리오 생성 완료 (43.11초, API 호출: 38회)
2026-01-29 23:30:23,311 - INFO -   시뮬레이션 실행 중...
2026-01-29 23:30:24,010 - INFO -   시뮬레이션 완료 (0.7초)
2026-01-29 23:30:24,010 - INFO - 좌표 147.0 완료 (145/1000, 14.5%)
2026-01-29 23:30:24,010 - INFO - [148/1000] 좌표 148.0 처리 시작: (36.333334, 127.417740), snap_distance_m=35.7
2026-01-29 23:30:24,010 - INFO -   시나리오 생성 중...
2026-01-29 23:31:00,326 - INFO -   시나리오 생성 완료 (36.32초, API 호출: 35회)
2026-01-29 23:31:00,326 - INFO -   시뮬레이션 실행 중...
2026-01-29 23:31:01,010 - INFO -   시뮬레이션 완료 (0.68초)
2026-01-29 23:31:01,010 - INFO - 좌표 148.0 완료 (146/1000, 14.6%)
2026-01-29 23:31:01,010 - INFO - [149/1000] 좌표 149.0 처리 시작: (36.285603, 127.370104), snap_distance_m=85.4
2026-01-29 23:31:01,010 - INFO -   시나리오 생성 중...
2026-01-29 23:31:37,150 - INFO -   시나리오 생성 완료 (36.14초, API 호출: 35회)
2026-01-29 23:31:37,150 - INFO -   시뮬레이션 실행 중...
2026-01-29 23:31:37,825 - INFO -   시뮬레이션 완료 (0.67초)
2026-01-29 23:31:37,825 - INFO - 좌표 149.0 완료 (147/1000, 14.7%)
2026-01-29 23:31:37,825 - INFO - [150/1000] 좌표 150.0 처리 시작: (36.293760, 127.383790), snap_distance_m=226.9
2026-01-29 23:31:37,825 - INFO -   시나리오 생성 중...
2026-01-29 23:32:13,978 - INFO -   시나리오 생성 완료 (36.15초, API 호출: 35회)
2026-01-29 23:32:13,978 - INFO -   시뮬레이션 실행 중...
2026-01-29 23:32:14,652 - INFO -   시뮬레이션 완료 (0.67초)
2026-01-29 23:32:14,652 - INFO - 좌표 150.0 완료 (148/1000, 14.8%)
2026-01-29 23:32:14,652 - INFO - [151/1000] 좌표 151.0 처리 시작: (36.386019, 127.327414), snap_distance_m=6.7
2026-01-29 23:32:14,652 - INFO -   시나리오 생성 중...
2026-01-29 23:32:53,775 - INFO -   시나리오 생성 완료 (39.12초, API 호출: 38회)
2026-01-29 23:32:53,790 - INFO -   시뮬레이션 실행 중...
2026-01-29 23:32:54,466 - INFO -   시뮬레이션 완료 (0.68초)
2026-01-29 23:32:54,466 - INFO - 좌표 151.0 완료 (149/1000, 14.9%)
2026-01-29 23:32:54,466 - INFO - [152/1000] 좌표 152.0 처리 시작: (36.356469, 127.352862), snap_distance_m=2.9
2026-01-29 23:32:54,466 - INFO -   시나리오 생성 중...
2026-01-29 23:33:34,365 - INFO -   시나리오 생성 완료 (39.9초, API 호출: 38회)
2026-01-29 23:33:34,365 - INFO -   시뮬레이션 실행 중...
2026-01-29 23:33:35,068 - INFO -   시뮬레이션 완료 (0.7초)
2026-01-29 23:33:35,068 - INFO - 좌표 152.0 완료 (150/1000, 15.0%)
2026-01-29 23:33:35,068 - INFO - [153/1000] 좌표 153.0 처리 시작: (36.222073, 127.336260), snap_distance_m=126.1
2026-01-29 23:33:35,068 - INFO -   시나리오 생성 중...
2026-01-29 23:34:11,190 - INFO -   시나리오 생성 완료 (36.12초, API 호출: 35회)
2026-01-29 23:34:11,190 - INFO -   시뮬레이션 실행 중...
2026-01-29 23:34:11,851 - INFO -   시뮬레이션 완료 (0.66초)
2026-01-29 23:34:11,851 - INFO - 좌표 153.0 완료 (151/1000, 15.1%)
2026-01-29 23:34:11,851 - INFO - [154/1000] 좌표 154.0 처리 시작: (36.340333, 127.354895), snap_distance_m=250.3
2026-01-29 23:34:11,851 - INFO -   시나리오 생성 중...
2026-01-29 23:34:49,005 - INFO -   시나리오 생성 완료 (37.15초, API 호출: 36회)
2026-01-29 23:34:49,005 - INFO -   시뮬레이션 실행 중...
2026-01-29 23:34:49,685 - INFO -   시뮬레이션 완료 (0.68초)
2026-01-29 23:34:49,685 - INFO - 좌표 154.0 완료 (152/1000, 15.2%)
2026-01-29 23:34:49,685 - INFO - [155/1000] 좌표 155.0 처리 시작: (36.262873, 127.469407), snap_distance_m=182.6
2026-01-29 23:34:49,685 - INFO -   시나리오 생성 중...
2026-01-29 23:35:25,774 - INFO -   시나리오 생성 완료 (36.09초, API 호출: 35회)
2026-01-29 23:35:25,774 - INFO -   시뮬레이션 실행 중...
2026-01-29 23:35:26,466 - INFO -   시뮬레이션 완료 (0.69초)
2026-01-29 23:35:26,466 - INFO - 좌표 155.0 완료 (153/1000, 15.3%)
2026-01-29 23:35:26,466 - INFO - [156/1000] 좌표 156.0 처리 시작: (36.288136, 127.381089), snap_distance_m=25.2
2026-01-29 23:35:26,466 - INFO -   시나리오 생성 중...
2026-01-29 23:36:02,576 - INFO -   시나리오 생성 완료 (36.11초, API 호출: 35회)
2026-01-29 23:36:02,576 - INFO -   시뮬레이션 실행 중...
2026-01-29 23:36:03,259 - INFO -   시뮬레이션 완료 (0.68초)
2026-01-29 23:36:03,259 - INFO - 좌표 156.0 완료 (154/1000, 15.4%)
2026-01-29 23:36:03,259 - INFO - [157/1000] 좌표 157.0 처리 시작: (36.284971, 127.349506), snap_distance_m=208.2
2026-01-29 23:36:03,259 - INFO -   시나리오 생성 중...
2026-01-29 23:36:39,385 - INFO -   시나리오 생성 완료 (36.13초, API 호출: 35회)
2026-01-29 23:36:39,385 - INFO -   시뮬레이션 실행 중...
2026-01-29 23:36:40,066 - INFO -   시뮬레이션 완료 (0.68초)
2026-01-29 23:36:40,066 - INFO - 좌표 157.0 완료 (155/1000, 15.5%)
2026-01-29 23:36:40,066 - INFO - [158/1000] 좌표 158.0 처리 시작: (36.314526, 127.359723), snap_distance_m=70.5
2026-01-29 23:36:40,066 - INFO -   시나리오 생성 중...
2026-01-29 23:37:17,186 - INFO -   시나리오 생성 완료 (37.12초, API 호출: 36회)
2026-01-29 23:37:17,186 - INFO -   시뮬레이션 실행 중...
2026-01-29 23:37:17,880 - INFO -   시뮬레이션 완료 (0.69초)
2026-01-29 23:37:17,880 - INFO - 좌표 158.0 완료 (156/1000, 15.6%)
2026-01-29 23:37:17,880 - INFO - [159/1000] 좌표 159.0 처리 시작: (36.345330, 127.475153), snap_distance_m=30.6
2026-01-29 23:37:17,880 - INFO -   시나리오 생성 중...
2026-01-29 23:37:56,050 - INFO -   시나리오 생성 완료 (38.17초, API 호출: 37회)
2026-01-29 23:37:56,050 - INFO -   시뮬레이션 실행 중...
2026-01-29 23:37:56,727 - INFO -   시뮬레이션 완료 (0.68초)
2026-01-29 23:37:56,727 - INFO - 좌표 159.0 완료 (157/1000, 15.7%)
2026-01-29 23:37:56,727 - INFO - [160/1000] 좌표 160.0 처리 시작: (36.234872, 127.427357), snap_distance_m=161.6
2026-01-29 23:37:56,727 - INFO -   시나리오 생성 중...
2026-01-29 23:37:59,458 - ERROR - 좌표 160.0 실패 [기타 오류]: API error limit exceeded (3). Last error: 예외 발생: API error limit exceeded (3). Last error: HTTP 400 Bad Request - 좌표 형식 오류 가능성
2026-01-29 23:37:59,458 - INFO - [161/1000] 좌표 161.0 처리 시작: (36.354412, 127.318298), snap_distance_m=7.0
2026-01-29 23:37:59,458 - INFO -   시나리오 생성 중...
2026-01-29 23:38:37,892 - INFO -   시나리오 생성 완료 (38.43초, API 호출: 37회)
2026-01-29 23:38:37,892 - INFO -   시뮬레이션 실행 중...
2026-01-29 23:38:38,579 - INFO -   시뮬레이션 완료 (0.69초)
2026-01-29 23:38:38,579 - INFO - 좌표 161.0 완료 (158/1000, 15.8%)
2026-01-29 23:38:38,579 - INFO - [162/1000] 좌표 162.0 처리 시작: (36.382495, 127.414654), snap_distance_m=202.9
2026-01-29 23:38:38,579 - INFO -   시나리오 생성 중...
2026-01-29 23:39:17,716 - INFO -   시나리오 생성 완료 (39.14초, API 호출: 38회)
2026-01-29 23:39:17,716 - INFO -   시뮬레이션 실행 중...
2026-01-29 23:39:18,396 - INFO -   시뮬레이션 완료 (0.68초)
2026-01-29 23:39:18,396 - INFO - 좌표 162.0 완료 (159/1000, 15.9%)
2026-01-29 23:39:18,396 - INFO - [163/1000] 좌표 163.0 처리 시작: (36.289216, 127.322372), snap_distance_m=136.2
2026-01-29 23:39:18,396 - INFO -   시나리오 생성 중...
2026-01-29 23:39:55,598 - INFO -   시나리오 생성 완료 (37.2초, API 호출: 36회)
2026-01-29 23:39:55,598 - INFO -   시뮬레이션 실행 중...
2026-01-29 23:39:56,274 - INFO -   시뮬레이션 완료 (0.68초)
2026-01-29 23:39:56,274 - INFO - 좌표 163.0 완료 (160/1000, 16.0%)
2026-01-29 23:39:56,274 - INFO - [164/1000] 좌표 164.0 처리 시작: (36.460326, 127.473976), snap_distance_m=165.1
2026-01-29 23:39:56,274 - INFO -   시나리오 생성 중...
2026-01-29 23:40:36,805 - INFO -   시나리오 생성 완료 (40.53초, API 호출: 39회)
2026-01-29 23:40:36,805 - INFO -   시뮬레이션 실행 중...
2026-01-29 23:40:37,488 - INFO -   시뮬레이션 완료 (0.68초)
2026-01-29 23:40:37,488 - INFO - 좌표 164.0 완료 (161/1000, 16.1%)
2026-01-29 23:40:37,488 - INFO - [165/1000] 좌표 165.0 처리 시작: (36.354843, 127.459420), snap_distance_m=7.6
2026-01-29 23:40:37,488 - INFO -   시나리오 생성 중...
2026-01-29 23:41:15,680 - INFO -   시나리오 생성 완료 (38.19초, API 호출: 37회)
2026-01-29 23:41:15,680 - INFO -   시뮬레이션 실행 중...
2026-01-29 23:41:16,356 - INFO -   시뮬레이션 완료 (0.68초)
2026-01-29 23:41:16,356 - INFO - 좌표 165.0 완료 (162/1000, 16.2%)
2026-01-29 23:41:16,356 - INFO - [166/1000] 좌표 166.0 처리 시작: (36.255130, 127.339390), snap_distance_m=23.6
2026-01-29 23:41:16,356 - INFO -   시나리오 생성 중...
2026-01-29 23:41:52,484 - INFO -   시나리오 생성 완료 (36.13초, API 호출: 35회)
2026-01-29 23:41:52,484 - INFO -   시뮬레이션 실행 중...
2026-01-29 23:41:53,155 - INFO -   시뮬레이션 완료 (0.67초)
2026-01-29 23:41:53,155 - INFO - 좌표 166.0 완료 (163/1000, 16.3%)
2026-01-29 23:41:53,155 - INFO - [167/1000] 좌표 167.0 처리 시작: (36.376135, 127.342017), snap_distance_m=34.8
2026-01-29 23:41:53,155 - INFO -   시나리오 생성 중...
2026-01-29 23:42:32,294 - INFO -   시나리오 생성 완료 (39.14초, API 호출: 38회)
2026-01-29 23:42:32,294 - INFO -   시뮬레이션 실행 중...
2026-01-29 23:42:32,996 - INFO -   시뮬레이션 완료 (0.7초)
2026-01-29 23:42:32,996 - INFO - 좌표 167.0 완료 (164/1000, 16.4%)
2026-01-29 23:42:32,996 - INFO - [168/1000] 좌표 168.0 처리 시작: (36.316482, 127.319753), snap_distance_m=26.1
2026-01-29 23:42:32,996 - INFO -   시나리오 생성 중...
2026-01-29 23:43:10,117 - INFO -   시나리오 생성 완료 (37.12초, API 호출: 36회)
2026-01-29 23:43:10,133 - INFO -   시뮬레이션 실행 중...
2026-01-29 23:43:10,801 - INFO -   시뮬레이션 완료 (0.67초)
2026-01-29 23:43:10,801 - INFO - 좌표 168.0 완료 (165/1000, 16.5%)
2026-01-29 23:43:10,801 - INFO - [169/1000] 좌표 169.0 처리 시작: (36.330102, 127.466245), snap_distance_m=6.9
2026-01-29 23:43:10,801 - INFO -   시나리오 생성 중...
2026-01-29 23:43:47,900 - INFO -   시나리오 생성 완료 (37.1초, API 호출: 36회)
2026-01-29 23:43:47,900 - INFO -   시뮬레이션 실행 중...
2026-01-29 23:43:48,597 - INFO -   시뮬레이션 완료 (0.7초)
2026-01-29 23:43:48,597 - INFO - 좌표 169.0 완료 (166/1000, 16.6%)
2026-01-29 23:43:48,597 - INFO - [170/1000] 좌표 170.0 처리 시작: (36.252030, 127.346880), snap_distance_m=222.7
2026-01-29 23:43:48,597 - INFO -   시나리오 생성 중...
2026-01-29 23:44:24,714 - INFO -   시나리오 생성 완료 (36.12초, API 호출: 35회)
2026-01-29 23:44:24,714 - INFO -   시뮬레이션 실행 중...
2026-01-29 23:44:25,383 - INFO -   시뮬레이션 완료 (0.67초)
2026-01-29 23:44:25,383 - INFO - 좌표 170.0 완료 (167/1000, 16.7%)
2026-01-29 23:44:25,383 - INFO - [171/1000] 좌표 171.0 처리 시작: (36.361168, 127.272936), snap_distance_m=59.3
2026-01-29 23:44:25,383 - INFO -   시나리오 생성 중...
2026-01-29 23:45:03,547 - INFO -   시나리오 생성 완료 (38.16초, API 호출: 37회)
2026-01-29 23:45:03,547 - INFO -   시뮬레이션 실행 중...
2026-01-29 23:45:04,232 - INFO -   시뮬레이션 완료 (0.69초)
2026-01-29 23:45:04,232 - INFO - 좌표 171.0 완료 (168/1000, 16.8%)
2026-01-29 23:45:04,232 - INFO - [172/1000] 좌표 172.0 처리 시작: (36.272500, 127.327097), snap_distance_m=74.0
2026-01-29 23:45:04,232 - INFO -   시나리오 생성 중...
2026-01-29 23:45:40,362 - INFO -   시나리오 생성 완료 (36.13초, API 호출: 35회)
2026-01-29 23:45:40,362 - INFO -   시뮬레이션 실행 중...
2026-01-29 23:45:41,038 - INFO -   시뮬레이션 완료 (0.68초)
2026-01-29 23:45:41,038 - INFO - 좌표 172.0 완료 (169/1000, 16.9%)
2026-01-29 23:45:41,038 - INFO - [173/1000] 좌표 173.0 처리 시작: (36.242989, 127.465816), snap_distance_m=196.6
2026-01-29 23:45:41,039 - INFO -   시나리오 생성 중...
2026-01-29 23:46:18,166 - INFO -   시나리오 생성 완료 (37.13초, API 호출: 36회)
2026-01-29 23:46:18,166 - INFO -   시뮬레이션 실행 중...
2026-01-29 23:46:18,857 - INFO -   시뮬레이션 완료 (0.69초)
2026-01-29 23:46:18,857 - INFO - 좌표 173.0 완료 (170/1000, 17.0%)
2026-01-29 23:46:18,857 - INFO - [174/1000] 좌표 174.0 처리 시작: (36.452731, 127.403312), snap_distance_m=60.9
2026-01-29 23:46:18,857 - INFO -   시나리오 생성 중...
2026-01-29 23:46:56,968 - INFO -   시나리오 생성 완료 (38.11초, API 호출: 37회)
2026-01-29 23:46:56,968 - INFO -   시뮬레이션 실행 중...
2026-01-29 23:46:57,659 - INFO -   시뮬레이션 완료 (0.69초)
2026-01-29 23:46:57,659 - INFO - 좌표 174.0 완료 (171/1000, 17.1%)
2026-01-29 23:46:57,659 - INFO - [175/1000] 좌표 175.0 처리 시작: (36.321126, 127.294745), snap_distance_m=81.0
2026-01-29 23:46:57,659 - INFO -   시나리오 생성 중...
2026-01-29 23:47:34,800 - INFO -   시나리오 생성 완료 (37.14초, API 호출: 36회)
2026-01-29 23:47:34,800 - INFO -   시뮬레이션 실행 중...
2026-01-29 23:47:35,476 - INFO -   시뮬레이션 완료 (0.68초)
2026-01-29 23:47:35,476 - INFO - 좌표 175.0 완료 (172/1000, 17.2%)
2026-01-29 23:47:35,476 - INFO - [176/1000] 좌표 176.0 처리 시작: (36.239635, 127.406031), snap_distance_m=139.5
2026-01-29 23:47:35,476 - INFO -   시나리오 생성 중...
2026-01-29 23:48:11,582 - INFO -   시나리오 생성 완료 (36.11초, API 호출: 35회)
2026-01-29 23:48:11,582 - INFO -   시뮬레이션 실행 중...
2026-01-29 23:48:12,259 - INFO -   시뮬레이션 완료 (0.68초)
2026-01-29 23:48:12,259 - INFO - 좌표 176.0 완료 (173/1000, 17.3%)
2026-01-29 23:48:12,259 - INFO - [177/1000] 좌표 177.0 처리 시작: (36.286049, 127.381542), snap_distance_m=33.2
2026-01-29 23:48:12,259 - INFO -   시나리오 생성 중...
2026-01-29 23:48:48,402 - INFO -   시나리오 생성 완료 (36.14초, API 호출: 35회)
2026-01-29 23:48:48,402 - INFO -   시뮬레이션 실행 중...
2026-01-29 23:48:49,088 - INFO -   시뮬레이션 완료 (0.69초)
2026-01-29 23:48:49,088 - INFO - 좌표 177.0 완료 (174/1000, 17.4%)
2026-01-29 23:48:49,088 - INFO - [178/1000] 좌표 178.0 처리 시작: (36.365568, 127.375365), snap_distance_m=10.7
2026-01-29 23:48:49,088 - INFO -   시나리오 생성 중...
2026-01-29 23:49:27,258 - INFO -   시나리오 생성 완료 (38.17초, API 호출: 37회)
2026-01-29 23:49:27,258 - INFO -   시뮬레이션 실행 중...
2026-01-29 23:49:27,940 - INFO -   시뮬레이션 완료 (0.68초)
2026-01-29 23:49:27,940 - INFO - 좌표 178.0 완료 (175/1000, 17.5%)
2026-01-29 23:49:27,940 - INFO - [179/1000] 좌표 179.0 처리 시작: (36.262000, 127.332494), snap_distance_m=230.8
2026-01-29 23:49:27,940 - INFO -   시나리오 생성 중...
2026-01-29 23:50:08,292 - INFO -   시나리오 생성 완료 (40.35초, API 호출: 35회)
2026-01-29 23:50:08,292 - INFO -   시뮬레이션 실행 중...
2026-01-29 23:50:08,969 - INFO -   시뮬레이션 완료 (0.68초)
2026-01-29 23:50:08,969 - INFO - 좌표 179.0 완료 (176/1000, 17.6%)
2026-01-29 23:50:08,969 - INFO - [180/1000] 좌표 180.0 처리 시작: (36.411043, 127.335912), snap_distance_m=8.8
2026-01-29 23:50:08,969 - INFO -   시나리오 생성 중...
2026-01-29 23:50:48,108 - INFO -   시나리오 생성 완료 (39.14초, API 호출: 38회)
2026-01-29 23:50:48,108 - INFO -   시뮬레이션 실행 중...
2026-01-29 23:50:48,776 - INFO -   시뮬레이션 완료 (0.67초)
2026-01-29 23:50:48,776 - INFO - 좌표 180.0 완료 (177/1000, 17.7%)
2026-01-29 23:50:48,776 - INFO - [181/1000] 좌표 181.0 처리 시작: (36.392046, 127.409786), snap_distance_m=62.3
2026-01-29 23:50:48,776 - INFO -   시나리오 생성 중...
2026-01-29 23:51:27,906 - INFO -   시나리오 생성 완료 (39.13초, API 호출: 38회)
2026-01-29 23:51:27,906 - INFO -   시뮬레이션 실행 중...
2026-01-29 23:51:28,598 - INFO -   시뮬레이션 완료 (0.69초)
2026-01-29 23:51:28,598 - INFO - 좌표 181.0 완료 (178/1000, 17.8%)
2026-01-29 23:51:28,598 - INFO - [182/1000] 좌표 182.0 처리 시작: (36.285734, 127.444891), snap_distance_m=38.2
2026-01-29 23:51:28,598 - INFO -   시나리오 생성 중...
2026-01-29 23:52:04,795 - INFO -   시나리오 생성 완료 (36.2초, API 호출: 35회)
2026-01-29 23:52:04,795 - INFO -   시뮬레이션 실행 중...
2026-01-29 23:52:05,476 - INFO -   시뮬레이션 완료 (0.68초)
2026-01-29 23:52:05,477 - INFO - 좌표 182.0 완료 (179/1000, 17.9%)
2026-01-29 23:52:05,477 - INFO - [183/1000] 좌표 183.0 처리 시작: (36.470818, 127.389052), snap_distance_m=111.7
2026-01-29 23:52:05,477 - INFO -   시나리오 생성 중...
2026-01-29 23:52:44,629 - INFO -   시나리오 생성 완료 (39.15초, API 호출: 38회)
2026-01-29 23:52:44,629 - INFO -   시뮬레이션 실행 중...
2026-01-29 23:52:45,313 - INFO -   시뮬레이션 완료 (0.68초)
2026-01-29 23:52:45,313 - INFO - 좌표 183.0 완료 (180/1000, 18.0%)
2026-01-29 23:52:45,313 - INFO - [184/1000] 좌표 184.0 처리 시작: (36.454971, 127.398786), snap_distance_m=56.0
2026-01-29 23:52:45,313 - INFO -   시나리오 생성 중...
2026-01-29 23:53:23,449 - INFO -   시나리오 생성 완료 (38.14초, API 호출: 37회)
2026-01-29 23:53:23,449 - INFO -   시뮬레이션 실행 중...
2026-01-29 23:53:24,117 - INFO -   시뮬레이션 완료 (0.67초)
2026-01-29 23:53:24,117 - INFO - 좌표 184.0 완료 (181/1000, 18.1%)
2026-01-29 23:53:24,117 - INFO - [185/1000] 좌표 185.0 처리 시작: (36.277733, 127.331506), snap_distance_m=80.0
2026-01-29 23:53:24,117 - INFO -   시나리오 생성 중...
2026-01-29 23:54:00,237 - INFO -   시나리오 생성 완료 (36.12초, API 호출: 35회)
2026-01-29 23:54:00,237 - INFO -   시뮬레이션 실행 중...
2026-01-29 23:54:00,917 - INFO -   시뮬레이션 완료 (0.68초)
2026-01-29 23:54:00,917 - INFO - 좌표 185.0 완료 (182/1000, 18.2%)
2026-01-29 23:54:00,917 - INFO - [186/1000] 좌표 186.0 처리 시작: (36.366342, 127.412087), snap_distance_m=88.3
2026-01-29 23:54:00,917 - INFO -   시나리오 생성 중...
2026-01-29 23:54:40,141 - INFO -   시나리오 생성 완료 (39.22초, API 호출: 38회)
2026-01-29 23:54:40,141 - INFO -   시뮬레이션 실행 중...
2026-01-29 23:54:40,809 - INFO -   시뮬레이션 완료 (0.67초)
2026-01-29 23:54:40,809 - INFO - 좌표 186.0 완료 (183/1000, 18.3%)
2026-01-29 23:54:40,809 - INFO - [187/1000] 좌표 187.0 처리 시작: (36.420552, 127.489859), snap_distance_m=67.2
2026-01-29 23:54:40,809 - INFO -   시나리오 생성 중...
2026-01-29 23:55:20,449 - INFO -   시나리오 생성 완료 (39.64초, API 호출: 38회)
2026-01-29 23:55:20,449 - INFO -   시뮬레이션 실행 중...
2026-01-29 23:55:21,144 - INFO -   시뮬레이션 완료 (0.7초)
2026-01-29 23:55:21,144 - INFO - 좌표 187.0 완료 (184/1000, 18.4%)
2026-01-29 23:55:21,144 - INFO - [188/1000] 좌표 188.0 처리 시작: (36.356064, 127.430844), snap_distance_m=36.4
2026-01-29 23:55:21,144 - INFO -   시나리오 생성 중...
2026-01-29 23:56:01,274 - INFO -   시나리오 생성 완료 (40.13초, API 호출: 39회)
2026-01-29 23:56:01,274 - INFO -   시뮬레이션 실행 중...
2026-01-29 23:56:01,964 - INFO -   시뮬레이션 완료 (0.69초)
2026-01-29 23:56:01,964 - INFO - 좌표 188.0 완료 (185/1000, 18.5%)
2026-01-29 23:56:01,964 - INFO - [189/1000] 좌표 189.0 처리 시작: (36.308464, 127.308097), snap_distance_m=0.3
2026-01-29 23:56:01,964 - INFO -   시나리오 생성 중...
2026-01-29 23:56:39,535 - INFO -   시나리오 생성 완료 (37.57초, API 호출: 36회)
2026-01-29 23:56:39,535 - INFO -   시뮬레이션 실행 중...
2026-01-29 23:56:40,217 - INFO -   시뮬레이션 완료 (0.68초)
2026-01-29 23:56:40,217 - INFO - 좌표 189.0 완료 (186/1000, 18.6%)
2026-01-29 23:56:40,217 - INFO - [190/1000] 좌표 190.0 처리 시작: (36.397507, 127.361500), snap_distance_m=124.7
2026-01-29 23:56:40,217 - INFO -   시나리오 생성 중...
2026-01-29 23:57:19,339 - INFO -   시나리오 생성 완료 (39.12초, API 호출: 38회)
2026-01-29 23:57:19,339 - INFO -   시뮬레이션 실행 중...
2026-01-29 23:57:20,033 - INFO -   시뮬레이션 완료 (0.69초)
2026-01-29 23:57:20,033 - INFO - 좌표 190.0 완료 (187/1000, 18.7%)
2026-01-29 23:57:20,033 - INFO - [191/1000] 좌표 191.0 처리 시작: (36.260850, 127.438081), snap_distance_m=8.5
2026-01-29 23:57:20,033 - INFO -   시나리오 생성 중...
2026-01-29 23:57:57,155 - INFO -   시나리오 생성 완료 (37.12초, API 호출: 36회)
2026-01-29 23:57:57,155 - INFO -   시뮬레이션 실행 중...
2026-01-29 23:57:57,828 - INFO -   시뮬레이션 완료 (0.67초)
2026-01-29 23:57:57,828 - INFO - 좌표 191.0 완료 (188/1000, 18.8%)
2026-01-29 23:57:57,828 - INFO - [192/1000] 좌표 192.0 처리 시작: (36.325036, 127.381834), snap_distance_m=10.4
2026-01-29 23:57:57,828 - INFO -   시나리오 생성 중...
2026-01-29 23:58:34,969 - INFO -   시나리오 생성 완료 (37.14초, API 호출: 36회)
2026-01-29 23:58:34,970 - INFO -   시뮬레이션 실행 중...
2026-01-29 23:58:35,672 - INFO -   시뮬레이션 완료 (0.7초)
2026-01-29 23:58:35,672 - INFO - 좌표 192.0 완료 (189/1000, 18.9%)
2026-01-29 23:58:35,672 - INFO - [193/1000] 좌표 193.0 처리 시작: (36.284449, 127.478513), snap_distance_m=108.3
2026-01-29 23:58:35,672 - INFO -   시나리오 생성 중...
2026-01-29 23:59:12,776 - INFO -   시나리오 생성 완료 (37.1초, API 호출: 36회)
2026-01-29 23:59:12,776 - INFO -   시뮬레이션 실행 중...
2026-01-29 23:59:13,451 - INFO -   시뮬레이션 완료 (0.68초)
2026-01-29 23:59:13,451 - INFO - 좌표 193.0 완료 (190/1000, 19.0%)
2026-01-29 23:59:13,451 - INFO - [194/1000] 좌표 194.0 처리 시작: (36.313989, 127.301090), snap_distance_m=239.6
2026-01-29 23:59:13,451 - INFO -   시나리오 생성 중...
2026-01-29 23:59:50,581 - INFO -   시나리오 생성 완료 (37.13초, API 호출: 36회)
2026-01-29 23:59:50,581 - INFO -   시뮬레이션 실행 중...
2026-01-29 23:59:51,267 - INFO -   시뮬레이션 완료 (0.69초)
2026-01-29 23:59:51,267 - INFO - 좌표 194.0 완료 (191/1000, 19.1%)
2026-01-29 23:59:51,267 - INFO - [195/1000] 좌표 195.0 처리 시작: (36.295197, 127.374235), snap_distance_m=157.5
2026-01-29 23:59:51,267 - INFO -   시나리오 생성 중...
2026-01-30 00:00:31,420 - INFO -   시나리오 생성 완료 (40.15초, API 호출: 35회)
2026-01-30 00:00:31,420 - INFO -   시뮬레이션 실행 중...
2026-01-30 00:00:32,077 - INFO -   시뮬레이션 완료 (0.66초)
2026-01-30 00:00:32,077 - INFO - 좌표 195.0 완료 (192/1000, 19.2%)
2026-01-30 00:00:32,077 - INFO - [196/1000] 좌표 196.0 처리 시작: (36.275904, 127.309672), snap_distance_m=154.4
2026-01-30 00:00:32,077 - INFO -   시나리오 생성 중...
2026-01-30 00:01:09,257 - INFO -   시나리오 생성 완료 (37.18초, API 호출: 36회)
2026-01-30 00:01:09,257 - INFO -   시뮬레이션 실행 중...
2026-01-30 00:01:09,942 - INFO -   시뮬레이션 완료 (0.69초)
2026-01-30 00:01:09,942 - INFO - 좌표 196.0 완료 (193/1000, 19.3%)
2026-01-30 00:01:09,942 - INFO - [197/1000] 좌표 197.0 처리 시작: (36.434469, 127.435276), snap_distance_m=68.3
2026-01-30 00:01:09,942 - INFO -   시나리오 생성 중...
2026-01-30 00:01:49,061 - INFO -   시나리오 생성 완료 (39.12초, API 호출: 38회)
2026-01-30 00:01:49,061 - INFO -   시뮬레이션 실행 중...
2026-01-30 00:01:49,722 - INFO -   시뮬레이션 완료 (0.66초)
2026-01-30 00:01:49,722 - INFO - 좌표 197.0 완료 (194/1000, 19.4%)
2026-01-30 00:01:49,722 - INFO - [198/1000] 좌표 198.0 처리 시작: (36.351183, 127.487876), snap_distance_m=19.6
2026-01-30 00:01:49,722 - INFO -   시나리오 생성 중...
2026-01-30 00:02:27,896 - INFO -   시나리오 생성 완료 (38.17초, API 호출: 37회)
2026-01-30 00:02:27,896 - INFO -   시뮬레이션 실행 중...
2026-01-30 00:02:28,568 - INFO -   시뮬레이션 완료 (0.67초)
2026-01-30 00:02:28,568 - INFO - 좌표 198.0 완료 (195/1000, 19.5%)
2026-01-30 00:02:28,568 - INFO - [199/1000] 좌표 199.0 처리 시작: (36.359897, 127.386621), snap_distance_m=110.5
2026-01-30 00:02:28,568 - INFO -   시나리오 생성 중...
2026-01-30 00:03:07,743 - INFO -   시나리오 생성 완료 (39.17초, API 호출: 38회)
2026-01-30 00:03:07,743 - INFO -   시뮬레이션 실행 중...
2026-01-30 00:03:08,449 - INFO -   시뮬레이션 완료 (0.71초)
2026-01-30 00:03:08,449 - INFO - 좌표 199.0 완료 (196/1000, 19.6%)
2026-01-30 00:03:08,449 - INFO - [200/1000] 좌표 200.0 처리 시작: (36.384422, 127.303949), snap_distance_m=14.3
2026-01-30 00:03:08,449 - INFO -   시나리오 생성 중...
2026-01-30 00:03:47,631 - INFO -   시나리오 생성 완료 (39.18초, API 호출: 38회)
2026-01-30 00:03:47,631 - INFO -   시뮬레이션 실행 중...
2026-01-30 00:03:48,313 - INFO -   시뮬레이션 완료 (0.68초)
2026-01-30 00:03:48,313 - INFO - 좌표 200.0 완료 (197/1000, 19.7%)
2026-01-30 00:03:48,313 - INFO - [201/1000] 좌표 201.0 처리 시작: (36.319082, 127.404632), snap_distance_m=40.0
2026-01-30 00:03:48,313 - INFO -   시나리오 생성 중...
2026-01-30 00:04:25,437 - INFO -   시나리오 생성 완료 (37.12초, API 호출: 36회)
2026-01-30 00:04:25,437 - INFO -   시뮬레이션 실행 중...
2026-01-30 00:04:26,160 - INFO -   시뮬레이션 완료 (0.72초)
2026-01-30 00:04:26,160 - INFO - 좌표 201.0 완료 (198/1000, 19.8%)
2026-01-30 00:04:26,160 - INFO - [202/1000] 좌표 202.0 처리 시작: (36.318409, 127.283231), snap_distance_m=199.1
2026-01-30 00:04:26,160 - INFO -   시나리오 생성 중...
2026-01-30 00:05:03,371 - INFO -   시나리오 생성 완료 (37.21초, API 호출: 36회)
2026-01-30 00:05:03,371 - INFO -   시뮬레이션 실행 중...
2026-01-30 00:05:04,053 - INFO -   시뮬레이션 완료 (0.68초)
2026-01-30 00:05:04,053 - INFO - 좌표 202.0 완료 (199/1000, 19.9%)
2026-01-30 00:05:04,053 - INFO - [203/1000] 좌표 203.0 처리 시작: (36.318255, 127.426998), snap_distance_m=6.4
2026-01-30 00:05:04,053 - INFO -   시나리오 생성 중...
2026-01-30 00:05:40,342 - INFO -   시나리오 생성 완료 (36.29초, API 호출: 35회)
2026-01-30 00:05:40,342 - INFO -   시뮬레이션 실행 중...
2026-01-30 00:05:41,016 - INFO -   시뮬레이션 완료 (0.67초)
2026-01-30 00:05:41,016 - INFO - 좌표 203.0 완료 (200/1000, 20.0%)
2026-01-30 00:05:41,016 - INFO - [204/1000] 좌표 204.0 처리 시작: (36.372286, 127.372207), snap_distance_m=156.7
2026-01-30 00:05:41,016 - INFO -   시나리오 생성 중...
2026-01-30 00:06:20,179 - INFO -   시나리오 생성 완료 (39.16초, API 호출: 38회)
2026-01-30 00:06:20,179 - INFO -   시뮬레이션 실행 중...
2026-01-30 00:06:20,855 - INFO -   시뮬레이션 완료 (0.68초)
2026-01-30 00:06:20,855 - INFO - 좌표 204.0 완료 (201/1000, 20.1%)
2026-01-30 00:06:20,855 - INFO - [205/1000] 좌표 205.0 처리 시작: (36.289466, 127.363655), snap_distance_m=56.4
2026-01-30 00:06:20,855 - INFO -   시나리오 생성 중...
2026-01-30 00:06:56,990 - INFO -   시나리오 생성 완료 (36.13초, API 호출: 35회)
2026-01-30 00:06:56,990 - INFO -   시뮬레이션 실행 중...
2026-01-30 00:06:57,674 - INFO -   시뮬레이션 완료 (0.68초)
2026-01-30 00:06:57,674 - INFO - 좌표 205.0 완료 (202/1000, 20.2%)
2026-01-30 00:06:57,674 - INFO - [206/1000] 좌표 206.0 처리 시작: (36.405428, 127.403357), snap_distance_m=26.6
2026-01-30 00:06:57,674 - INFO -   시나리오 생성 중...
2026-01-30 00:07:37,831 - INFO -   시나리오 생성 완료 (40.16초, API 호출: 39회)
2026-01-30 00:07:37,831 - INFO -   시뮬레이션 실행 중...
2026-01-30 00:07:38,546 - INFO -   시뮬레이션 완료 (0.72초)
2026-01-30 00:07:38,546 - INFO - 좌표 206.0 완료 (203/1000, 20.3%)
2026-01-30 00:07:38,546 - INFO - [207/1000] 좌표 207.0 처리 시작: (36.376849, 127.290996), snap_distance_m=170.7
2026-01-30 00:07:38,546 - INFO -   시나리오 생성 중...
2026-01-30 00:08:16,643 - INFO -   시나리오 생성 완료 (38.1초, API 호출: 37회)
2026-01-30 00:08:16,643 - INFO -   시뮬레이션 실행 중...
2026-01-30 00:08:17,321 - INFO -   시뮬레이션 완료 (0.68초)
2026-01-30 00:08:17,321 - INFO - 좌표 207.0 완료 (204/1000, 20.4%)
2026-01-30 00:08:17,321 - INFO - [208/1000] 좌표 208.0 처리 시작: (36.279291, 127.355304), snap_distance_m=31.9
2026-01-30 00:08:17,321 - INFO -   시나리오 생성 중...
2026-01-30 00:08:53,624 - INFO -   시나리오 생성 완료 (36.3초, API 호출: 35회)
2026-01-30 00:08:53,624 - INFO -   시뮬레이션 실행 중...
2026-01-30 00:08:54,309 - INFO -   시뮬레이션 완료 (0.69초)
2026-01-30 00:08:54,309 - INFO - 좌표 208.0 완료 (205/1000, 20.5%)
2026-01-30 00:08:54,309 - INFO - [209/1000] 좌표 209.0 처리 시작: (36.416915, 127.480241), snap_distance_m=98.2
2026-01-30 00:08:54,309 - INFO -   시나리오 생성 중...
2026-01-30 00:09:33,503 - INFO -   시나리오 생성 완료 (39.19초, API 호출: 38회)
2026-01-30 00:09:33,503 - INFO -   시뮬레이션 실행 중...
2026-01-30 00:09:34,245 - INFO -   시뮬레이션 완료 (0.74초)
2026-01-30 00:09:34,245 - INFO - 좌표 209.0 완료 (206/1000, 20.6%)
2026-01-30 00:09:34,245 - INFO - [210/1000] 좌표 210.0 처리 시작: (36.231773, 127.481377), snap_distance_m=17.6
2026-01-30 00:09:34,245 - INFO -   시나리오 생성 중...
2026-01-30 00:10:15,773 - INFO -   시나리오 생성 완료 (41.53초, API 호출: 36회)
2026-01-30 00:10:15,773 - INFO -   시뮬레이션 실행 중...
2026-01-30 00:10:16,475 - INFO -   시뮬레이션 완료 (0.7초)
2026-01-30 00:10:16,475 - INFO - 좌표 210.0 완료 (207/1000, 20.7%)
2026-01-30 00:10:16,475 - INFO - [211/1000] 좌표 211.0 처리 시작: (36.339400, 127.453334), snap_distance_m=14.8
2026-01-30 00:10:16,475 - INFO -   시나리오 생성 중...
2026-01-30 00:10:54,591 - INFO -   시나리오 생성 완료 (38.12초, API 호출: 37회)
2026-01-30 00:10:54,607 - INFO -   시뮬레이션 실행 중...
2026-01-30 00:10:55,280 - INFO -   시뮬레이션 완료 (0.67초)
2026-01-30 00:10:55,280 - INFO - 좌표 211.0 완료 (208/1000, 20.8%)
2026-01-30 00:10:55,280 - INFO - [212/1000] 좌표 212.0 처리 시작: (36.305740, 127.399486), snap_distance_m=20.3
2026-01-30 00:10:55,280 - INFO -   시나리오 생성 중...
2026-01-30 00:11:31,448 - INFO -   시나리오 생성 완료 (36.17초, API 호출: 35회)
2026-01-30 00:11:31,448 - INFO -   시뮬레이션 실행 중...
2026-01-30 00:11:32,132 - INFO -   시뮬레이션 완료 (0.68초)
2026-01-30 00:11:32,132 - INFO - 좌표 212.0 완료 (209/1000, 20.9%)
2026-01-30 00:11:32,132 - INFO - [213/1000] 좌표 213.0 처리 시작: (36.270831, 127.475125), snap_distance_m=57.3
2026-01-30 00:11:32,132 - INFO -   시나리오 생성 중...
2026-01-30 00:12:08,299 - INFO -   시나리오 생성 완료 (36.17초, API 호출: 35회)
2026-01-30 00:12:08,299 - INFO -   시뮬레이션 실행 중...
2026-01-30 00:12:09,005 - INFO -   시뮬레이션 완료 (0.71초)
2026-01-30 00:12:09,005 - INFO - 좌표 213.0 완료 (210/1000, 21.0%)
2026-01-30 00:12:09,005 - INFO - [214/1000] 좌표 214.0 처리 시작: (36.397449, 127.313721), snap_distance_m=56.3
2026-01-30 00:12:09,005 - INFO -   시나리오 생성 중...
2026-01-30 00:12:48,116 - INFO -   시나리오 생성 완료 (39.11초, API 호출: 38회)
2026-01-30 00:12:48,117 - INFO -   시뮬레이션 실행 중...
2026-01-30 00:12:48,784 - INFO -   시뮬레이션 완료 (0.67초)
2026-01-30 00:12:48,784 - INFO - 좌표 214.0 완료 (211/1000, 21.1%)
2026-01-30 00:12:48,784 - INFO - [215/1000] 좌표 215.0 처리 시작: (36.347486, 127.334121), snap_distance_m=1.8
2026-01-30 00:12:48,784 - INFO -   시나리오 생성 중...
2026-01-30 00:13:25,933 - INFO -   시나리오 생성 완료 (37.15초, API 호출: 36회)
2026-01-30 00:13:25,933 - INFO -   시뮬레이션 실행 중...
2026-01-30 00:13:26,616 - INFO -   시뮬레이션 완료 (0.68초)
2026-01-30 00:13:26,616 - INFO - 좌표 215.0 완료 (212/1000, 21.2%)
2026-01-30 00:13:26,616 - INFO - [216/1000] 좌표 216.0 처리 시작: (36.222101, 127.346323), snap_distance_m=233.7
2026-01-30 00:13:26,616 - INFO -   시나리오 생성 중...
2026-01-30 00:14:02,749 - INFO -   시나리오 생성 완료 (36.13초, API 호출: 35회)
2026-01-30 00:14:02,749 - INFO -   시뮬레이션 실행 중...
2026-01-30 00:14:03,451 - INFO -   시뮬레이션 완료 (0.7초)
2026-01-30 00:14:03,451 - INFO - 좌표 216.0 완료 (213/1000, 21.3%)
2026-01-30 00:14:03,452 - INFO - [217/1000] 좌표 217.0 처리 시작: (36.317906, 127.457156), snap_distance_m=41.5
2026-01-30 00:14:03,452 - INFO -   시나리오 생성 중...
2026-01-30 00:14:40,603 - INFO -   시나리오 생성 완료 (37.15초, API 호출: 36회)
2026-01-30 00:14:40,603 - INFO -   시뮬레이션 실행 중...
2026-01-30 00:14:41,274 - INFO -   시뮬레이션 완료 (0.67초)
2026-01-30 00:14:41,274 - INFO - 좌표 217.0 완료 (214/1000, 21.4%)
2026-01-30 00:14:41,274 - INFO - [218/1000] 좌표 218.0 처리 시작: (36.309559, 127.262081), snap_distance_m=61.8
2026-01-30 00:14:41,274 - INFO -   시나리오 생성 중...
2026-01-30 00:15:18,417 - INFO -   시나리오 생성 완료 (37.14초, API 호출: 36회)
2026-01-30 00:15:18,417 - INFO -   시뮬레이션 실행 중...
2026-01-30 00:15:19,087 - INFO -   시뮬레이션 완료 (0.67초)
2026-01-30 00:15:19,087 - INFO - 좌표 218.0 완료 (215/1000, 21.5%)
2026-01-30 00:15:19,087 - INFO - [219/1000] 좌표 219.0 처리 시작: (36.275941, 127.343501), snap_distance_m=68.7
2026-01-30 00:15:19,087 - INFO -   시나리오 생성 중...
2026-01-30 00:15:55,174 - INFO -   시나리오 생성 완료 (36.09초, API 호출: 35회)
2026-01-30 00:15:55,174 - INFO -   시뮬레이션 실행 중...
2026-01-30 00:15:55,839 - INFO -   시뮬레이션 완료 (0.67초)
2026-01-30 00:15:55,839 - INFO - 좌표 219.0 완료 (216/1000, 21.6%)
2026-01-30 00:15:55,839 - INFO - [220/1000] 좌표 220.0 처리 시작: (36.421869, 127.486214), snap_distance_m=114.6
2026-01-30 00:15:55,839 - INFO -   시나리오 생성 중...
2026-01-30 00:16:35,016 - INFO -   시나리오 생성 완료 (39.18초, API 호출: 38회)
2026-01-30 00:16:35,016 - INFO -   시뮬레이션 실행 중...
2026-01-30 00:16:35,715 - INFO -   시뮬레이션 완료 (0.7초)
2026-01-30 00:16:35,715 - INFO - 좌표 220.0 완료 (217/1000, 21.7%)
2026-01-30 00:16:35,715 - INFO - [221/1000] 좌표 221.0 처리 시작: (36.289233, 127.438320), snap_distance_m=74.9
2026-01-30 00:16:35,715 - INFO -   시나리오 생성 중...
2026-01-30 00:17:11,819 - INFO -   시나리오 생성 완료 (36.1초, API 호출: 35회)
2026-01-30 00:17:11,819 - INFO -   시뮬레이션 실행 중...
2026-01-30 00:17:12,492 - INFO -   시뮬레이션 완료 (0.67초)
2026-01-30 00:17:12,492 - INFO - 좌표 221.0 완료 (218/1000, 21.8%)
2026-01-30 00:17:12,492 - INFO - [222/1000] 좌표 222.0 처리 시작: (36.448414, 127.437873), snap_distance_m=13.6
2026-01-30 00:17:12,492 - INFO -   시나리오 생성 중...
2026-01-30 00:17:51,706 - INFO -   시나리오 생성 완료 (39.21초, API 호출: 38회)
2026-01-30 00:17:51,706 - INFO -   시뮬레이션 실행 중...
2026-01-30 00:17:52,383 - INFO -   시뮬레이션 완료 (0.68초)
2026-01-30 00:17:52,383 - INFO - 좌표 222.0 완료 (219/1000, 21.9%)
2026-01-30 00:17:52,383 - INFO - [223/1000] 좌표 223.0 처리 시작: (36.457538, 127.390993), snap_distance_m=124.5
2026-01-30 00:17:52,383 - INFO -   시나리오 생성 중...
2026-01-30 00:18:30,511 - INFO -   시나리오 생성 완료 (38.13초, API 호출: 37회)
2026-01-30 00:18:30,511 - INFO -   시뮬레이션 실행 중...
2026-01-30 00:18:31,211 - INFO -   시뮬레이션 완료 (0.7초)
2026-01-30 00:18:31,211 - INFO - 좌표 223.0 완료 (220/1000, 22.0%)
2026-01-30 00:18:31,211 - INFO - [224/1000] 좌표 224.0 처리 시작: (36.361577, 127.391177), snap_distance_m=12.4
2026-01-30 00:18:31,211 - INFO -   시나리오 생성 중...
2026-01-30 00:19:10,341 - INFO -   시나리오 생성 완료 (39.13초, API 호출: 38회)
2026-01-30 00:19:10,341 - INFO -   시뮬레이션 실행 중...
2026-01-30 00:19:11,025 - INFO -   시뮬레이션 완료 (0.68초)
2026-01-30 00:19:11,025 - INFO - 좌표 224.0 완료 (221/1000, 22.1%)
2026-01-30 00:19:11,025 - INFO - [225/1000] 좌표 225.0 처리 시작: (36.387147, 127.371492), snap_distance_m=41.1
2026-01-30 00:19:11,025 - INFO -   시나리오 생성 중...
2026-01-30 00:19:50,139 - INFO -   시나리오 생성 완료 (39.11초, API 호출: 38회)
2026-01-30 00:19:50,139 - INFO -   시뮬레이션 실행 중...
2026-01-30 00:19:50,833 - INFO -   시뮬레이션 완료 (0.69초)
2026-01-30 00:19:50,833 - INFO - 좌표 225.0 완료 (222/1000, 22.2%)
2026-01-30 00:19:50,833 - INFO - [226/1000] 좌표 226.0 처리 시작: (36.357331, 127.468483), snap_distance_m=131.3
2026-01-30 00:19:50,833 - INFO -   시나리오 생성 중...
2026-01-30 00:20:28,996 - INFO -   시나리오 생성 완료 (38.16초, API 호출: 37회)
2026-01-30 00:20:28,996 - INFO -   시뮬레이션 실행 중...
2026-01-30 00:20:29,675 - INFO -   시뮬레이션 완료 (0.68초)
2026-01-30 00:20:29,675 - INFO - 좌표 226.0 완료 (223/1000, 22.3%)
2026-01-30 00:20:29,675 - INFO - [227/1000] 좌표 227.0 처리 시작: (36.284914, 127.252548), snap_distance_m=10.3
2026-01-30 00:20:29,675 - INFO -   시나리오 생성 중...
2026-01-30 00:21:06,864 - INFO -   시나리오 생성 완료 (37.19초, API 호출: 36회)
2026-01-30 00:21:06,865 - INFO -   시뮬레이션 실행 중...
2026-01-30 00:21:07,538 - INFO -   시뮬레이션 완료 (0.67초)
2026-01-30 00:21:07,538 - INFO - 좌표 227.0 완료 (224/1000, 22.4%)
2026-01-30 00:21:07,538 - INFO - [228/1000] 좌표 228.0 처리 시작: (36.400992, 127.411092), snap_distance_m=68.9
2026-01-30 00:21:07,538 - INFO -   시나리오 생성 중...
2026-01-30 00:21:47,704 - INFO -   시나리오 생성 완료 (40.17초, API 호출: 39회)
2026-01-30 00:21:47,704 - INFO -   시뮬레이션 실행 중...
2026-01-30 00:21:48,402 - INFO -   시뮬레이션 완료 (0.7초)
2026-01-30 00:21:48,402 - INFO - 좌표 228.0 완료 (225/1000, 22.5%)
2026-01-30 00:21:48,402 - INFO - [229/1000] 좌표 229.0 처리 시작: (36.281534, 127.304965), snap_distance_m=124.3
2026-01-30 00:21:48,402 - INFO -   시나리오 생성 중...
2026-01-30 00:22:26,514 - INFO -   시나리오 생성 완료 (38.11초, API 호출: 37회)
2026-01-30 00:22:26,514 - INFO -   시뮬레이션 실행 중...
2026-01-30 00:22:27,175 - INFO -   시뮬레이션 완료 (0.66초)
2026-01-30 00:22:27,191 - INFO - 좌표 229.0 완료 (226/1000, 22.6%)
2026-01-30 00:22:27,191 - INFO - [230/1000] 좌표 230.0 처리 시작: (36.360134, 127.481310), snap_distance_m=171.8
2026-01-30 00:22:27,191 - INFO -   시나리오 생성 중...
2026-01-30 00:23:05,365 - INFO -   시나리오 생성 완료 (38.17초, API 호출: 37회)
2026-01-30 00:23:05,365 - INFO -   시뮬레이션 실행 중...
2026-01-30 00:23:06,050 - INFO -   시뮬레이션 완료 (0.68초)
2026-01-30 00:23:06,050 - INFO - 좌표 230.0 완료 (227/1000, 22.7%)
2026-01-30 00:23:06,050 - INFO - [231/1000] 좌표 231.0 처리 시작: (36.435081, 127.448911), snap_distance_m=10.3
2026-01-30 00:23:06,050 - INFO -   시나리오 생성 중...
2026-01-30 00:23:45,193 - INFO -   시나리오 생성 완료 (39.14초, API 호출: 38회)
2026-01-30 00:23:45,193 - INFO -   시뮬레이션 실행 중...
2026-01-30 00:23:45,864 - INFO -   시뮬레이션 완료 (0.67초)
2026-01-30 00:23:45,864 - INFO - 좌표 231.0 완료 (228/1000, 22.8%)
2026-01-30 00:23:45,864 - INFO - [232/1000] 좌표 232.0 처리 시작: (36.324823, 127.270778), snap_distance_m=4.6
2026-01-30 00:23:45,864 - INFO -   시나리오 생성 중...
2026-01-30 00:24:23,012 - INFO -   시나리오 생성 완료 (37.15초, API 호출: 36회)
2026-01-30 00:24:23,012 - INFO -   시뮬레이션 실행 중...
2026-01-30 00:24:23,698 - INFO -   시뮬레이션 완료 (0.69초)
2026-01-30 00:24:23,698 - INFO - 좌표 232.0 완료 (229/1000, 22.9%)
2026-01-30 00:24:23,698 - INFO - [233/1000] 좌표 233.0 처리 시작: (36.313969, 127.449271), snap_distance_m=63.5
2026-01-30 00:24:23,698 - INFO -   시나리오 생성 중...
2026-01-30 00:25:00,803 - INFO -   시나리오 생성 완료 (37.1초, API 호출: 36회)
2026-01-30 00:25:00,803 - INFO -   시뮬레이션 실행 중...
2026-01-30 00:25:01,502 - INFO -   시뮬레이션 완료 (0.7초)
2026-01-30 00:25:01,502 - INFO - 좌표 233.0 완료 (230/1000, 23.0%)
2026-01-30 00:25:01,502 - INFO - [234/1000] 좌표 234.0 처리 시작: (36.365410, 127.395921), snap_distance_m=47.7
2026-01-30 00:25:01,502 - INFO -   시나리오 생성 중...
2026-01-30 00:25:40,618 - INFO -   시나리오 생성 완료 (39.12초, API 호출: 38회)
2026-01-30 00:25:40,618 - INFO -   시뮬레이션 실행 중...
2026-01-30 00:25:41,289 - INFO -   시뮬레이션 완료 (0.67초)
2026-01-30 00:25:41,289 - INFO - 좌표 234.0 완료 (231/1000, 23.1%)
2026-01-30 00:25:41,289 - INFO - [235/1000] 좌표 235.0 처리 시작: (36.243003, 127.465892), snap_distance_m=195.4
2026-01-30 00:25:41,289 - INFO -   시나리오 생성 중...
2026-01-30 00:26:18,401 - INFO -   시나리오 생성 완료 (37.11초, API 호출: 36회)
2026-01-30 00:26:18,416 - INFO -   시뮬레이션 실행 중...
2026-01-30 00:26:19,080 - INFO -   시뮬레이션 완료 (0.66초)
2026-01-30 00:26:19,080 - INFO - 좌표 235.0 완료 (232/1000, 23.2%)
2026-01-30 00:26:19,080 - INFO - [236/1000] 좌표 236.0 처리 시작: (36.353716, 127.518502), snap_distance_m=77.8
2026-01-30 00:26:19,080 - INFO -   시나리오 생성 중...
2026-01-30 00:26:58,258 - INFO -   시나리오 생성 완료 (39.18초, API 호출: 38회)
2026-01-30 00:26:58,258 - INFO -   시뮬레이션 실행 중...
2026-01-30 00:26:59,013 - INFO -   시뮬레이션 완료 (0.76초)
2026-01-30 00:26:59,013 - INFO - 좌표 236.0 완료 (233/1000, 23.3%)
2026-01-30 00:26:59,013 - INFO - [237/1000] 좌표 237.0 처리 시작: (36.328444, 127.290530), snap_distance_m=64.4
2026-01-30 00:26:59,013 - INFO -   시나리오 생성 중...
2026-01-30 00:27:36,232 - INFO -   시나리오 생성 완료 (37.22초, API 호출: 36회)
2026-01-30 00:27:36,232 - INFO -   시뮬레이션 실행 중...
2026-01-30 00:27:36,921 - INFO -   시뮬레이션 완료 (0.69초)
2026-01-30 00:27:36,921 - INFO - 좌표 237.0 완료 (234/1000, 23.4%)
2026-01-30 00:27:36,921 - INFO - [238/1000] 좌표 238.0 처리 시작: (36.334082, 127.365353), snap_distance_m=36.7
2026-01-30 00:27:36,921 - INFO -   시나리오 생성 중...
2026-01-30 00:28:14,026 - INFO -   시나리오 생성 완료 (37.11초, API 호출: 36회)
2026-01-30 00:28:14,026 - INFO -   시뮬레이션 실행 중...
2026-01-30 00:28:14,718 - INFO -   시뮬레이션 완료 (0.69초)
2026-01-30 00:28:14,718 - INFO - 좌표 238.0 완료 (235/1000, 23.5%)
2026-01-30 00:28:14,718 - INFO - [239/1000] 좌표 239.0 처리 시작: (36.350763, 127.507952), snap_distance_m=202.7
2026-01-30 00:28:14,718 - INFO -   시나리오 생성 중...
2026-01-30 00:28:53,912 - INFO -   시나리오 생성 완료 (39.19초, API 호출: 38회)
2026-01-30 00:28:53,912 - INFO -   시뮬레이션 실행 중...
2026-01-30 00:28:54,587 - INFO -   시뮬레이션 완료 (0.67초)
2026-01-30 00:28:54,587 - INFO - 좌표 239.0 완료 (236/1000, 23.6%)
2026-01-30 00:28:54,587 - INFO - [240/1000] 좌표 240.0 처리 시작: (36.311940, 127.469900), snap_distance_m=115.4
2026-01-30 00:28:54,587 - INFO -   시나리오 생성 중...
2026-01-30 00:29:31,687 - INFO -   시나리오 생성 완료 (37.1초, API 호출: 36회)
2026-01-30 00:29:31,687 - INFO -   시뮬레이션 실행 중...
2026-01-30 00:29:32,363 - INFO -   시뮬레이션 완료 (0.68초)
2026-01-30 00:29:32,363 - INFO - 좌표 240.0 완료 (237/1000, 23.7%)
2026-01-30 00:29:32,363 - INFO - [241/1000] 좌표 241.0 처리 시작: (36.312879, 127.453276), snap_distance_m=16.1
2026-01-30 00:29:32,363 - INFO -   시나리오 생성 중...
2026-01-30 00:30:09,500 - INFO -   시나리오 생성 완료 (37.14초, API 호출: 36회)
2026-01-30 00:30:09,500 - INFO -   시뮬레이션 실행 중...
2026-01-30 00:30:10,173 - INFO -   시뮬레이션 완료 (0.67초)
2026-01-30 00:30:10,173 - INFO - 좌표 241.0 완료 (238/1000, 23.8%)
2026-01-30 00:30:10,173 - INFO - [242/1000] 좌표 242.0 처리 시작: (36.325130, 127.302790), snap_distance_m=16.6
2026-01-30 00:30:10,173 - INFO -   시나리오 생성 중...
2026-01-30 00:30:47,329 - INFO -   시나리오 생성 완료 (37.16초, API 호출: 36회)
2026-01-30 00:30:47,329 - INFO -   시뮬레이션 실행 중...
2026-01-30 00:30:48,008 - INFO -   시뮬레이션 완료 (0.68초)
2026-01-30 00:30:48,008 - INFO - 좌표 242.0 완료 (239/1000, 23.9%)
2026-01-30 00:30:48,023 - INFO - [243/1000] 좌표 243.0 처리 시작: (36.340814, 127.486121), snap_distance_m=227.1
2026-01-30 00:30:48,023 - INFO -   시나리오 생성 중...
2026-01-30 00:31:26,720 - INFO -   시나리오 생성 완료 (38.7초, API 호출: 37회)
2026-01-30 00:31:26,720 - INFO -   시뮬레이션 실행 중...
2026-01-30 00:31:27,395 - INFO -   시뮬레이션 완료 (0.68초)
2026-01-30 00:31:27,395 - INFO - 좌표 243.0 완료 (240/1000, 24.0%)
2026-01-30 00:31:27,395 - INFO - [244/1000] 좌표 244.0 처리 시작: (36.272011, 127.376670), snap_distance_m=28.5
2026-01-30 00:31:27,395 - INFO -   시나리오 생성 중...
2026-01-30 00:32:03,536 - INFO -   시나리오 생성 완료 (36.14초, API 호출: 35회)
2026-01-30 00:32:03,536 - INFO -   시뮬레이션 실행 중...
2026-01-30 00:32:04,227 - INFO -   시뮬레이션 완료 (0.69초)
2026-01-30 00:32:04,227 - INFO - 좌표 244.0 완료 (241/1000, 24.1%)
2026-01-30 00:32:04,227 - INFO - [245/1000] 좌표 245.0 처리 시작: (36.315452, 127.264283), snap_distance_m=35.7
2026-01-30 00:32:04,227 - INFO -   시나리오 생성 중...
2026-01-30 00:32:41,366 - INFO -   시나리오 생성 완료 (37.14초, API 호출: 36회)
2026-01-30 00:32:41,366 - INFO -   시뮬레이션 실행 중...
2026-01-30 00:32:42,044 - INFO -   시뮬레이션 완료 (0.68초)
2026-01-30 00:32:42,044 - INFO - 좌표 245.0 완료 (242/1000, 24.2%)
2026-01-30 00:32:42,044 - INFO - [246/1000] 좌표 246.0 처리 시작: (36.451192, 127.417501), snap_distance_m=132.7
2026-01-30 00:32:42,044 - INFO -   시나리오 생성 중...
2026-01-30 00:33:21,185 - INFO -   시나리오 생성 완료 (39.14초, API 호출: 38회)
2026-01-30 00:33:21,185 - INFO -   시뮬레이션 실행 중...
2026-01-30 00:33:21,867 - INFO -   시뮬레이션 완료 (0.68초)
2026-01-30 00:33:21,867 - INFO - 좌표 246.0 완료 (243/1000, 24.3%)
2026-01-30 00:33:21,867 - INFO - [247/1000] 좌표 247.0 처리 시작: (36.312340, 127.435556), snap_distance_m=9.6
2026-01-30 00:33:21,867 - INFO -   시나리오 생성 중...
2026-01-30 00:33:58,005 - INFO -   시나리오 생성 완료 (36.14초, API 호출: 35회)
2026-01-30 00:33:58,005 - INFO -   시뮬레이션 실행 중...
2026-01-30 00:33:58,679 - INFO -   시뮬레이션 완료 (0.67초)
2026-01-30 00:33:58,679 - INFO - 좌표 247.0 완료 (244/1000, 24.4%)
2026-01-30 00:33:58,679 - INFO - [248/1000] 좌표 248.0 처리 시작: (36.337087, 127.392481), snap_distance_m=23.1
2026-01-30 00:33:58,679 - INFO -   시나리오 생성 중...
2026-01-30 00:34:35,864 - INFO -   시나리오 생성 완료 (37.18초, API 호출: 36회)
2026-01-30 00:34:35,864 - INFO -   시뮬레이션 실행 중...
2026-01-30 00:34:36,614 - INFO -   시뮬레이션 완료 (0.75초)
2026-01-30 00:34:36,614 - INFO - 좌표 248.0 완료 (245/1000, 24.5%)
2026-01-30 00:34:36,614 - INFO - [249/1000] 좌표 249.0 처리 시작: (36.297451, 127.354321), snap_distance_m=9.2
2026-01-30 00:34:36,614 - INFO -   시나리오 생성 중...
2026-01-30 00:35:13,736 - INFO -   시나리오 생성 완료 (37.12초, API 호출: 36회)
2026-01-30 00:35:13,736 - INFO -   시뮬레이션 실행 중...
2026-01-30 00:35:14,426 - INFO -   시뮬레이션 완료 (0.69초)
2026-01-30 00:35:14,426 - INFO - 좌표 249.0 완료 (246/1000, 24.6%)
2026-01-30 00:35:14,426 - INFO - [250/1000] 좌표 250.0 처리 시작: (36.409953, 127.540401), snap_distance_m=47.3
2026-01-30 00:35:14,426 - INFO -   시나리오 생성 중...
2026-01-30 00:35:54,605 - INFO -   시나리오 생성 완료 (40.18초, API 호출: 39회)
2026-01-30 00:35:54,605 - INFO -   시뮬레이션 실행 중...
2026-01-30 00:35:55,281 - INFO -   시뮬레이션 완료 (0.68초)
2026-01-30 00:35:55,281 - INFO - 좌표 250.0 완료 (247/1000, 24.7%)
2026-01-30 00:35:55,281 - INFO - [251/1000] 좌표 251.0 처리 시작: (36.276012, 127.406805), snap_distance_m=104.6
2026-01-30 00:35:55,281 - INFO -   시나리오 생성 중...
2026-01-30 00:36:32,406 - INFO -   시나리오 생성 완료 (37.13초, API 호출: 36회)
2026-01-30 00:36:32,406 - INFO -   시뮬레이션 실행 중...
2026-01-30 00:36:33,105 - INFO -   시뮬레이션 완료 (0.7초)
2026-01-30 00:36:33,105 - INFO - 좌표 251.0 완료 (248/1000, 24.8%)
2026-01-30 00:36:33,105 - INFO - [252/1000] 좌표 252.0 처리 시작: (36.391107, 127.452357), snap_distance_m=56.5
2026-01-30 00:36:33,105 - INFO -   시나리오 생성 중...
2026-01-30 00:37:12,289 - INFO -   시나리오 생성 완료 (39.18초, API 호출: 38회)
2026-01-30 00:37:12,305 - INFO -   시뮬레이션 실행 중...
2026-01-30 00:37:12,988 - INFO -   시뮬레이션 완료 (0.68초)
2026-01-30 00:37:12,988 - INFO - 좌표 252.0 완료 (249/1000, 24.9%)
2026-01-30 00:37:12,988 - INFO - [253/1000] 좌표 253.0 처리 시작: (36.411862, 127.420067), snap_distance_m=142.3
2026-01-30 00:37:12,988 - INFO -   시나리오 생성 중...
2026-01-30 00:37:53,138 - INFO -   시나리오 생성 완료 (40.15초, API 호출: 39회)
2026-01-30 00:37:53,138 - INFO -   시뮬레이션 실행 중...
2026-01-30 00:37:53,832 - INFO -   시뮬레이션 완료 (0.69초)
2026-01-30 00:37:53,832 - INFO - 좌표 253.0 완료 (250/1000, 25.0%)
2026-01-30 00:37:53,832 - INFO - [254/1000] 좌표 254.0 처리 시작: (36.360807, 127.329602), snap_distance_m=4.4
2026-01-30 00:37:53,832 - INFO -   시나리오 생성 중...
2026-01-30 00:38:32,950 - INFO -   시나리오 생성 완료 (39.12초, API 호출: 38회)
2026-01-30 00:38:32,950 - INFO -   시뮬레이션 실행 중...
2026-01-30 00:38:33,633 - INFO -   시뮬레이션 완료 (0.68초)
2026-01-30 00:38:33,633 - INFO - 좌표 254.0 완료 (251/1000, 25.1%)
2026-01-30 00:38:33,633 - INFO - [255/1000] 좌표 255.0 처리 시작: (36.403731, 127.471884), snap_distance_m=111.8
2026-01-30 00:38:33,633 - INFO -   시나리오 생성 중...
2026-01-30 00:39:12,786 - INFO -   시나리오 생성 완료 (39.15초, API 호출: 38회)
2026-01-30 00:39:12,786 - INFO -   시뮬레이션 실행 중...
2026-01-30 00:39:13,461 - INFO -   시뮬레이션 완료 (0.68초)
2026-01-30 00:39:13,461 - INFO - 좌표 255.0 완료 (252/1000, 25.2%)
2026-01-30 00:39:13,461 - INFO - [256/1000] 좌표 256.0 처리 시작: (36.290749, 127.294305), snap_distance_m=159.3
2026-01-30 00:39:13,461 - INFO -   시나리오 생성 중...
2026-01-30 00:39:50,616 - INFO -   시나리오 생성 완료 (37.16초, API 호출: 36회)
2026-01-30 00:39:50,616 - INFO -   시뮬레이션 실행 중...
2026-01-30 00:39:51,292 - INFO -   시뮬레이션 완료 (0.68초)
2026-01-30 00:39:51,292 - INFO - 좌표 256.0 완료 (253/1000, 25.3%)
2026-01-30 00:39:51,292 - INFO - [257/1000] 좌표 257.0 처리 시작: (36.323312, 127.395677), snap_distance_m=30.3
2026-01-30 00:39:51,292 - INFO -   시나리오 생성 중...
2026-01-30 00:40:28,394 - INFO -   시나리오 생성 완료 (37.1초, API 호출: 36회)
2026-01-30 00:40:28,394 - INFO -   시뮬레이션 실행 중...
2026-01-30 00:40:29,069 - INFO -   시뮬레이션 완료 (0.67초)
2026-01-30 00:40:29,069 - INFO - 좌표 257.0 완료 (254/1000, 25.4%)
2026-01-30 00:40:29,069 - INFO - [258/1000] 좌표 258.0 처리 시작: (36.216521, 127.449384), snap_distance_m=110.3
2026-01-30 00:40:29,069 - INFO -   시나리오 생성 중...
2026-01-30 00:41:07,241 - INFO -   시나리오 생성 완료 (38.17초, API 호출: 37회)
2026-01-30 00:41:07,241 - INFO -   시뮬레이션 실행 중...
2026-01-30 00:41:07,943 - INFO -   시뮬레이션 완료 (0.7초)
2026-01-30 00:41:07,943 - INFO - 좌표 258.0 완료 (255/1000, 25.5%)
2026-01-30 00:41:07,943 - INFO - [259/1000] 좌표 259.0 처리 시작: (36.246235, 127.328611), snap_distance_m=152.4
2026-01-30 00:41:07,943 - INFO -   시나리오 생성 중...
2026-01-30 00:41:44,058 - INFO -   시나리오 생성 완료 (36.11초, API 호출: 35회)
2026-01-30 00:41:44,058 - INFO -   시뮬레이션 실행 중...
2026-01-30 00:41:44,727 - INFO -   시뮬레이션 완료 (0.67초)
2026-01-30 00:41:44,727 - INFO - 좌표 259.0 완료 (256/1000, 25.6%)
2026-01-30 00:41:44,727 - INFO - [260/1000] 좌표 260.0 처리 시작: (36.306240, 127.385454), snap_distance_m=0.5
2026-01-30 00:41:44,727 - INFO -   시나리오 생성 중...
2026-01-30 00:42:21,841 - INFO -   시나리오 생성 완료 (37.11초, API 호출: 36회)
2026-01-30 00:42:21,841 - INFO -   시뮬레이션 실행 중...
2026-01-30 00:42:22,556 - INFO -   시뮬레이션 완료 (0.71초)
2026-01-30 00:42:22,557 - INFO - 좌표 260.0 완료 (257/1000, 25.7%)
2026-01-30 00:42:22,557 - INFO - [261/1000] 좌표 261.0 처리 시작: (36.430247, 127.370038), snap_distance_m=39.3
2026-01-30 00:42:22,557 - INFO -   시나리오 생성 중...
2026-01-30 00:43:00,711 - INFO -   시나리오 생성 완료 (38.15초, API 호출: 37회)
2026-01-30 00:43:00,711 - INFO -   시뮬레이션 실행 중...
2026-01-30 00:43:01,387 - INFO -   시뮬레이션 완료 (0.68초)
2026-01-30 00:43:01,387 - INFO - 좌표 261.0 완료 (258/1000, 25.8%)
2026-01-30 00:43:01,387 - INFO - [262/1000] 좌표 262.0 처리 시작: (36.341581, 127.444286), snap_distance_m=25.4
2026-01-30 00:43:01,387 - INFO -   시나리오 생성 중...
2026-01-30 00:43:40,293 - INFO -   시나리오 생성 완료 (38.91초, API 호출: 37회)
2026-01-30 00:43:40,293 - INFO -   시뮬레이션 실행 중...
2026-01-30 00:43:40,976 - INFO -   시뮬레이션 완료 (0.68초)
2026-01-30 00:43:40,976 - INFO - 좌표 262.0 완료 (259/1000, 25.9%)
2026-01-30 00:43:40,976 - INFO - [263/1000] 좌표 263.0 처리 시작: (36.261600, 127.295096), snap_distance_m=44.7
2026-01-30 00:43:40,976 - INFO -   시나리오 생성 중...
2026-01-30 00:44:18,110 - INFO -   시나리오 생성 완료 (37.13초, API 호출: 36회)
2026-01-30 00:44:18,110 - INFO -   시뮬레이션 실행 중...
2026-01-30 00:44:18,778 - INFO -   시뮬레이션 완료 (0.67초)
2026-01-30 00:44:18,778 - INFO - 좌표 263.0 완료 (260/1000, 26.0%)
2026-01-30 00:44:18,778 - INFO - [264/1000] 좌표 264.0 처리 시작: (36.278567, 127.441731), snap_distance_m=5.8
2026-01-30 00:44:18,778 - INFO -   시나리오 생성 중...
2026-01-30 00:44:55,718 - INFO -   시나리오 생성 완료 (36.94초, API 호출: 35회)
2026-01-30 00:44:55,718 - INFO -   시뮬레이션 실행 중...
2026-01-30 00:44:56,398 - INFO -   시뮬레이션 완료 (0.68초)
2026-01-30 00:44:56,398 - INFO - 좌표 264.0 완료 (261/1000, 26.1%)
2026-01-30 00:44:56,398 - INFO - [265/1000] 좌표 265.0 처리 시작: (36.360334, 127.298971), snap_distance_m=47.1
2026-01-30 00:44:56,398 - INFO -   시나리오 생성 중...
2026-01-30 00:45:34,561 - INFO -   시나리오 생성 완료 (38.16초, API 호출: 37회)
2026-01-30 00:45:34,561 - INFO -   시뮬레이션 실행 중...
2026-01-30 00:45:35,254 - INFO -   시뮬레이션 완료 (0.69초)
2026-01-30 00:45:35,254 - INFO - 좌표 265.0 완료 (262/1000, 26.2%)
2026-01-30 00:45:35,254 - INFO - [266/1000] 좌표 266.0 처리 시작: (36.344090, 127.433374), snap_distance_m=43.7
2026-01-30 00:45:35,254 - INFO -   시나리오 생성 중...
2026-01-30 00:46:13,359 - INFO -   시나리오 생성 완료 (38.1초, API 호출: 37회)
2026-01-30 00:46:13,359 - INFO -   시뮬레이션 실행 중...
2026-01-30 00:46:14,043 - INFO -   시뮬레이션 완료 (0.68초)
2026-01-30 00:46:14,043 - INFO - 좌표 266.0 완료 (263/1000, 26.3%)
2026-01-30 00:46:14,043 - INFO - [267/1000] 좌표 267.0 처리 시작: (36.355277, 127.409398), snap_distance_m=20.5
2026-01-30 00:46:14,043 - INFO -   시나리오 생성 중...
2026-01-30 00:46:53,155 - INFO -   시나리오 생성 완료 (39.11초, API 호출: 38회)
2026-01-30 00:46:53,155 - INFO -   시뮬레이션 실행 중...
2026-01-30 00:46:53,837 - INFO -   시뮬레이션 완료 (0.68초)
2026-01-30 00:46:53,837 - INFO - 좌표 267.0 완료 (264/1000, 26.4%)
2026-01-30 00:46:53,837 - INFO - [268/1000] 좌표 268.0 처리 시작: (36.448856, 127.426658), snap_distance_m=5.6
2026-01-30 00:46:53,837 - INFO -   시나리오 생성 중...
2026-01-30 00:47:32,963 - INFO -   시나리오 생성 완료 (39.13초, API 호출: 38회)
2026-01-30 00:47:32,963 - INFO -   시뮬레이션 실행 중...
2026-01-30 00:47:33,659 - INFO -   시뮬레이션 완료 (0.7초)
2026-01-30 00:47:33,659 - INFO - 좌표 268.0 완료 (265/1000, 26.5%)
2026-01-30 00:47:33,659 - INFO - [269/1000] 좌표 269.0 처리 시작: (36.321043, 127.417618), snap_distance_m=4.3
2026-01-30 00:47:33,659 - INFO -   시나리오 생성 중...
2026-01-30 00:48:09,801 - INFO -   시나리오 생성 완료 (36.14초, API 호출: 35회)
2026-01-30 00:48:09,801 - INFO -   시뮬레이션 실행 중...
2026-01-30 00:48:10,491 - INFO -   시뮬레이션 완료 (0.69초)
2026-01-30 00:48:10,491 - INFO - 좌표 269.0 완료 (266/1000, 26.6%)
2026-01-30 00:48:10,491 - INFO - [270/1000] 좌표 270.0 처리 시작: (36.267833, 127.319302), snap_distance_m=130.8
2026-01-30 00:48:10,491 - INFO -   시나리오 생성 중...
2026-01-30 00:48:46,628 - INFO -   시나리오 생성 완료 (36.14초, API 호출: 35회)
2026-01-30 00:48:46,628 - INFO -   시뮬레이션 실행 중...
2026-01-30 00:48:47,310 - INFO -   시뮬레이션 완료 (0.68초)
2026-01-30 00:48:47,310 - INFO - 좌표 270.0 완료 (267/1000, 26.7%)
2026-01-30 00:48:47,311 - INFO - [271/1000] 좌표 271.0 처리 시작: (36.281662, 127.428542), snap_distance_m=167.5
2026-01-30 00:48:47,312 - INFO -   시나리오 생성 중...
2026-01-30 00:49:24,472 - INFO -   시나리오 생성 완료 (37.16초, API 호출: 36회)
2026-01-30 00:49:24,472 - INFO -   시뮬레이션 실행 중...
2026-01-30 00:49:25,155 - INFO -   시뮬레이션 완료 (0.68초)
2026-01-30 00:49:25,155 - INFO - 좌표 271.0 완료 (268/1000, 26.8%)
2026-01-30 00:49:25,155 - INFO - [272/1000] 좌표 272.0 처리 시작: (36.389268, 127.414529), snap_distance_m=40.3
2026-01-30 00:49:25,155 - INFO -   시나리오 생성 중...
2026-01-30 00:50:11,750 - INFO -   시나리오 생성 완료 (46.6초, API 호출: 38회)
2026-01-30 00:50:11,750 - INFO -   시뮬레이션 실행 중...
2026-01-30 00:50:12,487 - INFO -   시뮬레이션 완료 (0.74초)
2026-01-30 00:50:12,487 - INFO - 좌표 272.0 완료 (269/1000, 26.9%)
2026-01-30 00:50:12,487 - INFO - [273/1000] 좌표 273.0 처리 시작: (36.424262, 127.448819), snap_distance_m=117.5
2026-01-30 00:50:12,487 - INFO -   시나리오 생성 중...
2026-01-30 00:50:51,892 - INFO -   시나리오 생성 완료 (39.4초, API 호출: 38회)
2026-01-30 00:50:51,892 - INFO -   시뮬레이션 실행 중...
2026-01-30 00:50:52,586 - INFO -   시뮬레이션 완료 (0.69초)
2026-01-30 00:50:52,586 - INFO - 좌표 273.0 완료 (270/1000, 27.0%)
2026-01-30 00:50:52,586 - INFO - [274/1000] 좌표 274.0 처리 시작: (36.409064, 127.385094), snap_distance_m=60.7
2026-01-30 00:50:52,586 - INFO -   시나리오 생성 중...
2026-01-30 00:51:30,709 - INFO -   시나리오 생성 완료 (38.12초, API 호출: 37회)
2026-01-30 00:51:30,709 - INFO -   시뮬레이션 실행 중...
2026-01-30 00:51:31,401 - INFO -   시뮬레이션 완료 (0.69초)
2026-01-30 00:51:31,401 - INFO - 좌표 274.0 완료 (271/1000, 27.1%)
2026-01-30 00:51:31,401 - INFO - [275/1000] 좌표 275.0 처리 시작: (36.386992, 127.516957), snap_distance_m=42.7
2026-01-30 00:51:31,401 - INFO -   시나리오 생성 중...
2026-01-30 00:52:11,558 - INFO -   시나리오 생성 완료 (40.16초, API 호출: 39회)
2026-01-30 00:52:11,558 - INFO -   시뮬레이션 실행 중...
2026-01-30 00:52:12,234 - INFO -   시뮬레이션 완료 (0.68초)
2026-01-30 00:52:12,234 - INFO - 좌표 275.0 완료 (272/1000, 27.2%)
2026-01-30 00:52:12,234 - INFO - [276/1000] 좌표 276.0 처리 시작: (36.411344, 127.307451), snap_distance_m=5.1
2026-01-30 00:52:12,234 - INFO -   시나리오 생성 중...
2026-01-30 00:52:50,350 - INFO -   시나리오 생성 완료 (38.12초, API 호출: 37회)
2026-01-30 00:52:50,350 - INFO -   시뮬레이션 실행 중...
2026-01-30 00:52:51,038 - INFO -   시뮬레이션 완료 (0.69초)
2026-01-30 00:52:51,038 - INFO - 좌표 276.0 완료 (273/1000, 27.3%)
2026-01-30 00:52:51,038 - INFO - [277/1000] 좌표 277.0 처리 시작: (36.488791, 127.386545), snap_distance_m=148.0
2026-01-30 00:52:51,038 - INFO -   시나리오 생성 중...
2026-01-30 00:53:29,162 - INFO -   시나리오 생성 완료 (38.12초, API 호출: 37회)
2026-01-30 00:53:29,162 - INFO -   시뮬레이션 실행 중...
2026-01-30 00:53:29,842 - INFO -   시뮬레이션 완료 (0.68초)
2026-01-30 00:53:29,842 - INFO - 좌표 277.0 완료 (274/1000, 27.4%)
2026-01-30 00:53:29,842 - INFO - [278/1000] 좌표 278.0 처리 시작: (36.435868, 127.398659), snap_distance_m=23.6
2026-01-30 00:53:29,842 - INFO -   시나리오 생성 중...
2026-01-30 00:54:07,972 - INFO -   시나리오 생성 완료 (38.13초, API 호출: 37회)
2026-01-30 00:54:07,972 - INFO -   시뮬레이션 실행 중...
2026-01-30 00:54:08,649 - INFO -   시뮬레이션 완료 (0.68초)
2026-01-30 00:54:08,649 - INFO - 좌표 278.0 완료 (275/1000, 27.5%)
2026-01-30 00:54:08,649 - INFO - [279/1000] 좌표 279.0 처리 시작: (36.415665, 127.294826), snap_distance_m=46.6
2026-01-30 00:54:08,649 - INFO -   시나리오 생성 중...
2026-01-30 00:54:46,835 - INFO -   시나리오 생성 완료 (38.19초, API 호출: 37회)
2026-01-30 00:54:46,835 - INFO -   시뮬레이션 실행 중...
2026-01-30 00:54:47,516 - INFO -   시뮬레이션 완료 (0.68초)
2026-01-30 00:54:47,518 - INFO - 좌표 279.0 완료 (276/1000, 27.6%)
2026-01-30 00:54:47,518 - INFO - [280/1000] 좌표 280.0 처리 시작: (36.319112, 127.290543), snap_distance_m=7.5
2026-01-30 00:54:47,518 - INFO -   시나리오 생성 중...
2026-01-30 00:55:24,619 - INFO -   시나리오 생성 완료 (37.1초, API 호출: 36회)
2026-01-30 00:55:24,619 - INFO -   시뮬레이션 실행 중...
2026-01-30 00:55:25,293 - INFO -   시뮬레이션 완료 (0.67초)
2026-01-30 00:55:25,293 - INFO - 좌표 280.0 완료 (277/1000, 27.7%)
2026-01-30 00:55:25,293 - INFO - [281/1000] 좌표 281.0 처리 시작: (36.423044, 127.306340), snap_distance_m=194.2
2026-01-30 00:55:25,293 - INFO -   시나리오 생성 중...
2026-01-30 00:56:03,436 - INFO -   시나리오 생성 완료 (38.14초, API 호출: 37회)
2026-01-30 00:56:03,437 - INFO -   시뮬레이션 실행 중...
2026-01-30 00:56:04,111 - INFO -   시뮬레이션 완료 (0.67초)
2026-01-30 00:56:04,111 - INFO - 좌표 281.0 완료 (278/1000, 27.8%)
2026-01-30 00:56:04,111 - INFO - [282/1000] 좌표 282.0 처리 시작: (36.284471, 127.495919), snap_distance_m=128.6
2026-01-30 00:56:04,111 - INFO -   시나리오 생성 중...
2026-01-30 00:56:41,254 - INFO -   시나리오 생성 완료 (37.14초, API 호출: 36회)
2026-01-30 00:56:41,254 - INFO -   시뮬레이션 실행 중...
2026-01-30 00:56:41,952 - INFO -   시뮬레이션 완료 (0.7초)
2026-01-30 00:56:41,952 - INFO - 좌표 282.0 완료 (279/1000, 27.9%)
2026-01-30 00:56:41,952 - INFO - [283/1000] 좌표 283.0 처리 시작: (36.322854, 127.360488), snap_distance_m=160.9
2026-01-30 00:56:41,952 - INFO -   시나리오 생성 중...
2026-01-30 00:57:19,099 - INFO -   시나리오 생성 완료 (37.15초, API 호출: 36회)
2026-01-30 00:57:19,099 - INFO -   시뮬레이션 실행 중...
2026-01-30 00:57:19,771 - INFO -   시뮬레이션 완료 (0.67초)
2026-01-30 00:57:19,771 - INFO - 좌표 283.0 완료 (280/1000, 28.0%)
2026-01-30 00:57:19,771 - INFO - [284/1000] 좌표 284.0 처리 시작: (36.436987, 127.408161), snap_distance_m=71.4
2026-01-30 00:57:19,771 - INFO -   시나리오 생성 중...
2026-01-30 00:57:57,914 - INFO -   시나리오 생성 완료 (38.14초, API 호출: 37회)
2026-01-30 00:57:57,914 - INFO -   시뮬레이션 실행 중...
2026-01-30 00:57:58,579 - INFO -   시뮬레이션 완료 (0.67초)
2026-01-30 00:57:58,579 - INFO - 좌표 284.0 완료 (281/1000, 28.1%)
2026-01-30 00:57:58,579 - INFO - [285/1000] 좌표 285.0 처리 시작: (36.337462, 127.319833), snap_distance_m=6.2
2026-01-30 00:57:58,579 - INFO -   시나리오 생성 중...
2026-01-30 00:58:35,902 - INFO -   시나리오 생성 완료 (37.32초, API 호출: 36회)
2026-01-30 00:58:35,902 - INFO -   시뮬레이션 실행 중...
2026-01-30 00:58:36,597 - INFO -   시뮬레이션 완료 (0.7초)
2026-01-30 00:58:36,597 - INFO - 좌표 285.0 완료 (282/1000, 28.2%)
2026-01-30 00:58:36,597 - INFO - [286/1000] 좌표 286.0 처리 시작: (36.321009, 127.397983), snap_distance_m=11.0
2026-01-30 00:58:36,597 - INFO -   시나리오 생성 중...
2026-01-30 00:59:13,963 - INFO -   시나리오 생성 완료 (37.37초, API 호출: 36회)
2026-01-30 00:59:13,963 - INFO -   시뮬레이션 실행 중...
2026-01-30 00:59:14,654 - INFO -   시뮬레이션 완료 (0.69초)
2026-01-30 00:59:14,654 - INFO - 좌표 286.0 완료 (283/1000, 28.3%)
2026-01-30 00:59:14,654 - INFO - [287/1000] 좌표 287.0 처리 시작: (36.226479, 127.446638), snap_distance_m=51.9
2026-01-30 00:59:14,654 - INFO -   시나리오 생성 중...
2026-01-30 00:59:51,963 - INFO -   시나리오 생성 완료 (37.31초, API 호출: 36회)
2026-01-30 00:59:51,963 - INFO -   시뮬레이션 실행 중...
2026-01-30 00:59:52,639 - INFO -   시뮬레이션 완료 (0.68초)
2026-01-30 00:59:52,639 - INFO - 좌표 287.0 완료 (284/1000, 28.4%)
2026-01-30 00:59:52,639 - INFO - [288/1000] 좌표 288.0 처리 시작: (36.291834, 127.252851), snap_distance_m=3.8
2026-01-30 00:59:52,639 - INFO -   시나리오 생성 중...
2026-01-30 01:00:30,304 - INFO -   시나리오 생성 완료 (37.66초, API 호출: 36회)
2026-01-30 01:00:30,304 - INFO -   시뮬레이션 실행 중...
2026-01-30 01:00:30,980 - INFO -   시뮬레이션 완료 (0.68초)
2026-01-30 01:00:30,980 - INFO - 좌표 288.0 완료 (285/1000, 28.5%)
2026-01-30 01:00:30,980 - INFO - [289/1000] 좌표 289.0 처리 시작: (36.369549, 127.322794), snap_distance_m=6.4
2026-01-30 01:00:30,980 - INFO -   시나리오 생성 중...
2026-01-30 01:01:10,500 - INFO -   시나리오 생성 완료 (39.52초, API 호출: 38회)
2026-01-30 01:01:10,500 - INFO -   시뮬레이션 실행 중...
2026-01-30 01:01:11,183 - INFO -   시뮬레이션 완료 (0.68초)
2026-01-30 01:01:11,183 - INFO - 좌표 289.0 완료 (286/1000, 28.6%)
2026-01-30 01:01:11,183 - INFO - [290/1000] 좌표 290.0 처리 시작: (36.366076, 127.420595), snap_distance_m=0.4
2026-01-30 01:01:11,183 - INFO -   시나리오 생성 중...
2026-01-30 01:01:50,315 - INFO -   시나리오 생성 완료 (39.13초, API 호출: 38회)
2026-01-30 01:01:50,315 - INFO -   시뮬레이션 실행 중...
2026-01-30 01:01:50,990 - INFO -   시뮬레이션 완료 (0.68초)
2026-01-30 01:01:50,990 - INFO - 좌표 290.0 완료 (287/1000, 28.7%)
2026-01-30 01:01:51,006 - INFO - [291/1000] 좌표 291.0 처리 시작: (36.368387, 127.421295), snap_distance_m=62.3
2026-01-30 01:01:51,006 - INFO -   시나리오 생성 중...
2026-01-30 01:02:30,148 - INFO -   시나리오 생성 완료 (39.14초, API 호출: 38회)
2026-01-30 01:02:30,148 - INFO -   시뮬레이션 실행 중...
2026-01-30 01:02:30,836 - INFO -   시뮬레이션 완료 (0.69초)
2026-01-30 01:02:30,836 - INFO - 좌표 291.0 완료 (288/1000, 28.8%)
2026-01-30 01:02:30,836 - INFO - [292/1000] 좌표 292.0 처리 시작: (36.368896, 127.333878), snap_distance_m=12.2
2026-01-30 01:02:30,836 - INFO -   시나리오 생성 중...
2026-01-30 01:03:10,044 - INFO -   시나리오 생성 완료 (39.21초, API 호출: 38회)
2026-01-30 01:03:10,044 - INFO -   시뮬레이션 실행 중...
2026-01-30 01:03:10,724 - INFO -   시뮬레이션 완료 (0.68초)
2026-01-30 01:03:10,724 - INFO - 좌표 292.0 완료 (289/1000, 28.9%)
2026-01-30 01:03:10,724 - INFO - [293/1000] 좌표 293.0 처리 시작: (36.405134, 127.346079), snap_distance_m=3.6
2026-01-30 01:03:10,724 - INFO -   시나리오 생성 중...
2026-01-30 01:03:49,881 - INFO -   시나리오 생성 완료 (39.16초, API 호출: 38회)
2026-01-30 01:03:49,881 - INFO -   시뮬레이션 실행 중...
2026-01-30 01:03:50,565 - INFO -   시뮬레이션 완료 (0.68초)
2026-01-30 01:03:50,565 - INFO - 좌표 293.0 완료 (290/1000, 29.0%)
2026-01-30 01:03:50,565 - INFO - [294/1000] 좌표 294.0 처리 시작: (36.428229, 127.442160), snap_distance_m=36.1
2026-01-30 01:03:50,565 - INFO -   시나리오 생성 중...
2026-01-30 01:04:29,675 - INFO -   시나리오 생성 완료 (39.11초, API 호출: 38회)
2026-01-30 01:04:29,675 - INFO -   시뮬레이션 실행 중...
2026-01-30 01:04:30,373 - INFO -   시뮬레이션 완료 (0.7초)
2026-01-30 01:04:30,375 - INFO - 좌표 294.0 완료 (291/1000, 29.1%)
2026-01-30 01:04:30,375 - INFO - [295/1000] 좌표 295.0 처리 시작: (36.323505, 127.332956), snap_distance_m=202.5
2026-01-30 01:04:30,375 - INFO -   시나리오 생성 중...
2026-01-30 01:05:08,525 - INFO -   시나리오 생성 완료 (38.15초, API 호출: 37회)
2026-01-30 01:05:08,525 - INFO -   시뮬레이션 실행 중...
2026-01-30 01:05:09,276 - INFO -   시뮬레이션 완료 (0.75초)
2026-01-30 01:05:09,276 - INFO - 좌표 295.0 완료 (292/1000, 29.2%)
2026-01-30 01:05:09,276 - INFO - [296/1000] 좌표 296.0 처리 시작: (36.308149, 127.385972), snap_distance_m=17.9
2026-01-30 01:05:09,276 - INFO -   시나리오 생성 중...
2026-01-30 01:05:46,413 - INFO -   시나리오 생성 완료 (37.14초, API 호출: 36회)
2026-01-30 01:05:46,413 - INFO -   시뮬레이션 실행 중...
2026-01-30 01:05:47,114 - INFO -   시뮬레이션 완료 (0.7초)
2026-01-30 01:05:47,114 - INFO - 좌표 296.0 완료 (293/1000, 29.3%)
2026-01-30 01:05:47,114 - INFO - [297/1000] 좌표 297.0 처리 시작: (36.327321, 127.373060), snap_distance_m=11.5
2026-01-30 01:05:47,114 - INFO -   시나리오 생성 중...
2026-01-30 01:06:25,258 - INFO -   시나리오 생성 완료 (38.14초, API 호출: 37회)
2026-01-30 01:06:25,258 - INFO -   시뮬레이션 실행 중...
2026-01-30 01:06:25,944 - INFO -   시뮬레이션 완료 (0.69초)
2026-01-30 01:06:25,944 - INFO - 좌표 297.0 완료 (294/1000, 29.4%)
2026-01-30 01:06:25,944 - INFO - [298/1000] 좌표 298.0 처리 시작: (36.251356, 127.400134), snap_distance_m=22.7
2026-01-30 01:06:25,944 - INFO -   시나리오 생성 중...
2026-01-30 01:07:02,095 - INFO -   시나리오 생성 완료 (36.15초, API 호출: 35회)
2026-01-30 01:07:02,095 - INFO -   시뮬레이션 실행 중...
2026-01-30 01:07:02,794 - INFO -   시뮬레이션 완료 (0.7초)
2026-01-30 01:07:02,794 - INFO - 좌표 298.0 완료 (295/1000, 29.5%)
2026-01-30 01:07:02,794 - INFO - [299/1000] 좌표 299.0 처리 시작: (36.370006, 127.314891), snap_distance_m=18.3
2026-01-30 01:07:02,794 - INFO -   시나리오 생성 중...
2026-01-30 01:07:40,971 - INFO -   시나리오 생성 완료 (38.18초, API 호출: 37회)
2026-01-30 01:07:40,971 - INFO -   시뮬레이션 실행 중...
2026-01-30 01:07:41,648 - INFO -   시뮬레이션 완료 (0.68초)
2026-01-30 01:07:41,648 - INFO - 좌표 299.0 완료 (296/1000, 29.6%)
2026-01-30 01:07:41,648 - INFO - [300/1000] 좌표 300.0 처리 시작: (36.376460, 127.357758), snap_distance_m=46.5
2026-01-30 01:07:41,648 - INFO -   시나리오 생성 중...
2026-01-30 01:08:20,793 - INFO -   시나리오 생성 완료 (39.15초, API 호출: 38회)
2026-01-30 01:08:20,793 - INFO -   시뮬레이션 실행 중...
2026-01-30 01:08:21,477 - INFO -   시뮬레이션 완료 (0.68초)
2026-01-30 01:08:21,477 - INFO - 좌표 300.0 완료 (297/1000, 29.7%)
2026-01-30 01:08:21,477 - INFO - [301/1000] 좌표 301.0 처리 시작: (36.389227, 127.480249), snap_distance_m=93.8
2026-01-30 01:08:21,477 - INFO -   시나리오 생성 중...
2026-01-30 01:09:00,662 - INFO -   시나리오 생성 완료 (39.18초, API 호출: 38회)
2026-01-30 01:09:00,662 - INFO -   시뮬레이션 실행 중...
2026-01-30 01:09:01,321 - INFO -   시뮬레이션 완료 (0.66초)
2026-01-30 01:09:01,337 - INFO - 좌표 301.0 완료 (298/1000, 29.8%)
2026-01-30 01:09:01,337 - INFO - [302/1000] 좌표 302.0 처리 시작: (36.296596, 127.322625), snap_distance_m=0.8
2026-01-30 01:09:01,337 - INFO -   시나리오 생성 중...
2026-01-30 01:09:39,521 - INFO -   시나리오 생성 완료 (38.18초, API 호출: 37회)
2026-01-30 01:09:39,521 - INFO -   시뮬레이션 실행 중...
2026-01-30 01:09:40,211 - INFO -   시뮬레이션 완료 (0.69초)
2026-01-30 01:09:40,211 - INFO - 좌표 302.0 완료 (299/1000, 29.9%)
2026-01-30 01:09:40,211 - INFO - [303/1000] 좌표 303.0 처리 시작: (36.255599, 127.319743), snap_distance_m=121.1
2026-01-30 01:09:40,211 - INFO -   시나리오 생성 중...
2026-01-30 01:10:19,889 - INFO -   시나리오 생성 완료 (39.68초, API 호출: 35회)
2026-01-30 01:10:19,889 - INFO -   시뮬레이션 실행 중...
2026-01-30 01:10:20,576 - INFO -   시뮬레이션 완료 (0.69초)
2026-01-30 01:10:20,576 - INFO - 좌표 303.0 완료 (300/1000, 30.0%)
2026-01-30 01:10:20,576 - INFO - [304/1000] 좌표 304.0 처리 시작: (36.318554, 127.279519), snap_distance_m=111.5
2026-01-30 01:10:20,576 - INFO -   시나리오 생성 중...
2026-01-30 01:10:57,818 - INFO -   시나리오 생성 완료 (37.24초, API 호출: 36회)
2026-01-30 01:10:57,818 - INFO -   시뮬레이션 실행 중...
2026-01-30 01:10:58,493 - INFO -   시뮬레이션 완료 (0.67초)
2026-01-30 01:10:58,493 - INFO - 좌표 304.0 완료 (301/1000, 30.1%)
2026-01-30 01:10:58,493 - INFO - [305/1000] 좌표 305.0 처리 시작: (36.439378, 127.349822), snap_distance_m=82.6
2026-01-30 01:10:58,493 - INFO -   시나리오 생성 중...
2026-01-30 01:11:36,680 - INFO -   시나리오 생성 완료 (38.19초, API 호출: 37회)
2026-01-30 01:11:36,680 - INFO -   시뮬레이션 실행 중...
2026-01-30 01:11:37,381 - INFO -   시뮬레이션 완료 (0.7초)
2026-01-30 01:11:37,381 - INFO - 좌표 305.0 완료 (302/1000, 30.2%)
2026-01-30 01:11:37,381 - INFO - [306/1000] 좌표 306.0 처리 시작: (36.405871, 127.290230), snap_distance_m=212.2
2026-01-30 01:11:37,381 - INFO -   시나리오 생성 중...
2026-01-30 01:12:15,539 - INFO -   시나리오 생성 완료 (38.16초, API 호출: 37회)
2026-01-30 01:12:15,539 - INFO -   시뮬레이션 실행 중...
2026-01-30 01:12:16,230 - INFO -   시뮬레이션 완료 (0.69초)
2026-01-30 01:12:16,230 - INFO - 좌표 306.0 완료 (303/1000, 30.3%)
2026-01-30 01:12:16,230 - INFO - [307/1000] 좌표 307.0 처리 시작: (36.418702, 127.413913), snap_distance_m=93.7
2026-01-30 01:12:16,230 - INFO -   시나리오 생성 중...
2026-01-30 01:12:56,393 - INFO -   시나리오 생성 완료 (40.16초, API 호출: 39회)
2026-01-30 01:12:56,393 - INFO -   시뮬레이션 실행 중...
2026-01-30 01:12:57,109 - INFO -   시뮬레이션 완료 (0.72초)
2026-01-30 01:12:57,109 - INFO - 좌표 307.0 완료 (304/1000, 30.4%)
2026-01-30 01:12:57,109 - INFO - [308/1000] 좌표 308.0 처리 시작: (36.252890, 127.312359), snap_distance_m=34.4
2026-01-30 01:12:57,109 - INFO -   시나리오 생성 중...
2026-01-30 01:13:33,332 - INFO -   시나리오 생성 완료 (36.22초, API 호출: 35회)
2026-01-30 01:13:33,332 - INFO -   시뮬레이션 실행 중...
2026-01-30 01:13:34,015 - INFO -   시뮬레이션 완료 (0.68초)
2026-01-30 01:13:34,015 - INFO - 좌표 308.0 완료 (305/1000, 30.5%)
2026-01-30 01:13:34,015 - INFO - [309/1000] 좌표 309.0 처리 시작: (36.254761, 127.451876), snap_distance_m=58.6
2026-01-30 01:13:34,015 - INFO -   시나리오 생성 중...
2026-01-30 01:14:11,144 - INFO -   시나리오 생성 완료 (37.13초, API 호출: 36회)
2026-01-30 01:14:11,144 - INFO -   시뮬레이션 실행 중...
2026-01-30 01:14:11,830 - INFO -   시뮬레이션 완료 (0.69초)
2026-01-30 01:14:11,830 - INFO - 좌표 309.0 완료 (306/1000, 30.6%)
2026-01-30 01:14:11,830 - INFO - [310/1000] 좌표 310.0 처리 시작: (36.269544, 127.400916), snap_distance_m=121.2
2026-01-30 01:14:11,830 - INFO -   시나리오 생성 중...
2026-01-30 01:14:47,955 - INFO -   시나리오 생성 완료 (36.13초, API 호출: 35회)
2026-01-30 01:14:47,955 - INFO -   시뮬레이션 실행 중...
2026-01-30 01:14:48,642 - INFO -   시뮬레이션 완료 (0.69초)
2026-01-30 01:14:48,642 - INFO - 좌표 310.0 완료 (307/1000, 30.7%)
2026-01-30 01:14:48,642 - INFO - [311/1000] 좌표 311.0 처리 시작: (36.458804, 127.383250), snap_distance_m=73.5
2026-01-30 01:14:48,642 - INFO -   시나리오 생성 중...
2026-01-30 01:15:27,771 - INFO -   시나리오 생성 완료 (39.13초, API 호출: 38회)
2026-01-30 01:15:27,771 - INFO -   시뮬레이션 실행 중...
2026-01-30 01:15:28,450 - INFO -   시뮬레이션 완료 (0.68초)
2026-01-30 01:15:28,450 - INFO - 좌표 311.0 완료 (308/1000, 30.8%)
2026-01-30 01:15:28,466 - INFO - [312/1000] 좌표 312.0 처리 시작: (36.413101, 127.466412), snap_distance_m=24.9
2026-01-30 01:15:28,466 - INFO -   시나리오 생성 중...
2026-01-30 01:16:07,652 - INFO -   시나리오 생성 완료 (39.19초, API 호출: 38회)
2026-01-30 01:16:07,653 - INFO -   시뮬레이션 실행 중...
2026-01-30 01:16:08,332 - INFO -   시뮬레이션 완료 (0.68초)
2026-01-30 01:16:08,332 - INFO - 좌표 312.0 완료 (309/1000, 30.9%)
2026-01-30 01:16:08,333 - INFO - [313/1000] 좌표 313.0 처리 시작: (36.236038, 127.396670), snap_distance_m=45.1
2026-01-30 01:16:08,333 - INFO -   시나리오 생성 중...
2026-01-30 01:16:44,454 - INFO -   시나리오 생성 완료 (36.12초, API 호출: 35회)
2026-01-30 01:16:44,454 - INFO -   시뮬레이션 실행 중...
2026-01-30 01:16:45,130 - INFO -   시뮬레이션 완료 (0.68초)
2026-01-30 01:16:45,130 - INFO - 좌표 313.0 완료 (310/1000, 31.0%)
2026-01-30 01:16:45,130 - INFO - [314/1000] 좌표 314.0 처리 시작: (36.293115, 127.394801), snap_distance_m=243.4
2026-01-30 01:16:45,130 - INFO -   시나리오 생성 중...
2026-01-30 01:17:21,226 - INFO -   시나리오 생성 완료 (36.1초, API 호출: 35회)
2026-01-30 01:17:21,226 - INFO -   시뮬레이션 실행 중...
2026-01-30 01:17:21,913 - INFO -   시뮬레이션 완료 (0.69초)
2026-01-30 01:17:21,913 - INFO - 좌표 314.0 완료 (311/1000, 31.1%)
2026-01-30 01:17:21,913 - INFO - [315/1000] 좌표 315.0 처리 시작: (36.281342, 127.440464), snap_distance_m=62.7
2026-01-30 01:17:21,913 - INFO -   시나리오 생성 중...
2026-01-30 01:17:58,061 - INFO -   시나리오 생성 완료 (36.15초, API 호출: 35회)
2026-01-30 01:17:58,061 - INFO -   시뮬레이션 실행 중...
2026-01-30 01:17:58,788 - INFO -   시뮬레이션 완료 (0.73초)
2026-01-30 01:17:58,788 - INFO - 좌표 315.0 완료 (312/1000, 31.2%)
2026-01-30 01:17:58,788 - INFO - [316/1000] 좌표 316.0 처리 시작: (36.371234, 127.347359), snap_distance_m=5.5
2026-01-30 01:17:58,788 - INFO -   시나리오 생성 중...
2026-01-30 01:18:38,044 - INFO -   시나리오 생성 완료 (39.26초, API 호출: 38회)
2026-01-30 01:18:38,045 - INFO -   시뮬레이션 실행 중...
2026-01-30 01:18:38,784 - INFO -   시뮬레이션 완료 (0.74초)
2026-01-30 01:18:38,784 - INFO - 좌표 316.0 완료 (313/1000, 31.3%)
2026-01-30 01:18:38,784 - INFO - [317/1000] 좌표 317.0 처리 시작: (36.308334, 127.265583), snap_distance_m=50.9
2026-01-30 01:18:38,784 - INFO -   시나리오 생성 중...
2026-01-30 01:19:15,933 - INFO -   시나리오 생성 완료 (37.15초, API 호출: 36회)
2026-01-30 01:19:15,933 - INFO -   시뮬레이션 실행 중...
2026-01-30 01:19:16,624 - INFO -   시뮬레이션 완료 (0.69초)
2026-01-30 01:19:16,624 - INFO - 좌표 317.0 완료 (314/1000, 31.4%)
2026-01-30 01:19:16,624 - INFO - [318/1000] 좌표 318.0 처리 시작: (36.239134, 127.314882), snap_distance_m=8.3
2026-01-30 01:19:16,624 - INFO -   시나리오 생성 중...
2026-01-30 01:19:52,779 - INFO -   시나리오 생성 완료 (36.15초, API 호출: 35회)
2026-01-30 01:19:52,779 - INFO -   시뮬레이션 실행 중...
2026-01-30 01:19:53,533 - INFO -   시뮬레이션 완료 (0.75초)
2026-01-30 01:19:53,533 - INFO - 좌표 318.0 완료 (315/1000, 31.5%)
2026-01-30 01:19:53,533 - INFO - [319/1000] 좌표 319.0 처리 시작: (36.265444, 127.330352), snap_distance_m=117.4
2026-01-30 01:19:53,533 - INFO -   시나리오 생성 중...
2026-01-30 01:20:33,916 - INFO -   시나리오 생성 완료 (40.38초, API 호출: 35회)
2026-01-30 01:20:33,916 - INFO -   시뮬레이션 실행 중...
2026-01-30 01:20:34,640 - INFO -   시뮬레이션 완료 (0.72초)
2026-01-30 01:20:34,640 - INFO - 좌표 319.0 완료 (316/1000, 31.6%)
2026-01-30 01:20:34,640 - INFO - [320/1000] 좌표 320.0 처리 시작: (36.478957, 127.381537), snap_distance_m=42.7
2026-01-30 01:20:34,640 - INFO -   시나리오 생성 중...
2026-01-30 01:21:12,761 - INFO -   시나리오 생성 완료 (38.12초, API 호출: 37회)
2026-01-30 01:21:12,761 - INFO -   시뮬레이션 실행 중...
2026-01-30 01:21:13,443 - INFO -   시뮬레이션 완료 (0.68초)
2026-01-30 01:21:13,443 - INFO - 좌표 320.0 완료 (317/1000, 31.7%)
2026-01-30 01:21:13,443 - INFO - [321/1000] 좌표 321.0 처리 시작: (36.435557, 127.387131), snap_distance_m=4.1
2026-01-30 01:21:13,443 - INFO -   시나리오 생성 중...
2026-01-30 01:21:51,645 - INFO -   시나리오 생성 완료 (38.2초, API 호출: 37회)
2026-01-30 01:21:51,645 - INFO -   시뮬레이션 실행 중...
2026-01-30 01:21:52,318 - INFO -   시뮬레이션 완료 (0.67초)
2026-01-30 01:21:52,318 - INFO - 좌표 321.0 완료 (318/1000, 31.8%)
2026-01-30 01:21:52,318 - INFO - [322/1000] 좌표 322.0 처리 시작: (36.367048, 127.423253), snap_distance_m=2.8
2026-01-30 01:21:52,318 - INFO -   시나리오 생성 중...
2026-01-30 01:22:32,382 - INFO -   시나리오 생성 완료 (40.06초, API 호출: 38회)
2026-01-30 01:22:32,382 - INFO -   시뮬레이션 실행 중...
2026-01-30 01:22:33,130 - INFO -   시뮬레이션 완료 (0.75초)
2026-01-30 01:22:33,130 - INFO - 좌표 322.0 완료 (319/1000, 31.9%)
2026-01-30 01:22:33,130 - INFO - [323/1000] 좌표 323.0 처리 시작: (36.325090, 127.332747), snap_distance_m=7.0
2026-01-30 01:22:33,130 - INFO -   시나리오 생성 중...
2026-01-30 01:23:11,285 - INFO -   시나리오 생성 완료 (38.15초, API 호출: 37회)
2026-01-30 01:23:11,285 - INFO -   시뮬레이션 실행 중...
2026-01-30 01:23:11,973 - INFO -   시뮬레이션 완료 (0.69초)
2026-01-30 01:23:11,973 - INFO - 좌표 323.0 완료 (320/1000, 32.0%)
2026-01-30 01:23:11,973 - INFO - [324/1000] 좌표 324.0 처리 시작: (36.388271, 127.430243), snap_distance_m=39.1
2026-01-30 01:23:11,973 - INFO -   시나리오 생성 중...
2026-01-30 01:23:51,106 - INFO -   시나리오 생성 완료 (39.13초, API 호출: 38회)
2026-01-30 01:23:51,106 - INFO -   시뮬레이션 실행 중...
2026-01-30 01:23:51,790 - INFO -   시뮬레이션 완료 (0.68초)
2026-01-30 01:23:51,790 - INFO - 좌표 324.0 완료 (321/1000, 32.1%)
2026-01-30 01:23:51,790 - INFO - [325/1000] 좌표 325.0 처리 시작: (36.323149, 127.309218), snap_distance_m=7.1
2026-01-30 01:23:51,790 - INFO -   시나리오 생성 중...
2026-01-30 01:24:28,936 - INFO -   시나리오 생성 완료 (37.15초, API 호출: 36회)
2026-01-30 01:24:28,936 - INFO -   시뮬레이션 실행 중...
2026-01-30 01:24:29,630 - INFO -   시뮬레이션 완료 (0.69초)
2026-01-30 01:24:29,630 - INFO - 좌표 325.0 완료 (322/1000, 32.2%)
2026-01-30 01:24:29,630 - INFO - [326/1000] 좌표 326.0 처리 시작: (36.440562, 127.489396), snap_distance_m=203.5
2026-01-30 01:24:29,630 - INFO -   시나리오 생성 중...
2026-01-30 01:25:08,832 - INFO -   시나리오 생성 완료 (39.2초, API 호출: 38회)
2026-01-30 01:25:08,832 - INFO -   시뮬레이션 실행 중...
2026-01-30 01:25:09,515 - INFO -   시뮬레이션 완료 (0.68초)
2026-01-30 01:25:09,515 - INFO - 좌표 326.0 완료 (323/1000, 32.3%)
2026-01-30 01:25:09,515 - INFO - [327/1000] 좌표 327.0 처리 시작: (36.352892, 127.516625), snap_distance_m=211.5
2026-01-30 01:25:09,515 - INFO -   시나리오 생성 중...
2026-01-30 01:25:48,956 - INFO -   시나리오 생성 완료 (39.44초, API 호출: 38회)
2026-01-30 01:25:48,956 - INFO -   시뮬레이션 실행 중...
2026-01-30 01:25:49,638 - INFO -   시뮬레이션 완료 (0.68초)
2026-01-30 01:25:49,638 - INFO - 좌표 327.0 완료 (324/1000, 32.4%)
2026-01-30 01:25:49,638 - INFO - [328/1000] 좌표 328.0 처리 시작: (36.343752, 127.358778), snap_distance_m=87.4
2026-01-30 01:25:49,638 - INFO -   시나리오 생성 중...
2026-01-30 01:26:26,968 - INFO -   시나리오 생성 완료 (37.33초, API 호출: 36회)
2026-01-30 01:26:26,968 - INFO -   시뮬레이션 실행 중...
2026-01-30 01:26:27,665 - INFO -   시뮬레이션 완료 (0.7초)
2026-01-30 01:26:27,665 - INFO - 좌표 328.0 완료 (325/1000, 32.5%)
2026-01-30 01:26:27,665 - INFO - [329/1000] 좌표 329.0 처리 시작: (36.324613, 127.389405), snap_distance_m=0.5
2026-01-30 01:26:27,665 - INFO -   시나리오 생성 중...
2026-01-30 01:27:05,299 - INFO -   시나리오 생성 완료 (37.63초, API 호출: 36회)
2026-01-30 01:27:05,299 - INFO -   시뮬레이션 실행 중...
2026-01-30 01:27:06,000 - INFO -   시뮬레이션 완료 (0.7초)
2026-01-30 01:27:06,000 - INFO - 좌표 329.0 완료 (326/1000, 32.6%)
2026-01-30 01:27:06,000 - INFO - [330/1000] 좌표 330.0 처리 시작: (36.272257, 127.428444), snap_distance_m=17.1
2026-01-30 01:27:06,000 - INFO -   시나리오 생성 중...
2026-01-30 01:27:43,140 - INFO -   시나리오 생성 완료 (37.14초, API 호출: 36회)
2026-01-30 01:27:43,140 - INFO -   시뮬레이션 실행 중...
2026-01-30 01:27:43,834 - INFO -   시뮬레이션 완료 (0.69초)
2026-01-30 01:27:43,834 - INFO - 좌표 330.0 완료 (327/1000, 32.7%)
2026-01-30 01:27:43,834 - INFO - [331/1000] 좌표 331.0 처리 시작: (36.393068, 127.392058), snap_distance_m=7.8
2026-01-30 01:27:43,834 - INFO -   시나리오 생성 중...
2026-01-30 01:28:23,009 - INFO -   시나리오 생성 완료 (39.18초, API 호출: 38회)
2026-01-30 01:28:23,009 - INFO -   시뮬레이션 실행 중...
2026-01-30 01:28:23,699 - INFO -   시뮬레이션 완료 (0.69초)
2026-01-30 01:28:23,699 - INFO - 좌표 331.0 완료 (328/1000, 32.8%)
2026-01-30 01:28:23,699 - INFO - [332/1000] 좌표 332.0 처리 시작: (36.316239, 127.469247), snap_distance_m=2.2
2026-01-30 01:28:23,699 - INFO -   시나리오 생성 중...
2026-01-30 01:29:00,869 - INFO -   시나리오 생성 완료 (37.17초, API 호출: 36회)
2026-01-30 01:29:00,869 - INFO -   시뮬레이션 실행 중...
2026-01-30 01:29:01,557 - INFO -   시뮬레이션 완료 (0.69초)
2026-01-30 01:29:01,557 - INFO - 좌표 332.0 완료 (329/1000, 32.9%)
2026-01-30 01:29:01,557 - INFO - [333/1000] 좌표 333.0 처리 시작: (36.443106, 127.374131), snap_distance_m=7.3
2026-01-30 01:29:01,557 - INFO -   시나리오 생성 중...
2026-01-30 01:29:39,727 - INFO -   시나리오 생성 완료 (38.17초, API 호출: 37회)
2026-01-30 01:29:39,727 - INFO -   시뮬레이션 실행 중...
2026-01-30 01:29:40,404 - INFO -   시뮬레이션 완료 (0.68초)
2026-01-30 01:29:40,404 - INFO - 좌표 333.0 완료 (330/1000, 33.0%)
2026-01-30 01:29:40,404 - INFO - [334/1000] 좌표 334.0 처리 시작: (36.472382, 127.475230), snap_distance_m=36.1
2026-01-30 01:29:40,404 - INFO -   시나리오 생성 중...
2026-01-30 01:30:20,552 - INFO -   시나리오 생성 완료 (40.15초, API 호출: 39회)
2026-01-30 01:30:20,552 - INFO -   시뮬레이션 실행 중...
2026-01-30 01:30:21,234 - INFO -   시뮬레이션 완료 (0.68초)
2026-01-30 01:30:21,234 - INFO - 좌표 334.0 완료 (331/1000, 33.1%)
2026-01-30 01:30:21,234 - INFO - [335/1000] 좌표 335.0 처리 시작: (36.440532, 127.487190), snap_distance_m=204.0
2026-01-30 01:30:21,234 - INFO -   시나리오 생성 중...
2026-01-30 01:31:00,511 - INFO -   시나리오 생성 완료 (39.28초, API 호출: 38회)
2026-01-30 01:31:00,511 - INFO -   시뮬레이션 실행 중...
2026-01-30 01:31:01,195 - INFO -   시뮬레이션 완료 (0.68초)
2026-01-30 01:31:01,195 - INFO - 좌표 335.0 완료 (332/1000, 33.2%)
2026-01-30 01:31:01,195 - INFO - [336/1000] 좌표 336.0 처리 시작: (36.296154, 127.324418), snap_distance_m=8.6
2026-01-30 01:31:01,195 - INFO -   시나리오 생성 중...
2026-01-30 01:31:39,368 - INFO -   시나리오 생성 완료 (38.17초, API 호출: 37회)
2026-01-30 01:31:39,368 - INFO -   시뮬레이션 실행 중...
2026-01-30 01:31:40,047 - INFO -   시뮬레이션 완료 (0.68초)
2026-01-30 01:31:40,047 - INFO - 좌표 336.0 완료 (333/1000, 33.3%)
2026-01-30 01:31:40,047 - INFO - [337/1000] 좌표 337.0 처리 시작: (36.382724, 127.402793), snap_distance_m=157.2
2026-01-30 01:31:40,047 - INFO -   시나리오 생성 중...
2026-01-30 01:32:19,183 - INFO -   시나리오 생성 완료 (39.14초, API 호출: 38회)
2026-01-30 01:32:19,183 - INFO -   시뮬레이션 실행 중...
2026-01-30 01:32:19,872 - INFO -   시뮬레이션 완료 (0.69초)
2026-01-30 01:32:19,872 - INFO - 좌표 337.0 완료 (334/1000, 33.4%)
2026-01-30 01:32:19,872 - INFO - [338/1000] 좌표 338.0 처리 시작: (36.280982, 127.362386), snap_distance_m=44.4
2026-01-30 01:32:19,872 - INFO -   시나리오 생성 중...
2026-01-30 01:32:55,981 - INFO -   시나리오 생성 완료 (36.11초, API 호출: 35회)
2026-01-30 01:32:55,981 - INFO -   시뮬레이션 실행 중...
2026-01-30 01:32:56,661 - INFO -   시뮬레이션 완료 (0.68초)
2026-01-30 01:32:56,661 - INFO - 좌표 338.0 완료 (335/1000, 33.5%)
2026-01-30 01:32:56,661 - INFO - [339/1000] 좌표 339.0 처리 시작: (36.243831, 127.351424), snap_distance_m=248.0
2026-01-30 01:32:56,661 - INFO -   시나리오 생성 중...
2026-01-30 01:33:32,786 - INFO -   시나리오 생성 완료 (36.13초, API 호출: 35회)
2026-01-30 01:33:32,786 - INFO -   시뮬레이션 실행 중...
2026-01-30 01:33:33,469 - INFO -   시뮬레이션 완료 (0.68초)
2026-01-30 01:33:33,469 - INFO - 좌표 339.0 완료 (336/1000, 33.6%)
2026-01-30 01:33:33,469 - INFO - [340/1000] 좌표 340.0 처리 시작: (36.371161, 127.385679), snap_distance_m=111.7
2026-01-30 01:33:33,469 - INFO -   시나리오 생성 중...
2026-01-30 01:34:12,624 - INFO -   시나리오 생성 완료 (39.15초, API 호출: 38회)
2026-01-30 01:34:12,624 - INFO -   시뮬레이션 실행 중...
2026-01-30 01:34:13,307 - INFO -   시뮬레이션 완료 (0.68초)
2026-01-30 01:34:13,307 - INFO - 좌표 340.0 완료 (337/1000, 33.7%)
2026-01-30 01:34:13,307 - INFO - [341/1000] 좌표 341.0 처리 시작: (36.217360, 127.441416), snap_distance_m=36.6
2026-01-30 01:34:13,307 - INFO -   시나리오 생성 중...
2026-01-30 01:34:50,467 - INFO -   시나리오 생성 완료 (37.16초, API 호출: 36회)
2026-01-30 01:34:50,467 - INFO -   시뮬레이션 실행 중...
2026-01-30 01:34:51,158 - INFO -   시뮬레이션 완료 (0.69초)
2026-01-30 01:34:51,158 - INFO - 좌표 341.0 완료 (338/1000, 33.8%)
2026-01-30 01:34:51,158 - INFO - [342/1000] 좌표 342.0 처리 시작: (36.283259, 127.485081), snap_distance_m=201.6
2026-01-30 01:34:51,158 - INFO -   시나리오 생성 중...
2026-01-30 01:35:29,121 - INFO -   시나리오 생성 완료 (37.96초, API 호출: 36회)
2026-01-30 01:35:29,121 - INFO -   시뮬레이션 실행 중...
2026-01-30 01:35:29,801 - INFO -   시뮬레이션 완료 (0.68초)
2026-01-30 01:35:29,801 - INFO - 좌표 342.0 완료 (339/1000, 33.9%)
2026-01-30 01:35:29,801 - INFO - [343/1000] 좌표 343.0 처리 시작: (36.337740, 127.383115), snap_distance_m=7.9
2026-01-30 01:35:29,801 - INFO -   시나리오 생성 중...
2026-01-30 01:36:07,961 - INFO -   시나리오 생성 완료 (38.16초, API 호출: 37회)
2026-01-30 01:36:07,961 - INFO -   시뮬레이션 실행 중...
2026-01-30 01:36:08,656 - INFO -   시뮬레이션 완료 (0.69초)
2026-01-30 01:36:08,656 - INFO - 좌표 343.0 완료 (340/1000, 34.0%)
2026-01-30 01:36:08,656 - INFO - [344/1000] 좌표 344.0 처리 시작: (36.490566, 127.392443), snap_distance_m=14.9
2026-01-30 01:36:08,656 - INFO -   시나리오 생성 중...
2026-01-30 01:36:47,815 - INFO -   시나리오 생성 완료 (39.16초, API 호출: 38회)
2026-01-30 01:36:47,815 - INFO -   시뮬레이션 실행 중...
2026-01-30 01:36:48,502 - INFO -   시뮬레이션 완료 (0.69초)
2026-01-30 01:36:48,502 - INFO - 좌표 344.0 완료 (341/1000, 34.1%)
2026-01-30 01:36:48,502 - INFO - [345/1000] 좌표 345.0 처리 시작: (36.285168, 127.363519), snap_distance_m=0.8
2026-01-30 01:36:48,502 - INFO -   시나리오 생성 중...
2026-01-30 01:37:24,589 - INFO -   시나리오 생성 완료 (36.09초, API 호출: 35회)
2026-01-30 01:37:24,589 - INFO -   시뮬레이션 실행 중...
2026-01-30 01:37:25,267 - INFO -   시뮬레이션 완료 (0.68초)
2026-01-30 01:37:25,267 - INFO - 좌표 345.0 완료 (342/1000, 34.2%)
2026-01-30 01:37:25,267 - INFO - [346/1000] 좌표 346.0 처리 시작: (36.308871, 127.288011), snap_distance_m=56.2
2026-01-30 01:37:25,267 - INFO -   시나리오 생성 중...
2026-01-30 01:38:03,325 - INFO -   시나리오 생성 완료 (38.06초, API 호출: 36회)
2026-01-30 01:38:03,325 - INFO -   시뮬레이션 실행 중...
2026-01-30 01:38:04,007 - INFO -   시뮬레이션 완료 (0.68초)
2026-01-30 01:38:04,007 - INFO - 좌표 346.0 완료 (343/1000, 34.3%)
2026-01-30 01:38:04,007 - INFO - [347/1000] 좌표 347.0 처리 시작: (36.400462, 127.414468), snap_distance_m=153.3
2026-01-30 01:38:04,007 - INFO -   시나리오 생성 중...
2026-01-30 01:38:44,156 - INFO -   시나리오 생성 완료 (40.15초, API 호출: 39회)
2026-01-30 01:38:44,156 - INFO -   시뮬레이션 실행 중...
2026-01-30 01:38:44,848 - INFO -   시뮬레이션 완료 (0.69초)
2026-01-30 01:38:44,848 - INFO - 좌표 347.0 완료 (344/1000, 34.4%)
2026-01-30 01:38:44,848 - INFO - [348/1000] 좌표 348.0 처리 시작: (36.459215, 127.370377), snap_distance_m=70.4
2026-01-30 01:38:44,848 - INFO -   시나리오 생성 중...
2026-01-30 01:39:23,984 - INFO -   시나리오 생성 완료 (39.14초, API 호출: 38회)
2026-01-30 01:39:23,984 - INFO -   시뮬레이션 실행 중...
2026-01-30 01:39:24,676 - INFO -   시뮬레이션 완료 (0.69초)
2026-01-30 01:39:24,676 - INFO - 좌표 348.0 완료 (345/1000, 34.5%)
2026-01-30 01:39:24,676 - INFO - [349/1000] 좌표 349.0 처리 시작: (36.274077, 127.426428), snap_distance_m=98.0
2026-01-30 01:39:24,676 - INFO -   시나리오 생성 중...
2026-01-30 01:40:01,831 - INFO -   시나리오 생성 완료 (37.16초, API 호출: 36회)
2026-01-30 01:40:01,831 - INFO -   시뮬레이션 실행 중...
2026-01-30 01:40:02,501 - INFO -   시뮬레이션 완료 (0.67초)
2026-01-30 01:40:02,501 - INFO - 좌표 349.0 완료 (346/1000, 34.6%)
2026-01-30 01:40:02,501 - INFO - [350/1000] 좌표 350.0 처리 시작: (36.273520, 127.396101), snap_distance_m=45.5
2026-01-30 01:40:02,501 - INFO -   시나리오 생성 중...
2026-01-30 01:40:43,015 - INFO -   시나리오 생성 완료 (40.51초, API 호출: 35회)
2026-01-30 01:40:43,015 - INFO -   시뮬레이션 실행 중...
2026-01-30 01:40:43,773 - INFO -   시뮬레이션 완료 (0.76초)
2026-01-30 01:40:43,773 - INFO - 좌표 350.0 완료 (347/1000, 34.7%)
2026-01-30 01:40:43,775 - INFO - [351/1000] 좌표 351.0 처리 시작: (36.352602, 127.341522), snap_distance_m=24.0
2026-01-30 01:40:43,775 - INFO -   시나리오 생성 중...
2026-01-30 01:41:21,912 - INFO -   시나리오 생성 완료 (38.14초, API 호출: 37회)
2026-01-30 01:41:21,912 - INFO -   시뮬레이션 실행 중...
2026-01-30 01:41:22,603 - INFO -   시뮬레이션 완료 (0.69초)
2026-01-30 01:41:22,603 - INFO - 좌표 351.0 완료 (348/1000, 34.8%)
2026-01-30 01:41:22,603 - INFO - [352/1000] 좌표 352.0 처리 시작: (36.404007, 127.426441), snap_distance_m=1.6
2026-01-30 01:41:22,603 - INFO -   시나리오 생성 중...
2026-01-30 01:42:01,724 - INFO -   시나리오 생성 완료 (39.12초, API 호출: 38회)
2026-01-30 01:42:01,724 - INFO -   시뮬레이션 실행 중...
2026-01-30 01:42:02,403 - INFO -   시뮬레이션 완료 (0.68초)
2026-01-30 01:42:02,403 - INFO - 좌표 352.0 완료 (349/1000, 34.9%)
2026-01-30 01:42:02,403 - INFO - [353/1000] 좌표 353.0 처리 시작: (36.398244, 127.416890), snap_distance_m=44.0
2026-01-30 01:42:02,403 - INFO -   시나리오 생성 중...
2026-01-30 01:42:42,593 - INFO -   시나리오 생성 완료 (40.19초, API 호출: 39회)
2026-01-30 01:42:42,593 - INFO -   시뮬레이션 실행 중...
2026-01-30 01:42:43,274 - INFO -   시뮬레이션 완료 (0.68초)
2026-01-30 01:42:43,274 - INFO - 좌표 353.0 완료 (350/1000, 35.0%)
2026-01-30 01:42:43,274 - INFO - [354/1000] 좌표 354.0 처리 시작: (36.326169, 127.265525), snap_distance_m=66.4
2026-01-30 01:42:43,274 - INFO -   시나리오 생성 중...
2026-01-30 01:43:20,976 - INFO -   시나리오 생성 완료 (37.7초, API 호출: 36회)
2026-01-30 01:43:20,976 - INFO -   시뮬레이션 실행 중...
2026-01-30 01:43:21,641 - INFO -   시뮬레이션 완료 (0.67초)
2026-01-30 01:43:21,641 - INFO - 좌표 354.0 완료 (351/1000, 35.1%)
2026-01-30 01:43:21,657 - INFO - [355/1000] 좌표 355.0 처리 시작: (36.387524, 127.332874), snap_distance_m=124.0
2026-01-30 01:43:21,657 - INFO -   시나리오 생성 중...
2026-01-30 01:44:00,793 - INFO -   시나리오 생성 완료 (39.14초, API 호출: 38회)
2026-01-30 01:44:00,793 - INFO -   시뮬레이션 실행 중...
2026-01-30 01:44:01,473 - INFO -   시뮬레이션 완료 (0.68초)
2026-01-30 01:44:01,473 - INFO - 좌표 355.0 완료 (352/1000, 35.2%)
2026-01-30 01:44:01,473 - INFO - [356/1000] 좌표 356.0 처리 시작: (36.259531, 127.436502), snap_distance_m=135.2
2026-01-30 01:44:01,473 - INFO -   시나리오 생성 중...
2026-01-30 01:44:38,653 - INFO -   시나리오 생성 완료 (37.18초, API 호출: 36회)
2026-01-30 01:44:38,654 - INFO -   시뮬레이션 실행 중...
2026-01-30 01:44:39,344 - INFO -   시뮬레이션 완료 (0.69초)
2026-01-30 01:44:39,344 - INFO - 좌표 356.0 완료 (353/1000, 35.3%)
2026-01-30 01:44:39,344 - INFO - [357/1000] 좌표 357.0 처리 시작: (36.476878, 127.370755), snap_distance_m=230.9
2026-01-30 01:44:39,344 - INFO -   시나리오 생성 중...
2026-01-30 01:45:17,470 - INFO -   시나리오 생성 완료 (38.13초, API 호출: 37회)
2026-01-30 01:45:17,470 - INFO -   시뮬레이션 실행 중...
2026-01-30 01:45:18,161 - INFO -   시뮬레이션 완료 (0.69초)
2026-01-30 01:45:18,161 - INFO - 좌표 357.0 완료 (354/1000, 35.4%)
2026-01-30 01:45:18,161 - INFO - [358/1000] 좌표 358.0 처리 시작: (36.387465, 127.442243), snap_distance_m=75.5
2026-01-30 01:45:18,161 - INFO -   시나리오 생성 중...
2026-01-30 01:45:56,391 - INFO -   시나리오 생성 완료 (38.23초, API 호출: 37회)
2026-01-30 01:45:56,391 - INFO -   시뮬레이션 실행 중...
2026-01-30 01:45:57,072 - INFO -   시뮬레이션 완료 (0.68초)
2026-01-30 01:45:57,072 - INFO - 좌표 358.0 완료 (355/1000, 35.5%)
2026-01-30 01:45:57,072 - INFO - [359/1000] 좌표 359.0 처리 시작: (36.250408, 127.319155), snap_distance_m=46.6
2026-01-30 01:45:57,072 - INFO -   시나리오 생성 중...
2026-01-30 01:46:34,036 - INFO -   시나리오 생성 완료 (36.96초, API 호출: 35회)
2026-01-30 01:46:34,036 - INFO -   시뮬레이션 실행 중...
2026-01-30 01:46:34,704 - INFO -   시뮬레이션 완료 (0.67초)
2026-01-30 01:46:34,704 - INFO - 좌표 359.0 완료 (356/1000, 35.6%)
2026-01-30 01:46:34,704 - INFO - [360/1000] 좌표 360.0 처리 시작: (36.418464, 127.335492), snap_distance_m=6.4
2026-01-30 01:46:34,704 - INFO -   시나리오 생성 중...
2026-01-30 01:47:12,874 - INFO -   시나리오 생성 완료 (38.17초, API 호출: 37회)
2026-01-30 01:47:12,874 - INFO -   시뮬레이션 실행 중...
2026-01-30 01:47:13,555 - INFO -   시뮬레이션 완료 (0.68초)
2026-01-30 01:47:13,555 - INFO - 좌표 360.0 완료 (357/1000, 35.7%)
2026-01-30 01:47:13,555 - INFO - [361/1000] 좌표 361.0 처리 시작: (36.387176, 127.426104), snap_distance_m=34.9
2026-01-30 01:47:13,555 - INFO -   시나리오 생성 중...
2026-01-30 01:47:52,740 - INFO -   시나리오 생성 완료 (39.19초, API 호출: 38회)
2026-01-30 01:47:52,740 - INFO -   시뮬레이션 실행 중...
2026-01-30 01:47:53,423 - INFO -   시뮬레이션 완료 (0.68초)
2026-01-30 01:47:53,423 - INFO - 좌표 361.0 완료 (358/1000, 35.8%)
2026-01-30 01:47:53,423 - INFO - [362/1000] 좌표 362.0 처리 시작: (36.394028, 127.429682), snap_distance_m=110.1
2026-01-30 01:47:53,423 - INFO -   시나리오 생성 중...
2026-01-30 01:48:31,763 - INFO -   시나리오 생성 완료 (38.34초, API 호출: 37회)
2026-01-30 01:48:31,763 - INFO -   시뮬레이션 실행 중...
2026-01-30 01:48:32,448 - INFO -   시뮬레이션 완료 (0.68초)
2026-01-30 01:48:32,448 - INFO - 좌표 362.0 완료 (359/1000, 35.9%)
2026-01-30 01:48:32,448 - INFO - [363/1000] 좌표 363.0 처리 시작: (36.302876, 127.342121), snap_distance_m=4.7
2026-01-30 01:48:32,448 - INFO -   시나리오 생성 중...
2026-01-30 01:49:09,678 - INFO -   시나리오 생성 완료 (37.23초, API 호출: 36회)
2026-01-30 01:49:09,678 - INFO -   시뮬레이션 실행 중...
2026-01-30 01:49:10,359 - INFO -   시뮬레이션 완료 (0.68초)
2026-01-30 01:49:10,359 - INFO - 좌표 363.0 완료 (360/1000, 36.0%)
2026-01-30 01:49:10,359 - INFO - [364/1000] 좌표 364.0 처리 시작: (36.278334, 127.426135), snap_distance_m=87.1
2026-01-30 01:49:10,359 - INFO -   시나리오 생성 중...
2026-01-30 01:49:47,592 - INFO -   시나리오 생성 완료 (37.23초, API 호출: 36회)
2026-01-30 01:49:47,592 - INFO -   시뮬레이션 실행 중...
2026-01-30 01:49:48,276 - INFO -   시뮬레이션 완료 (0.68초)
2026-01-30 01:49:48,276 - INFO - 좌표 364.0 완료 (361/1000, 36.1%)
2026-01-30 01:49:48,276 - INFO - [365/1000] 좌표 365.0 처리 시작: (36.324565, 127.441266), snap_distance_m=58.1
2026-01-30 01:49:48,276 - INFO -   시나리오 생성 중...
2026-01-30 01:50:26,305 - INFO -   시나리오 생성 완료 (38.03초, API 호출: 36회)
2026-01-30 01:50:26,305 - INFO -   시뮬레이션 실행 중...
2026-01-30 01:50:26,983 - INFO -   시뮬레이션 완료 (0.68초)
2026-01-30 01:50:26,983 - INFO - 좌표 365.0 완료 (362/1000, 36.2%)
2026-01-30 01:50:26,983 - INFO - [366/1000] 좌표 366.0 처리 시작: (36.367319, 127.313262), snap_distance_m=2.6
2026-01-30 01:50:26,983 - INFO -   시나리오 생성 중...
2026-01-30 01:51:05,123 - INFO -   시나리오 생성 완료 (38.14초, API 호출: 37회)
2026-01-30 01:51:05,123 - INFO -   시뮬레이션 실행 중...
2026-01-30 01:51:05,824 - INFO -   시뮬레이션 완료 (0.7초)
2026-01-30 01:51:05,824 - INFO - 좌표 366.0 완료 (363/1000, 36.3%)
2026-01-30 01:51:05,824 - INFO - [367/1000] 좌표 367.0 처리 시작: (36.386719, 127.491792), snap_distance_m=74.0
2026-01-30 01:51:05,824 - INFO -   시나리오 생성 중...
2026-01-30 01:51:45,222 - INFO -   시나리오 생성 완료 (39.4초, API 호출: 38회)
2026-01-30 01:51:45,222 - INFO -   시뮬레이션 실행 중...
2026-01-30 01:51:45,904 - INFO -   시뮬레이션 완료 (0.68초)
2026-01-30 01:51:45,904 - INFO - 좌표 367.0 완료 (364/1000, 36.4%)
2026-01-30 01:51:45,904 - INFO - [368/1000] 좌표 368.0 처리 시작: (36.302336, 127.350356), snap_distance_m=3.4
2026-01-30 01:51:45,904 - INFO -   시나리오 생성 중...
2026-01-30 01:52:23,017 - INFO -   시나리오 생성 완료 (37.11초, API 호출: 36회)
2026-01-30 01:52:23,017 - INFO -   시뮬레이션 실행 중...
2026-01-30 01:52:23,685 - INFO -   시뮬레이션 완료 (0.67초)
2026-01-30 01:52:23,685 - INFO - 좌표 368.0 완료 (365/1000, 36.5%)
2026-01-30 01:52:23,701 - INFO - [369/1000] 좌표 369.0 처리 시작: (36.351267, 127.365468), snap_distance_m=16.6
2026-01-30 01:52:23,701 - INFO -   시나리오 생성 중...
2026-01-30 01:53:00,830 - INFO -   시나리오 생성 완료 (37.13초, API 호출: 36회)
2026-01-30 01:53:00,830 - INFO -   시뮬레이션 실행 중...
2026-01-30 01:53:01,575 - INFO -   시뮬레이션 완료 (0.74초)
2026-01-30 01:53:01,575 - INFO - 좌표 369.0 완료 (366/1000, 36.6%)
2026-01-30 01:53:01,575 - INFO - [370/1000] 좌표 370.0 처리 시작: (36.393365, 127.459050), snap_distance_m=86.9
2026-01-30 01:53:01,575 - INFO -   시나리오 생성 중...
2026-01-30 01:53:41,666 - INFO -   시나리오 생성 완료 (40.09초, API 호출: 38회)
2026-01-30 01:53:41,666 - INFO -   시뮬레이션 실행 중...
2026-01-30 01:53:42,360 - INFO -   시뮬레이션 완료 (0.69초)
2026-01-30 01:53:42,360 - INFO - 좌표 370.0 완료 (367/1000, 36.7%)
2026-01-30 01:53:42,360 - INFO - [371/1000] 좌표 371.0 처리 시작: (36.350711, 127.348143), snap_distance_m=27.7
2026-01-30 01:53:42,360 - INFO -   시나리오 생성 중...
2026-01-30 01:54:20,491 - INFO -   시나리오 생성 완료 (38.13초, API 호출: 37회)
2026-01-30 01:54:20,491 - INFO -   시뮬레이션 실행 중...
2026-01-30 01:54:21,175 - INFO -   시뮬레이션 완료 (0.68초)
2026-01-30 01:54:21,177 - INFO - 좌표 371.0 완료 (368/1000, 36.8%)
2026-01-30 01:54:21,177 - INFO - [372/1000] 좌표 372.0 처리 시작: (36.227229, 127.302371), snap_distance_m=13.0
2026-01-30 01:54:21,177 - INFO -   시나리오 생성 중...
2026-01-30 01:54:57,704 - INFO -   시나리오 생성 완료 (36.53초, API 호출: 35회)
2026-01-30 01:54:57,704 - INFO -   시뮬레이션 실행 중...
2026-01-30 01:54:58,388 - INFO -   시뮬레이션 완료 (0.68초)
2026-01-30 01:54:58,388 - INFO - 좌표 372.0 완료 (369/1000, 36.9%)
2026-01-30 01:54:58,388 - INFO - [373/1000] 좌표 373.0 처리 시작: (36.299785, 127.472564), snap_distance_m=248.4
2026-01-30 01:54:58,388 - INFO -   시나리오 생성 중...
2026-01-30 01:55:35,648 - INFO -   시나리오 생성 완료 (37.26초, API 호출: 36회)
2026-01-30 01:55:35,648 - INFO -   시뮬레이션 실행 중...
2026-01-30 01:55:36,336 - INFO -   시뮬레이션 완료 (0.69초)
2026-01-30 01:55:36,336 - INFO - 좌표 373.0 완료 (370/1000, 37.0%)
2026-01-30 01:55:36,336 - INFO - [374/1000] 좌표 374.0 처리 시작: (36.406121, 127.310535), snap_distance_m=216.3
2026-01-30 01:55:36,336 - INFO -   시나리오 생성 중...
2026-01-30 01:56:14,446 - INFO -   시나리오 생성 완료 (38.11초, API 호출: 37회)
2026-01-30 01:56:14,446 - INFO -   시뮬레이션 실행 중...
2026-01-30 01:56:15,127 - INFO -   시뮬레이션 완료 (0.68초)
2026-01-30 01:56:15,127 - INFO - 좌표 374.0 완료 (371/1000, 37.1%)
2026-01-30 01:56:15,127 - INFO - [375/1000] 좌표 375.0 처리 시작: (36.393396, 127.402855), snap_distance_m=19.0
2026-01-30 01:56:15,127 - INFO -   시나리오 생성 중...
2026-01-30 01:56:54,244 - INFO -   시나리오 생성 완료 (39.12초, API 호출: 38회)
2026-01-30 01:56:54,244 - INFO -   시뮬레이션 실행 중...
2026-01-30 01:56:54,970 - INFO -   시뮬레이션 완료 (0.73초)
2026-01-30 01:56:54,970 - INFO - 좌표 375.0 완료 (372/1000, 37.2%)
2026-01-30 01:56:54,970 - INFO - [376/1000] 좌표 376.0 처리 시작: (36.307885, 127.332756), snap_distance_m=30.5
2026-01-30 01:56:54,970 - INFO -   시나리오 생성 중...
2026-01-30 01:57:33,095 - INFO -   시나리오 생성 완료 (38.12초, API 호출: 37회)
2026-01-30 01:57:33,095 - INFO -   시뮬레이션 실행 중...
2026-01-30 01:57:33,789 - INFO -   시뮬레이션 완료 (0.69초)
2026-01-30 01:57:33,789 - INFO - 좌표 376.0 완료 (373/1000, 37.3%)
2026-01-30 01:57:33,790 - INFO - [377/1000] 좌표 377.0 처리 시작: (36.278279, 127.432154), snap_distance_m=219.2
2026-01-30 01:57:33,790 - INFO -   시나리오 생성 중...
2026-01-30 01:58:10,947 - INFO -   시나리오 생성 완료 (37.16초, API 호출: 36회)
2026-01-30 01:58:10,947 - INFO -   시뮬레이션 실행 중...
2026-01-30 01:58:11,615 - INFO -   시뮬레이션 완료 (0.67초)
2026-01-30 01:58:11,615 - INFO - 좌표 377.0 완료 (374/1000, 37.4%)
2026-01-30 01:58:11,615 - INFO - [378/1000] 좌표 378.0 처리 시작: (36.345026, 127.459953), snap_distance_m=0.5
2026-01-30 01:58:11,615 - INFO -   시나리오 생성 중...
2026-01-30 01:58:49,763 - INFO -   시나리오 생성 완료 (38.15초, API 호출: 37회)
2026-01-30 01:58:49,763 - INFO -   시뮬레이션 실행 중...
2026-01-30 01:58:50,440 - INFO -   시뮬레이션 완료 (0.68초)
2026-01-30 01:58:50,440 - INFO - 좌표 378.0 완료 (375/1000, 37.5%)
2026-01-30 01:58:50,440 - INFO - [379/1000] 좌표 379.0 처리 시작: (36.278643, 127.430549), snap_distance_m=47.8
2026-01-30 01:58:50,440 - INFO -   시나리오 생성 중...
2026-01-30 01:59:27,588 - INFO -   시나리오 생성 완료 (37.15초, API 호출: 36회)
2026-01-30 01:59:27,588 - INFO -   시뮬레이션 실행 중...
2026-01-30 01:59:28,257 - INFO -   시뮬레이션 완료 (0.67초)
2026-01-30 01:59:28,257 - INFO - 좌표 379.0 완료 (376/1000, 37.6%)
2026-01-30 01:59:28,257 - INFO - [380/1000] 좌표 380.0 처리 시작: (36.276968, 127.377946), snap_distance_m=167.1
2026-01-30 01:59:28,257 - INFO -   시나리오 생성 중...
2026-01-30 02:00:04,399 - INFO -   시나리오 생성 완료 (36.14초, API 호출: 35회)
2026-01-30 02:00:04,399 - INFO -   시뮬레이션 실행 중...
2026-01-30 02:00:05,081 - INFO -   시뮬레이션 완료 (0.68초)
2026-01-30 02:00:05,081 - INFO - 좌표 380.0 완료 (377/1000, 37.7%)
2026-01-30 02:00:05,081 - INFO - [381/1000] 좌표 381.0 처리 시작: (36.332233, 127.490975), snap_distance_m=63.0
2026-01-30 02:00:05,081 - INFO -   시나리오 생성 중...
2026-01-30 02:00:43,361 - INFO -   시나리오 생성 완료 (38.28초, API 호출: 37회)
2026-01-30 02:00:43,361 - INFO -   시뮬레이션 실행 중...
2026-01-30 02:00:44,044 - INFO -   시뮬레이션 완료 (0.68초)
2026-01-30 02:00:44,044 - INFO - 좌표 381.0 완료 (378/1000, 37.8%)
2026-01-30 02:00:44,044 - INFO - [382/1000] 좌표 382.0 처리 시작: (36.246982, 127.475154), snap_distance_m=12.3
2026-01-30 02:00:44,044 - INFO -   시나리오 생성 중...
2026-01-30 02:01:21,204 - INFO -   시나리오 생성 완료 (37.16초, API 호출: 36회)
2026-01-30 02:01:21,204 - INFO -   시뮬레이션 실행 중...
2026-01-30 02:01:21,891 - INFO -   시뮬레이션 완료 (0.69초)
2026-01-30 02:01:21,891 - INFO - 좌표 382.0 완료 (379/1000, 37.9%)
2026-01-30 02:01:21,891 - INFO - [383/1000] 좌표 383.0 처리 시작: (36.461415, 127.376933), snap_distance_m=159.8
2026-01-30 02:01:21,891 - INFO -   시나리오 생성 중...
2026-01-30 02:02:01,004 - INFO -   시나리오 생성 완료 (39.11초, API 호출: 38회)
2026-01-30 02:02:01,004 - INFO -   시뮬레이션 실행 중...
2026-01-30 02:02:01,677 - INFO -   시뮬레이션 완료 (0.67초)
2026-01-30 02:02:01,677 - INFO - 좌표 383.0 완료 (380/1000, 38.0%)
2026-01-30 02:02:01,677 - INFO - [384/1000] 좌표 384.0 처리 시작: (36.319536, 127.387331), snap_distance_m=17.1
2026-01-30 02:02:01,677 - INFO -   시나리오 생성 중...
2026-01-30 02:02:38,864 - INFO -   시나리오 생성 완료 (37.19초, API 호출: 36회)
2026-01-30 02:02:38,864 - INFO -   시뮬레이션 실행 중...
2026-01-30 02:02:39,558 - INFO -   시뮬레이션 완료 (0.69초)
2026-01-30 02:02:39,558 - INFO - 좌표 384.0 완료 (381/1000, 38.1%)
2026-01-30 02:02:39,558 - INFO - [385/1000] 좌표 385.0 처리 시작: (36.240115, 127.319359), snap_distance_m=19.3
2026-01-30 02:02:39,558 - INFO -   시나리오 생성 중...
2026-01-30 02:03:15,700 - INFO -   시나리오 생성 완료 (36.14초, API 호출: 35회)
2026-01-30 02:03:15,700 - INFO -   시뮬레이션 실행 중...
2026-01-30 02:03:16,370 - INFO -   시뮬레이션 완료 (0.67초)
2026-01-30 02:03:16,370 - INFO - 좌표 385.0 완료 (382/1000, 38.2%)
2026-01-30 02:03:16,370 - INFO - [386/1000] 좌표 386.0 처리 시작: (36.396665, 127.363775), snap_distance_m=70.8
2026-01-30 02:03:16,370 - INFO -   시나리오 생성 중...
2026-01-30 02:03:55,539 - INFO -   시나리오 생성 완료 (39.17초, API 호출: 38회)
2026-01-30 02:03:55,539 - INFO -   시뮬레이션 실행 중...
2026-01-30 02:03:56,308 - INFO -   시뮬레이션 완료 (0.77초)
2026-01-30 02:03:56,308 - INFO - 좌표 386.0 완료 (383/1000, 38.3%)
2026-01-30 02:03:56,308 - INFO - [387/1000] 좌표 387.0 처리 시작: (36.255177, 127.396266), snap_distance_m=212.5
2026-01-30 02:03:56,308 - INFO -   시나리오 생성 중...
2026-01-30 02:04:32,807 - INFO -   시나리오 생성 완료 (36.5초, API 호출: 35회)
2026-01-30 02:04:32,807 - INFO -   시뮬레이션 실행 중...
2026-01-30 02:04:33,477 - INFO -   시뮬레이션 완료 (0.67초)
2026-01-30 02:04:33,477 - INFO - 좌표 387.0 완료 (384/1000, 38.4%)
2026-01-30 02:04:33,477 - INFO - [388/1000] 좌표 388.0 처리 시작: (36.350104, 127.294288), snap_distance_m=91.1
2026-01-30 02:04:33,477 - INFO -   시나리오 생성 중...
2026-01-30 02:05:12,428 - INFO -   시나리오 생성 완료 (38.95초, API 호출: 37회)
2026-01-30 02:05:12,428 - INFO -   시뮬레이션 실행 중...
2026-01-30 02:05:13,110 - INFO -   시뮬레이션 완료 (0.68초)
2026-01-30 02:05:13,110 - INFO - 좌표 388.0 완료 (385/1000, 38.5%)
2026-01-30 02:05:13,110 - INFO - [389/1000] 좌표 389.0 처리 시작: (36.459914, 127.361502), snap_distance_m=43.5
2026-01-30 02:05:13,110 - INFO -   시나리오 생성 중...
2026-01-30 02:05:51,512 - INFO -   시나리오 생성 완료 (38.4초, API 호출: 37회)
2026-01-30 02:05:51,512 - INFO -   시뮬레이션 실행 중...
2026-01-30 02:05:52,192 - INFO -   시뮬레이션 완료 (0.68초)
2026-01-30 02:05:52,192 - INFO - 좌표 389.0 완료 (386/1000, 38.6%)
2026-01-30 02:05:52,192 - INFO - [390/1000] 좌표 390.0 처리 시작: (36.410270, 127.400802), snap_distance_m=32.8
2026-01-30 02:05:52,192 - INFO -   시나리오 생성 중...
2026-01-30 02:06:33,427 - INFO -   시나리오 생성 완료 (41.24초, API 호출: 38회)
2026-01-30 02:06:33,427 - INFO -   시뮬레이션 실행 중...
2026-01-30 02:06:34,136 - INFO -   시뮬레이션 완료 (0.71초)
2026-01-30 02:06:34,136 - INFO - 좌표 390.0 완료 (387/1000, 38.7%)
2026-01-30 02:06:34,136 - INFO - [391/1000] 좌표 391.0 처리 시작: (36.372300, 127.402326), snap_distance_m=4.0
2026-01-30 02:06:34,136 - INFO -   시나리오 생성 중...
2026-01-30 02:07:13,319 - INFO -   시나리오 생성 완료 (39.18초, API 호출: 38회)
2026-01-30 02:07:13,319 - INFO -   시뮬레이션 실행 중...
2026-01-30 02:07:13,987 - INFO -   시뮬레이션 완료 (0.67초)
2026-01-30 02:07:13,987 - INFO - 좌표 391.0 완료 (388/1000, 38.8%)
2026-01-30 02:07:13,987 - INFO - [392/1000] 좌표 392.0 처리 시작: (36.397656, 127.419820), snap_distance_m=2.9
2026-01-30 02:07:13,987 - INFO -   시나리오 생성 중...
2026-01-30 02:07:54,133 - INFO -   시나리오 생성 완료 (40.15초, API 호출: 39회)
2026-01-30 02:07:54,133 - INFO -   시뮬레이션 실행 중...
2026-01-30 02:07:54,808 - INFO -   시뮬레이션 완료 (0.68초)
2026-01-30 02:07:54,808 - INFO - 좌표 392.0 완료 (389/1000, 38.9%)
2026-01-30 02:07:54,808 - INFO - [393/1000] 좌표 393.0 처리 시작: (36.433237, 127.355156), snap_distance_m=54.3
2026-01-30 02:07:54,808 - INFO -   시나리오 생성 중...
2026-01-30 02:08:32,982 - INFO -   시나리오 생성 완료 (38.17초, API 호출: 37회)
2026-01-30 02:08:32,982 - INFO -   시뮬레이션 실행 중...
2026-01-30 02:08:33,646 - INFO -   시뮬레이션 완료 (0.66초)
2026-01-30 02:08:33,646 - INFO - 좌표 393.0 완료 (390/1000, 39.0%)
2026-01-30 02:08:33,646 - INFO - [394/1000] 좌표 394.0 처리 시작: (36.298601, 127.434205), snap_distance_m=183.0
2026-01-30 02:08:33,646 - INFO -   시나리오 생성 중...
2026-01-30 02:09:09,823 - INFO -   시나리오 생성 완료 (36.18초, API 호출: 35회)
2026-01-30 02:09:09,823 - INFO -   시뮬레이션 실행 중...
2026-01-30 02:09:10,505 - INFO -   시뮬레이션 완료 (0.68초)
2026-01-30 02:09:10,505 - INFO - 좌표 394.0 완료 (391/1000, 39.1%)
2026-01-30 02:09:10,505 - INFO - [395/1000] 좌표 395.0 처리 시작: (36.366885, 127.504385), snap_distance_m=2.5
2026-01-30 02:09:10,505 - INFO -   시나리오 생성 중...
2026-01-30 02:09:49,619 - INFO -   시나리오 생성 완료 (39.11초, API 호출: 38회)
2026-01-30 02:09:49,619 - INFO -   시뮬레이션 실행 중...
2026-01-30 02:09:50,307 - INFO -   시뮬레이션 완료 (0.69초)
2026-01-30 02:09:50,307 - INFO - 좌표 395.0 완료 (392/1000, 39.2%)
2026-01-30 02:09:50,307 - INFO - [396/1000] 좌표 396.0 처리 시작: (36.408972, 127.377364), snap_distance_m=17.2
2026-01-30 02:09:50,307 - INFO -   시나리오 생성 중...
2026-01-30 02:10:28,456 - INFO -   시나리오 생성 완료 (38.15초, API 호출: 37회)
2026-01-30 02:10:28,456 - INFO -   시뮬레이션 실행 중...
2026-01-30 02:10:29,137 - INFO -   시뮬레이션 완료 (0.68초)
2026-01-30 02:10:29,137 - INFO - 좌표 396.0 완료 (393/1000, 39.3%)
2026-01-30 02:10:29,137 - INFO - [397/1000] 좌표 397.0 처리 시작: (36.238900, 127.422770), snap_distance_m=117.3
2026-01-30 02:10:29,137 - INFO -   시나리오 생성 중...
2026-01-30 02:11:06,295 - INFO -   시나리오 생성 완료 (37.16초, API 호출: 36회)
2026-01-30 02:11:06,295 - INFO -   시뮬레이션 실행 중...
2026-01-30 02:11:06,989 - INFO -   시뮬레이션 완료 (0.69초)
2026-01-30 02:11:06,989 - INFO - 좌표 397.0 완료 (394/1000, 39.4%)
2026-01-30 02:11:06,990 - INFO - [398/1000] 좌표 398.0 처리 시작: (36.267799, 127.443361), snap_distance_m=15.6
2026-01-30 02:11:06,990 - INFO -   시나리오 생성 중...
2026-01-30 02:11:44,311 - INFO -   시나리오 생성 완료 (37.32초, API 호출: 36회)
2026-01-30 02:11:44,311 - INFO -   시뮬레이션 실행 중...
2026-01-30 02:11:44,990 - INFO -   시뮬레이션 완료 (0.68초)
2026-01-30 02:11:44,990 - INFO - 좌표 398.0 완료 (395/1000, 39.5%)
2026-01-30 02:11:44,990 - INFO - [399/1000] 좌표 399.0 처리 시작: (36.326826, 127.325464), snap_distance_m=31.3
2026-01-30 02:11:44,990 - INFO -   시나리오 생성 중...
2026-01-30 02:12:22,116 - INFO -   시나리오 생성 완료 (37.13초, API 호출: 36회)
2026-01-30 02:12:22,116 - INFO -   시뮬레이션 실행 중...
2026-01-30 02:12:22,791 - INFO -   시뮬레이션 완료 (0.68초)
2026-01-30 02:12:22,791 - INFO - 좌표 399.0 완료 (396/1000, 39.6%)
2026-01-30 02:12:22,791 - INFO - [400/1000] 좌표 400.0 처리 시작: (36.389384, 127.315311), snap_distance_m=2.8
2026-01-30 02:12:22,791 - INFO -   시나리오 생성 중...
2026-01-30 02:13:01,911 - INFO -   시나리오 생성 완료 (39.12초, API 호출: 38회)
2026-01-30 02:13:01,911 - INFO -   시뮬레이션 실행 중...
2026-01-30 02:13:02,597 - INFO -   시뮬레이션 완료 (0.69초)
2026-01-30 02:13:02,597 - INFO - 좌표 400.0 완료 (397/1000, 39.7%)
2026-01-30 02:13:02,597 - INFO - [401/1000] 좌표 401.0 처리 시작: (36.333148, 127.408130), snap_distance_m=35.5
2026-01-30 02:13:02,597 - INFO -   시나리오 생성 중...
2026-01-30 02:13:40,133 - INFO -   시나리오 생성 완료 (37.54초, API 호출: 36회)
2026-01-30 02:13:40,133 - INFO -   시뮬레이션 실행 중...
2026-01-30 02:13:40,816 - INFO -   시뮬레이션 완료 (0.68초)
2026-01-30 02:13:40,816 - INFO - 좌표 401.0 완료 (398/1000, 39.8%)
2026-01-30 02:13:40,816 - INFO - [402/1000] 좌표 402.0 처리 시작: (36.388762, 127.305110), snap_distance_m=42.5
2026-01-30 02:13:40,816 - INFO -   시나리오 생성 중...
2026-01-30 02:14:19,977 - INFO -   시나리오 생성 완료 (39.16초, API 호출: 38회)
2026-01-30 02:14:19,977 - INFO -   시뮬레이션 실행 중...
2026-01-30 02:14:20,643 - INFO -   시뮬레이션 완료 (0.67초)
2026-01-30 02:14:20,643 - INFO - 좌표 402.0 완료 (399/1000, 39.9%)
2026-01-30 02:14:20,643 - INFO - [403/1000] 좌표 403.0 처리 시작: (36.337964, 127.463679), snap_distance_m=26.5
2026-01-30 02:14:20,643 - INFO -   시나리오 생성 중...
2026-01-30 02:15:01,537 - INFO -   시나리오 생성 완료 (40.89초, API 호출: 37회)
2026-01-30 02:15:01,537 - INFO -   시뮬레이션 실행 중...
2026-01-30 02:15:02,201 - INFO -   시뮬레이션 완료 (0.66초)
2026-01-30 02:15:02,201 - INFO - 좌표 403.0 완료 (400/1000, 40.0%)
2026-01-30 02:15:02,201 - INFO - [404/1000] 좌표 404.0 처리 시작: (36.446016, 127.425894), snap_distance_m=11.7
2026-01-30 02:15:02,201 - INFO -   시나리오 생성 중...
2026-01-30 02:15:41,391 - INFO -   시나리오 생성 완료 (39.19초, API 호출: 38회)
2026-01-30 02:15:41,391 - INFO -   시뮬레이션 실행 중...
2026-01-30 02:15:42,077 - INFO -   시뮬레이션 완료 (0.69초)
2026-01-30 02:15:42,077 - INFO - 좌표 404.0 완료 (401/1000, 40.1%)
2026-01-30 02:15:42,077 - INFO - [405/1000] 좌표 405.0 처리 시작: (36.266674, 127.396137), snap_distance_m=184.4
2026-01-30 02:15:42,077 - INFO -   시나리오 생성 중...
2026-01-30 02:16:18,486 - INFO -   시나리오 생성 완료 (36.41초, API 호출: 35회)
2026-01-30 02:16:18,488 - INFO -   시뮬레이션 실행 중...
2026-01-30 02:16:19,165 - INFO -   시뮬레이션 완료 (0.68초)
2026-01-30 02:16:19,165 - INFO - 좌표 405.0 완료 (402/1000, 40.2%)
2026-01-30 02:16:19,165 - INFO - [406/1000] 좌표 406.0 처리 시작: (36.429164, 127.431031), snap_distance_m=1.0
2026-01-30 02:16:19,165 - INFO -   시나리오 생성 중...
2026-01-30 02:16:58,475 - INFO -   시나리오 생성 완료 (39.31초, API 호출: 38회)
2026-01-30 02:16:58,475 - INFO -   시뮬레이션 실행 중...
2026-01-30 02:16:59,152 - INFO -   시뮬레이션 완료 (0.68초)
2026-01-30 02:16:59,152 - INFO - 좌표 406.0 완료 (403/1000, 40.3%)
2026-01-30 02:16:59,152 - INFO - [407/1000] 좌표 407.0 처리 시작: (36.420045, 127.446776), snap_distance_m=10.5
2026-01-30 02:16:59,152 - INFO -   시나리오 생성 중...
2026-01-30 02:17:38,470 - INFO -   시나리오 생성 완료 (39.32초, API 호출: 38회)
2026-01-30 02:17:38,470 - INFO -   시뮬레이션 실행 중...
2026-01-30 02:17:39,144 - INFO -   시뮬레이션 완료 (0.67초)
2026-01-30 02:17:39,144 - INFO - 좌표 407.0 완료 (404/1000, 40.4%)
2026-01-30 02:17:39,144 - INFO - [408/1000] 좌표 408.0 처리 시작: (36.362518, 127.287469), snap_distance_m=90.0
2026-01-30 02:17:39,144 - INFO -   시나리오 생성 중...
2026-01-30 02:18:17,270 - INFO -   시나리오 생성 완료 (38.13초, API 호출: 37회)
2026-01-30 02:18:17,270 - INFO -   시뮬레이션 실행 중...
2026-01-30 02:18:17,955 - INFO -   시뮬레이션 완료 (0.68초)
2026-01-30 02:18:17,955 - INFO - 좌표 408.0 완료 (405/1000, 40.5%)
2026-01-30 02:18:17,955 - INFO - [409/1000] 좌표 409.0 처리 시작: (36.320753, 127.459983), snap_distance_m=46.9
2026-01-30 02:18:17,955 - INFO -   시나리오 생성 중...
2026-01-30 02:18:55,253 - INFO -   시나리오 생성 완료 (37.3초, API 호출: 36회)
2026-01-30 02:18:55,253 - INFO -   시뮬레이션 실행 중...
2026-01-30 02:18:55,925 - INFO -   시뮬레이션 완료 (0.67초)
2026-01-30 02:18:55,925 - INFO - 좌표 409.0 완료 (406/1000, 40.6%)
2026-01-30 02:18:55,925 - INFO - [410/1000] 좌표 410.0 처리 시작: (36.235090, 127.415066), snap_distance_m=78.1
2026-01-30 02:18:55,925 - INFO -   시나리오 생성 중...
2026-01-30 02:19:32,107 - INFO -   시나리오 생성 완료 (36.18초, API 호출: 35회)
2026-01-30 02:19:32,107 - INFO -   시뮬레이션 실행 중...
2026-01-30 02:19:32,787 - INFO -   시뮬레이션 완료 (0.68초)
2026-01-30 02:19:32,787 - INFO - 좌표 410.0 완료 (407/1000, 40.7%)
2026-01-30 02:19:32,787 - INFO - [411/1000] 좌표 411.0 처리 시작: (36.216278, 127.341629), snap_distance_m=2.4
2026-01-30 02:19:32,787 - INFO -   시나리오 생성 중...
2026-01-30 02:20:08,977 - INFO -   시나리오 생성 완료 (36.19초, API 호출: 35회)
2026-01-30 02:20:08,977 - INFO -   시뮬레이션 실행 중...
2026-01-30 02:20:09,656 - INFO -   시뮬레이션 완료 (0.68초)
2026-01-30 02:20:09,656 - INFO - 좌표 411.0 완료 (408/1000, 40.8%)
2026-01-30 02:20:09,656 - INFO - [412/1000] 좌표 412.0 처리 시작: (36.438795, 127.349456), snap_distance_m=37.4
2026-01-30 02:20:09,656 - INFO -   시나리오 생성 중...
2026-01-30 02:20:51,561 - INFO -   시나리오 생성 완료 (41.9초, API 호출: 37회)
2026-01-30 02:20:51,561 - INFO -   시뮬레이션 실행 중...
2026-01-30 02:20:52,243 - INFO -   시뮬레이션 완료 (0.68초)
2026-01-30 02:20:52,243 - INFO - 좌표 412.0 완료 (409/1000, 40.9%)
2026-01-30 02:20:52,243 - INFO - [413/1000] 좌표 413.0 처리 시작: (36.286006, 127.497085), snap_distance_m=14.6
2026-01-30 02:20:52,243 - INFO -   시나리오 생성 중...
2026-01-30 02:21:29,369 - INFO -   시나리오 생성 완료 (37.13초, API 호출: 36회)
2026-01-30 02:21:29,369 - INFO -   시뮬레이션 실행 중...
2026-01-30 02:21:30,039 - INFO -   시뮬레이션 완료 (0.67초)
2026-01-30 02:21:30,039 - INFO - 좌표 413.0 완료 (410/1000, 41.0%)
2026-01-30 02:21:30,039 - INFO - [414/1000] 좌표 414.0 처리 시작: (36.424809, 127.462598), snap_distance_m=169.3
2026-01-30 02:21:30,039 - INFO -   시나리오 생성 중...
2026-01-30 02:22:09,214 - INFO -   시나리오 생성 완료 (39.18초, API 호출: 38회)
2026-01-30 02:22:09,214 - INFO -   시뮬레이션 실행 중...
2026-01-30 02:22:09,904 - INFO -   시뮬레이션 완료 (0.69초)
2026-01-30 02:22:09,904 - INFO - 좌표 414.0 완료 (411/1000, 41.1%)
2026-01-30 02:22:09,904 - INFO - [415/1000] 좌표 415.0 처리 시작: (36.376456, 127.438642), snap_distance_m=73.2
2026-01-30 02:22:09,904 - INFO -   시나리오 생성 중...
2026-01-30 02:22:48,886 - INFO -   시나리오 생성 완료 (38.98초, API 호출: 37회)
2026-01-30 02:22:48,886 - INFO -   시뮬레이션 실행 중...
2026-01-30 02:22:49,556 - INFO -   시뮬레이션 완료 (0.67초)
2026-01-30 02:22:49,556 - INFO - 좌표 415.0 완료 (412/1000, 41.2%)
2026-01-30 02:22:49,556 - INFO - [416/1000] 좌표 416.0 처리 시작: (36.309597, 127.433835), snap_distance_m=79.5
2026-01-30 02:22:49,556 - INFO -   시나리오 생성 중...
2026-01-30 02:23:25,651 - INFO -   시나리오 생성 완료 (36.09초, API 호출: 35회)
2026-01-30 02:23:25,651 - INFO -   시뮬레이션 실행 중...
2026-01-30 02:23:26,330 - INFO -   시뮬레이션 완료 (0.68초)
2026-01-30 02:23:26,330 - INFO - 좌표 416.0 완료 (413/1000, 41.3%)
2026-01-30 02:23:26,330 - INFO - [417/1000] 좌표 417.0 처리 시작: (36.241745, 127.352452), snap_distance_m=51.5
2026-01-30 02:23:26,330 - INFO -   시나리오 생성 중...
2026-01-30 02:24:02,437 - INFO -   시나리오 생성 완료 (36.11초, API 호출: 35회)
2026-01-30 02:24:02,437 - INFO -   시뮬레이션 실행 중...
2026-01-30 02:24:03,137 - INFO -   시뮬레이션 완료 (0.7초)
2026-01-30 02:24:03,137 - INFO - 좌표 417.0 완료 (414/1000, 41.4%)
2026-01-30 02:24:03,138 - INFO - [418/1000] 좌표 418.0 처리 시작: (36.299875, 127.399531), snap_distance_m=7.6
2026-01-30 02:24:03,138 - INFO -   시나리오 생성 중...
2026-01-30 02:24:40,490 - INFO -   시나리오 생성 완료 (37.35초, API 호출: 35회)
2026-01-30 02:24:40,490 - INFO -   시뮬레이션 실행 중...
2026-01-30 02:24:41,164 - INFO -   시뮬레이션 완료 (0.67초)
2026-01-30 02:24:41,164 - INFO - 좌표 418.0 완료 (415/1000, 41.5%)
2026-01-30 02:24:41,164 - INFO - [419/1000] 좌표 419.0 처리 시작: (36.387421, 127.435011), snap_distance_m=218.5
2026-01-30 02:24:41,164 - INFO -   시나리오 생성 중...
2026-01-30 02:25:19,381 - INFO -   시나리오 생성 완료 (38.22초, API 호출: 37회)
2026-01-30 02:25:19,381 - INFO -   시뮬레이션 실행 중...
2026-01-30 02:25:20,083 - INFO -   시뮬레이션 완료 (0.7초)
2026-01-30 02:25:20,083 - INFO - 좌표 419.0 완료 (416/1000, 41.6%)
2026-01-30 02:25:20,083 - INFO - [420/1000] 좌표 420.0 처리 시작: (36.340166, 127.342226), snap_distance_m=12.4
2026-01-30 02:25:20,083 - INFO -   시나리오 생성 중...
2026-01-30 02:25:57,110 - INFO -   시나리오 생성 완료 (37.03초, API 호출: 35회)
2026-01-30 02:25:57,110 - INFO -   시뮬레이션 실행 중...
2026-01-30 02:25:57,792 - INFO -   시뮬레이션 완료 (0.68초)
2026-01-30 02:25:57,792 - INFO - 좌표 420.0 완료 (417/1000, 41.7%)
2026-01-30 02:25:57,792 - INFO - [421/1000] 좌표 421.0 처리 시작: (36.414198, 127.482983), snap_distance_m=61.5
2026-01-30 02:25:57,792 - INFO -   시나리오 생성 중...
2026-01-30 02:26:39,265 - INFO -   시나리오 생성 완료 (41.47초, API 호출: 38회)
2026-01-30 02:26:39,265 - INFO -   시뮬레이션 실행 중...
2026-01-30 02:26:39,979 - INFO -   시뮬레이션 완료 (0.71초)
2026-01-30 02:26:39,979 - INFO - 좌표 421.0 완료 (418/1000, 41.8%)
2026-01-30 02:26:39,979 - INFO - [422/1000] 좌표 422.0 처리 시작: (36.266852, 127.459236), snap_distance_m=238.2
2026-01-30 02:26:39,979 - INFO -   시나리오 생성 중...
2026-01-30 02:27:16,172 - INFO -   시나리오 생성 완료 (36.19초, API 호출: 35회)
2026-01-30 02:27:16,172 - INFO -   시뮬레이션 실행 중...
2026-01-30 02:27:16,860 - INFO -   시뮬레이션 완료 (0.69초)
2026-01-30 02:27:16,860 - INFO - 좌표 422.0 완료 (419/1000, 41.9%)
2026-01-30 02:27:16,860 - INFO - [423/1000] 좌표 423.0 처리 시작: (36.304982, 127.322453), snap_distance_m=80.2
2026-01-30 02:27:16,860 - INFO -   시나리오 생성 중...
2026-01-30 02:27:55,956 - INFO -   시나리오 생성 완료 (39.1초, API 호출: 37회)
2026-01-30 02:27:55,956 - INFO -   시뮬레이션 실행 중...
2026-01-30 02:27:56,627 - INFO -   시뮬레이션 완료 (0.67초)
2026-01-30 02:27:56,627 - INFO - 좌표 423.0 완료 (420/1000, 42.0%)
2026-01-30 02:27:56,627 - INFO - [424/1000] 좌표 424.0 처리 시작: (36.355597, 127.469198), snap_distance_m=8.0
2026-01-30 02:27:56,627 - INFO -   시나리오 생성 중...
2026-01-30 02:28:34,792 - INFO -   시나리오 생성 완료 (38.17초, API 호출: 37회)
2026-01-30 02:28:34,792 - INFO -   시뮬레이션 실행 중...
2026-01-30 02:28:35,477 - INFO -   시뮬레이션 완료 (0.69초)
2026-01-30 02:28:35,477 - INFO - 좌표 424.0 완료 (421/1000, 42.1%)
2026-01-30 02:28:35,477 - INFO - [425/1000] 좌표 425.0 처리 시작: (36.204312, 127.430868), snap_distance_m=185.9
2026-01-30 02:28:35,477 - INFO -   시나리오 생성 중...
2026-01-30 02:29:12,645 - INFO -   시나리오 생성 완료 (37.17초, API 호출: 36회)
2026-01-30 02:29:12,645 - INFO -   시뮬레이션 실행 중...
2026-01-30 02:29:13,343 - INFO -   시뮬레이션 완료 (0.7초)
2026-01-30 02:29:13,343 - INFO - 좌표 425.0 완료 (422/1000, 42.2%)
2026-01-30 02:29:13,343 - INFO - [426/1000] 좌표 426.0 처리 시작: (36.445793, 127.440081), snap_distance_m=85.9
2026-01-30 02:29:13,343 - INFO -   시나리오 생성 중...
2026-01-30 02:29:52,473 - INFO -   시나리오 생성 완료 (39.13초, API 호출: 38회)
2026-01-30 02:29:52,473 - INFO -   시뮬레이션 실행 중...
2026-01-30 02:29:53,158 - INFO -   시뮬레이션 완료 (0.68초)
2026-01-30 02:29:53,158 - INFO - 좌표 426.0 완료 (423/1000, 42.3%)
2026-01-30 02:29:53,158 - INFO - [427/1000] 좌표 427.0 처리 시작: (36.293737, 127.299762), snap_distance_m=11.7
2026-01-30 02:29:53,158 - INFO -   시나리오 생성 중...
2026-01-30 02:30:34,694 - INFO -   시나리오 생성 완료 (41.54초, API 호출: 36회)
2026-01-30 02:30:34,694 - INFO -   시뮬레이션 실행 중...
2026-01-30 02:30:35,378 - INFO -   시뮬레이션 완료 (0.68초)
2026-01-30 02:30:35,378 - INFO - 좌표 427.0 완료 (424/1000, 42.4%)
2026-01-30 02:30:35,379 - INFO - [428/1000] 좌표 428.0 처리 시작: (36.263992, 127.292213), snap_distance_m=4.2
2026-01-30 02:30:35,379 - INFO -   시나리오 생성 중...
2026-01-30 02:31:12,509 - INFO -   시나리오 생성 완료 (37.13초, API 호출: 36회)
2026-01-30 02:31:12,509 - INFO -   시뮬레이션 실행 중...
2026-01-30 02:31:13,187 - INFO -   시뮬레이션 완료 (0.68초)
2026-01-30 02:31:13,187 - INFO - 좌표 428.0 완료 (425/1000, 42.5%)
2026-01-30 02:31:13,187 - INFO - [429/1000] 좌표 429.0 처리 시작: (36.403460, 127.403392), snap_distance_m=13.9
2026-01-30 02:31:13,187 - INFO -   시나리오 생성 중...
2026-01-30 02:31:53,344 - INFO -   시나리오 생성 완료 (40.16초, API 호출: 39회)
2026-01-30 02:31:53,344 - INFO -   시뮬레이션 실행 중...
2026-01-30 02:31:54,032 - INFO -   시뮬레이션 완료 (0.69초)
2026-01-30 02:31:54,032 - INFO - 좌표 429.0 완료 (426/1000, 42.6%)
2026-01-30 02:31:54,032 - INFO - [430/1000] 좌표 430.0 처리 시작: (36.263628, 127.481730), snap_distance_m=53.8
2026-01-30 02:31:54,032 - INFO -   시나리오 생성 중...
2026-01-30 02:32:31,176 - INFO -   시나리오 생성 완료 (37.14초, API 호출: 36회)
2026-01-30 02:32:31,176 - INFO -   시뮬레이션 실행 중...
2026-01-30 02:32:31,852 - INFO -   시뮬레이션 완료 (0.68초)
2026-01-30 02:32:31,852 - INFO - 좌표 430.0 완료 (427/1000, 42.7%)
2026-01-30 02:32:31,852 - INFO - [431/1000] 좌표 431.0 처리 시작: (36.327773, 127.291410), snap_distance_m=34.5
2026-01-30 02:32:31,852 - INFO -   시나리오 생성 중...
2026-01-30 02:33:09,053 - INFO -   시나리오 생성 완료 (37.2초, API 호출: 36회)
2026-01-30 02:33:09,053 - INFO -   시뮬레이션 실행 중...
2026-01-30 02:33:09,737 - INFO -   시뮬레이션 완료 (0.68초)
2026-01-30 02:33:09,737 - INFO - 좌표 431.0 완료 (428/1000, 42.8%)
2026-01-30 02:33:09,737 - INFO - [432/1000] 좌표 432.0 처리 시작: (36.326387, 127.434120), snap_distance_m=16.0
2026-01-30 02:33:09,737 - INFO -   시나리오 생성 중...
2026-01-30 02:33:45,827 - INFO -   시나리오 생성 완료 (36.09초, API 호출: 35회)
2026-01-30 02:33:45,827 - INFO -   시뮬레이션 실행 중...
2026-01-30 02:33:46,603 - INFO -   시뮬레이션 완료 (0.78초)
2026-01-30 02:33:46,603 - INFO - 좌표 432.0 완료 (429/1000, 42.9%)
2026-01-30 02:33:46,603 - INFO - [433/1000] 좌표 433.0 처리 시작: (36.269084, 127.404499), snap_distance_m=93.8
2026-01-30 02:33:46,603 - INFO -   시나리오 생성 중...
2026-01-30 02:34:22,693 - INFO -   시나리오 생성 완료 (36.09초, API 호출: 35회)
2026-01-30 02:34:22,693 - INFO -   시뮬레이션 실행 중...
2026-01-30 02:34:23,374 - INFO -   시뮬레이션 완료 (0.68초)
2026-01-30 02:34:23,374 - INFO - 좌표 433.0 완료 (430/1000, 43.0%)
2026-01-30 02:34:23,374 - INFO - [434/1000] 좌표 434.0 처리 시작: (36.291730, 127.388313), snap_distance_m=126.0
2026-01-30 02:34:23,374 - INFO -   시나리오 생성 중...
2026-01-30 02:34:59,478 - INFO -   시나리오 생성 완료 (36.1초, API 호출: 35회)
2026-01-30 02:34:59,478 - INFO -   시뮬레이션 실행 중...
2026-01-30 02:35:00,157 - INFO -   시뮬레이션 완료 (0.68초)
2026-01-30 02:35:00,157 - INFO - 좌표 434.0 완료 (431/1000, 43.1%)
2026-01-30 02:35:00,157 - INFO - [435/1000] 좌표 435.0 처리 시작: (36.302657, 127.355409), snap_distance_m=26.4
2026-01-30 02:35:00,157 - INFO -   시나리오 생성 중...
2026-01-30 02:35:39,072 - INFO -   시나리오 생성 완료 (38.92초, API 호출: 36회)
2026-01-30 02:35:39,072 - INFO -   시뮬레이션 실행 중...
2026-01-30 02:35:39,762 - INFO -   시뮬레이션 완료 (0.69초)
2026-01-30 02:35:39,762 - INFO - 좌표 435.0 완료 (432/1000, 43.2%)
2026-01-30 02:35:39,762 - INFO - [436/1000] 좌표 436.0 처리 시작: (36.256618, 127.454047), snap_distance_m=21.8
2026-01-30 02:35:39,762 - INFO -   시나리오 생성 중...
2026-01-30 02:36:16,883 - INFO -   시나리오 생성 완료 (37.12초, API 호출: 36회)
2026-01-30 02:36:16,883 - INFO -   시뮬레이션 실행 중...
2026-01-30 02:36:17,551 - INFO -   시뮬레이션 완료 (0.67초)
2026-01-30 02:36:17,551 - INFO - 좌표 436.0 완료 (433/1000, 43.3%)
2026-01-30 02:36:17,551 - INFO - [437/1000] 좌표 437.0 처리 시작: (36.413881, 127.394682), snap_distance_m=83.5
2026-01-30 02:36:17,551 - INFO -   시나리오 생성 중...
2026-01-30 02:36:56,685 - INFO -   시나리오 생성 완료 (39.13초, API 호출: 37회)
2026-01-30 02:36:56,685 - INFO -   시뮬레이션 실행 중...
2026-01-30 02:36:57,366 - INFO -   시뮬레이션 완료 (0.68초)
2026-01-30 02:36:57,366 - INFO - 좌표 437.0 완료 (434/1000, 43.4%)
2026-01-30 02:36:57,366 - INFO - [438/1000] 좌표 438.0 처리 시작: (36.433887, 127.480987), snap_distance_m=136.3
2026-01-30 02:36:57,366 - INFO -   시나리오 생성 중...
2026-01-30 02:37:36,608 - INFO -   시나리오 생성 완료 (39.23초, API 호출: 38회)
2026-01-30 02:37:36,608 - INFO -   시뮬레이션 실행 중...
2026-01-30 02:37:37,300 - INFO -   시뮬레이션 완료 (0.69초)
2026-01-30 02:37:37,300 - INFO - 좌표 438.0 완료 (435/1000, 43.5%)
2026-01-30 02:37:37,300 - INFO - [439/1000] 좌표 439.0 처리 시작: (36.415503, 127.358314), snap_distance_m=2.4
2026-01-30 02:37:37,300 - INFO -   시나리오 생성 중...
2026-01-30 02:38:15,459 - INFO -   시나리오 생성 완료 (38.16초, API 호출: 37회)
2026-01-30 02:38:15,459 - INFO -   시뮬레이션 실행 중...
2026-01-30 02:38:16,142 - INFO -   시뮬레이션 완료 (0.68초)
2026-01-30 02:38:16,142 - INFO - 좌표 439.0 완료 (436/1000, 43.6%)
2026-01-30 02:38:16,142 - INFO - [440/1000] 좌표 440.0 처리 시작: (36.334022, 127.349140), snap_distance_m=9.6
2026-01-30 02:38:16,142 - INFO -   시나리오 생성 중...
2026-01-30 02:38:52,249 - INFO -   시나리오 생성 완료 (36.11초, API 호출: 35회)
2026-01-30 02:38:52,249 - INFO -   시뮬레이션 실행 중...
2026-01-30 02:38:52,927 - INFO -   시뮬레이션 완료 (0.68초)
2026-01-30 02:38:52,927 - INFO - 좌표 440.0 완료 (437/1000, 43.7%)
2026-01-30 02:38:52,927 - INFO - [441/1000] 좌표 441.0 처리 시작: (36.406721, 127.342050), snap_distance_m=35.1
2026-01-30 02:38:52,927 - INFO -   시나리오 생성 중...
2026-01-30 02:39:32,116 - INFO -   시나리오 생성 완료 (39.19초, API 호출: 38회)
2026-01-30 02:39:32,116 - INFO -   시뮬레이션 실행 중...
2026-01-30 02:39:32,802 - INFO -   시뮬레이션 완료 (0.69초)
2026-01-30 02:39:32,802 - INFO - 좌표 441.0 완료 (438/1000, 43.8%)
2026-01-30 02:39:32,802 - INFO - [442/1000] 좌표 442.0 처리 시작: (36.249880, 127.469069), snap_distance_m=42.8
2026-01-30 02:39:32,802 - INFO -   시나리오 생성 중...
2026-01-30 02:40:09,127 - INFO -   시나리오 생성 완료 (36.33초, API 호출: 35회)
2026-01-30 02:40:09,128 - INFO -   시뮬레이션 실행 중...
2026-01-30 02:40:09,809 - INFO -   시뮬레이션 완료 (0.68초)
2026-01-30 02:40:09,809 - INFO - 좌표 442.0 완료 (439/1000, 43.9%)
2026-01-30 02:40:09,809 - INFO - [443/1000] 좌표 443.0 처리 시작: (36.344686, 127.441464), snap_distance_m=0.3
2026-01-30 02:40:09,809 - INFO -   시나리오 생성 중...
2026-01-30 02:40:54,627 - INFO -   시나리오 생성 완료 (44.82초, API 호출: 37회)
2026-01-30 02:40:54,627 - INFO -   시뮬레이션 실행 중...
2026-01-30 02:40:55,313 - INFO -   시뮬레이션 완료 (0.69초)
2026-01-30 02:40:55,313 - INFO - 좌표 443.0 완료 (440/1000, 44.0%)
2026-01-30 02:40:55,313 - INFO - [444/1000] 좌표 444.0 처리 시작: (36.444829, 127.401421), snap_distance_m=17.6
2026-01-30 02:40:55,313 - INFO -   시나리오 생성 중...
2026-01-30 02:41:34,394 - INFO -   시나리오 생성 완료 (39.08초, API 호출: 37회)
2026-01-30 02:41:34,410 - INFO -   시뮬레이션 실행 중...
2026-01-30 02:41:35,099 - INFO -   시뮬레이션 완료 (0.69초)
2026-01-30 02:41:35,099 - INFO - 좌표 444.0 완료 (441/1000, 44.1%)
2026-01-30 02:41:35,099 - INFO - [445/1000] 좌표 445.0 처리 시작: (36.396757, 127.409013), snap_distance_m=37.3
2026-01-30 02:41:35,099 - INFO -   시나리오 생성 중...
2026-01-30 02:42:15,387 - INFO -   시나리오 생성 완료 (40.29초, API 호출: 39회)
2026-01-30 02:42:15,387 - INFO -   시뮬레이션 실행 중...
2026-01-30 02:42:16,083 - INFO -   시뮬레이션 완료 (0.7초)
2026-01-30 02:42:16,083 - INFO - 좌표 445.0 완료 (442/1000, 44.2%)
2026-01-30 02:42:16,083 - INFO - [446/1000] 좌표 446.0 처리 시작: (36.414830, 127.533991), snap_distance_m=40.3
2026-01-30 02:42:16,085 - INFO -   시나리오 생성 중...
2026-01-30 02:42:56,264 - INFO -   시나리오 생성 완료 (40.18초, API 호출: 39회)
2026-01-30 02:42:56,264 - INFO -   시뮬레이션 실행 중...
2026-01-30 02:42:56,945 - INFO -   시뮬레이션 완료 (0.68초)
2026-01-30 02:42:56,945 - INFO - 좌표 446.0 완료 (443/1000, 44.3%)
2026-01-30 02:42:56,945 - INFO - [447/1000] 좌표 447.0 처리 시작: (36.288487, 127.378762), snap_distance_m=27.2
2026-01-30 02:42:56,945 - INFO -   시나리오 생성 중...
2026-01-30 02:43:33,161 - INFO -   시나리오 생성 완료 (36.22초, API 호출: 35회)
2026-01-30 02:43:33,161 - INFO -   시뮬레이션 실행 중...
2026-01-30 02:43:33,844 - INFO -   시뮬레이션 완료 (0.68초)
2026-01-30 02:43:33,844 - INFO - 좌표 447.0 완료 (444/1000, 44.4%)
2026-01-30 02:43:33,844 - INFO - [448/1000] 좌표 448.0 처리 시작: (36.396444, 127.420915), snap_distance_m=15.3
2026-01-30 02:43:33,860 - INFO -   시나리오 생성 중...
2026-01-30 02:44:13,029 - INFO -   시나리오 생성 완료 (39.17초, API 호출: 38회)
2026-01-30 02:44:13,030 - INFO -   시뮬레이션 실행 중...
2026-01-30 02:44:13,691 - INFO -   시뮬레이션 완료 (0.66초)
2026-01-30 02:44:13,691 - INFO - 좌표 448.0 완료 (445/1000, 44.5%)
2026-01-30 02:44:13,691 - INFO - [449/1000] 좌표 449.0 처리 시작: (36.426520, 127.379095), snap_distance_m=59.4
2026-01-30 02:44:13,691 - INFO -   시나리오 생성 중...
2026-01-30 02:44:51,818 - INFO -   시나리오 생성 완료 (38.13초, API 호출: 37회)
2026-01-30 02:44:51,818 - INFO -   시뮬레이션 실행 중...
2026-01-30 02:44:52,495 - INFO -   시뮬레이션 완료 (0.68초)
2026-01-30 02:44:52,495 - INFO - 좌표 449.0 완료 (446/1000, 44.6%)
2026-01-30 02:44:52,495 - INFO - [450/1000] 좌표 450.0 처리 시작: (36.345587, 127.456400), snap_distance_m=121.6
2026-01-30 02:44:52,495 - INFO -   시나리오 생성 중...
2026-01-30 02:45:30,688 - INFO -   시나리오 생성 완료 (38.19초, API 호출: 37회)
2026-01-30 02:45:30,688 - INFO -   시뮬레이션 실행 중...
2026-01-30 02:45:31,381 - INFO -   시뮬레이션 완료 (0.69초)
2026-01-30 02:45:31,381 - INFO - 좌표 450.0 완료 (447/1000, 44.7%)
2026-01-30 02:45:31,381 - INFO - [451/1000] 좌표 451.0 처리 시작: (36.363324, 127.429901), snap_distance_m=9.6
2026-01-30 02:45:31,381 - INFO -   시나리오 생성 중...
2026-01-30 02:46:11,043 - INFO -   시나리오 생성 완료 (39.66초, API 호출: 38회)
2026-01-30 02:46:11,059 - INFO -   시뮬레이션 실행 중...
2026-01-30 02:46:11,723 - INFO -   시뮬레이션 완료 (0.66초)
2026-01-30 02:46:11,723 - INFO - 좌표 451.0 완료 (448/1000, 44.8%)
2026-01-30 02:46:11,723 - INFO - [452/1000] 좌표 452.0 처리 시작: (36.417069, 127.320481), snap_distance_m=175.0
2026-01-30 02:46:11,723 - INFO -   시나리오 생성 중...
2026-01-30 02:46:49,852 - INFO -   시나리오 생성 완료 (38.13초, API 호출: 37회)
2026-01-30 02:46:49,852 - INFO -   시뮬레이션 실행 중...
2026-01-30 02:46:50,535 - INFO -   시뮬레이션 완료 (0.68초)
2026-01-30 02:46:50,535 - INFO - 좌표 452.0 완료 (449/1000, 44.9%)
2026-01-30 02:46:50,535 - INFO - [453/1000] 좌표 453.0 처리 시작: (36.405497, 127.443201), snap_distance_m=4.3
2026-01-30 02:46:50,535 - INFO -   시나리오 생성 중...
2026-01-30 02:47:28,669 - INFO -   시나리오 생성 완료 (38.13초, API 호출: 37회)
2026-01-30 02:47:28,669 - INFO -   시뮬레이션 실행 중...
2026-01-30 02:47:29,366 - INFO -   시뮬레이션 완료 (0.7초)
2026-01-30 02:47:29,366 - INFO - 좌표 453.0 완료 (450/1000, 45.0%)
2026-01-30 02:47:29,366 - INFO - [454/1000] 좌표 454.0 처리 시작: (36.365848, 127.423000), snap_distance_m=63.0
2026-01-30 02:47:29,366 - INFO -   시나리오 생성 중...
2026-01-30 02:48:22,255 - INFO -   시나리오 생성 완료 (52.89초, API 호출: 38회)
2026-01-30 02:48:22,255 - INFO -   시뮬레이션 실행 중...
2026-01-30 02:48:22,934 - INFO -   시뮬레이션 완료 (0.68초)
2026-01-30 02:48:22,934 - INFO - 좌표 454.0 완료 (451/1000, 45.1%)
2026-01-30 02:48:22,934 - INFO - [455/1000] 좌표 455.0 처리 시작: (36.348170, 127.416789), snap_distance_m=10.6
2026-01-30 02:48:22,934 - INFO -   시나리오 생성 중...
2026-01-30 02:49:03,075 - INFO -   시나리오 생성 완료 (40.14초, API 호출: 39회)
2026-01-30 02:49:03,075 - INFO -   시뮬레이션 실행 중...
2026-01-30 02:49:03,773 - INFO -   시뮬레이션 완료 (0.7초)
2026-01-30 02:49:03,773 - INFO - 좌표 455.0 완료 (452/1000, 45.2%)
2026-01-30 02:49:03,773 - INFO - [456/1000] 좌표 456.0 처리 시작: (36.474462, 127.396194), snap_distance_m=7.2
2026-01-30 02:49:03,773 - INFO -   시나리오 생성 중...
2026-01-30 02:49:42,957 - INFO -   시나리오 생성 완료 (39.18초, API 호출: 38회)
2026-01-30 02:49:42,957 - INFO -   시뮬레이션 실행 중...
2026-01-30 02:49:43,653 - INFO -   시뮬레이션 완료 (0.7초)
2026-01-30 02:49:43,653 - INFO - 좌표 456.0 완료 (453/1000, 45.3%)
2026-01-30 02:49:43,653 - INFO - [457/1000] 좌표 457.0 처리 시작: (36.276899, 127.420931), snap_distance_m=199.4
2026-01-30 02:49:43,653 - INFO -   시나리오 생성 중...
2026-01-30 02:50:24,828 - INFO -   시나리오 생성 완료 (41.18초, API 호출: 36회)
2026-01-30 02:50:24,828 - INFO -   시뮬레이션 실행 중...
2026-01-30 02:50:25,508 - INFO -   시뮬레이션 완료 (0.68초)
2026-01-30 02:50:25,508 - INFO - 좌표 457.0 완료 (454/1000, 45.4%)
2026-01-30 02:50:25,508 - INFO - [458/1000] 좌표 458.0 처리 시작: (36.315002, 127.359826), snap_distance_m=232.0
2026-01-30 02:50:25,508 - INFO -   시나리오 생성 중...
2026-01-30 02:51:06,559 - INFO -   시나리오 생성 완료 (41.05초, API 호출: 36회)
2026-01-30 02:51:06,559 - INFO -   시뮬레이션 실행 중...
2026-01-30 02:51:07,249 - INFO -   시뮬레이션 완료 (0.69초)
2026-01-30 02:51:07,249 - INFO - 좌표 458.0 완료 (455/1000, 45.5%)
2026-01-30 02:51:07,249 - INFO - [459/1000] 좌표 459.0 처리 시작: (36.364604, 127.422518), snap_distance_m=10.3
2026-01-30 02:51:07,249 - INFO -   시나리오 생성 중...
2026-01-30 02:51:46,392 - INFO -   시나리오 생성 완료 (39.14초, API 호출: 38회)
2026-01-30 02:51:46,392 - INFO -   시뮬레이션 실행 중...
2026-01-30 02:51:47,065 - INFO -   시뮬레이션 완료 (0.67초)
2026-01-30 02:51:47,065 - INFO - 좌표 459.0 완료 (456/1000, 45.6%)
2026-01-30 02:51:47,065 - INFO - [460/1000] 좌표 460.0 처리 시작: (36.261742, 127.350577), snap_distance_m=75.0
2026-01-30 02:51:47,067 - INFO -   시나리오 생성 중...
2026-01-30 02:52:23,185 - INFO -   시나리오 생성 완료 (36.12초, API 호출: 35회)
2026-01-30 02:52:23,187 - INFO -   시뮬레이션 실행 중...
2026-01-30 02:52:23,861 - INFO -   시뮬레이션 완료 (0.67초)
2026-01-30 02:52:23,861 - INFO - 좌표 460.0 완료 (457/1000, 45.7%)
2026-01-30 02:52:23,861 - INFO - [461/1000] 좌표 461.0 처리 시작: (36.352703, 127.324130), snap_distance_m=32.0
2026-01-30 02:52:23,861 - INFO -   시나리오 생성 중...
2026-01-30 02:53:01,044 - INFO -   시나리오 생성 완료 (37.18초, API 호출: 36회)
2026-01-30 02:53:01,044 - INFO -   시뮬레이션 실행 중...
2026-01-30 02:53:01,711 - INFO -   시뮬레이션 완료 (0.67초)
2026-01-30 02:53:01,711 - INFO - 좌표 461.0 완료 (458/1000, 45.8%)
2026-01-30 02:53:01,711 - INFO - [462/1000] 좌표 462.0 처리 시작: (36.404809, 127.343227), snap_distance_m=73.3
2026-01-30 02:53:01,711 - INFO -   시나리오 생성 중...
2026-01-30 02:53:40,845 - INFO -   시나리오 생성 완료 (39.13초, API 호출: 38회)
2026-01-30 02:53:40,845 - INFO -   시뮬레이션 실행 중...
2026-01-30 02:53:41,525 - INFO -   시뮬레이션 완료 (0.68초)
2026-01-30 02:53:41,525 - INFO - 좌표 462.0 완료 (459/1000, 45.9%)
2026-01-30 02:53:41,525 - INFO - [463/1000] 좌표 463.0 처리 시작: (36.331795, 127.393162), snap_distance_m=26.1
2026-01-30 02:53:41,525 - INFO -   시나리오 생성 중...
2026-01-30 02:54:18,644 - INFO -   시나리오 생성 완료 (37.12초, API 호출: 36회)
2026-01-30 02:54:18,644 - INFO -   시뮬레이션 실행 중...
2026-01-30 02:54:19,329 - INFO -   시뮬레이션 완료 (0.69초)
2026-01-30 02:54:19,329 - INFO - 좌표 463.0 완료 (460/1000, 46.0%)
2026-01-30 02:54:19,329 - INFO - [464/1000] 좌표 464.0 처리 시작: (36.303250, 127.363354), snap_distance_m=33.1
2026-01-30 02:54:19,329 - INFO -   시나리오 생성 중...
2026-01-30 02:54:55,434 - INFO -   시나리오 생성 완료 (36.1초, API 호출: 35회)
2026-01-30 02:54:55,434 - INFO -   시뮬레이션 실행 중...
2026-01-30 02:54:56,117 - INFO -   시뮬레이션 완료 (0.68초)
2026-01-30 02:54:56,117 - INFO - 좌표 464.0 완료 (461/1000, 46.1%)
2026-01-30 02:54:56,117 - INFO - [465/1000] 좌표 465.0 처리 시작: (36.350293, 127.305971), snap_distance_m=22.7
2026-01-30 02:54:56,117 - INFO -   시나리오 생성 중...
2026-01-30 02:55:35,229 - INFO -   시나리오 생성 완료 (39.11초, API 호출: 37회)
2026-01-30 02:55:35,229 - INFO -   시뮬레이션 실행 중...
2026-01-30 02:55:35,912 - INFO -   시뮬레이션 완료 (0.68초)
2026-01-30 02:55:35,912 - INFO - 좌표 465.0 완료 (462/1000, 46.2%)
2026-01-30 02:55:35,912 - INFO - [466/1000] 좌표 466.0 처리 시작: (36.338267, 127.304970), snap_distance_m=2.6
2026-01-30 02:55:35,912 - INFO -   시나리오 생성 중...
2026-01-30 02:56:13,127 - INFO -   시나리오 생성 완료 (37.22초, API 호출: 36회)
2026-01-30 02:56:13,127 - INFO -   시뮬레이션 실행 중...
2026-01-30 02:56:13,805 - INFO -   시뮬레이션 완료 (0.68초)
2026-01-30 02:56:13,805 - INFO - 좌표 466.0 완료 (463/1000, 46.3%)
2026-01-30 02:56:13,805 - INFO - [467/1000] 좌표 467.0 처리 시작: (36.303374, 127.416619), snap_distance_m=76.7
2026-01-30 02:56:13,805 - INFO -   시나리오 생성 중...
2026-01-30 02:56:49,918 - INFO -   시나리오 생성 완료 (36.11초, API 호출: 35회)
2026-01-30 02:56:49,918 - INFO -   시뮬레이션 실행 중...
2026-01-30 02:56:50,580 - INFO -   시뮬레이션 완료 (0.66초)
2026-01-30 02:56:50,580 - INFO - 좌표 467.0 완료 (464/1000, 46.4%)
2026-01-30 02:56:50,580 - INFO - [468/1000] 좌표 468.0 처리 시작: (36.416213, 127.420331), snap_distance_m=12.4
2026-01-30 02:56:50,580 - INFO -   시나리오 생성 중...
2026-01-30 02:57:30,787 - INFO -   시나리오 생성 완료 (40.21초, API 호출: 39회)
2026-01-30 02:57:30,787 - INFO -   시뮬레이션 실행 중...
2026-01-30 02:57:31,469 - INFO -   시뮬레이션 완료 (0.68초)
2026-01-30 02:57:31,469 - INFO - 좌표 468.0 완료 (465/1000, 46.5%)
2026-01-30 02:57:31,469 - INFO - [469/1000] 좌표 469.0 처리 시작: (36.420845, 127.452543), snap_distance_m=168.4
2026-01-30 02:57:31,469 - INFO -   시나리오 생성 중...
2026-01-30 02:58:11,284 - INFO -   시나리오 생성 완료 (39.81초, API 호출: 38회)
2026-01-30 02:58:11,284 - INFO -   시뮬레이션 실행 중...
2026-01-30 02:58:11,980 - INFO -   시뮬레이션 완료 (0.7초)
2026-01-30 02:58:11,980 - INFO - 좌표 469.0 완료 (466/1000, 46.6%)
2026-01-30 02:58:11,980 - INFO - [470/1000] 좌표 470.0 처리 시작: (36.253227, 127.304075), snap_distance_m=13.3
2026-01-30 02:58:11,980 - INFO -   시나리오 생성 중...
2026-01-30 02:58:48,128 - INFO -   시나리오 생성 완료 (36.15초, API 호출: 35회)
2026-01-30 02:58:48,128 - INFO -   시뮬레이션 실행 중...
2026-01-30 02:58:48,810 - INFO -   시뮬레이션 완료 (0.68초)
2026-01-30 02:58:48,810 - INFO - 좌표 470.0 완료 (467/1000, 46.7%)
2026-01-30 02:58:48,810 - INFO - [471/1000] 좌표 471.0 처리 시작: (36.228768, 127.314925), snap_distance_m=95.2
2026-01-30 02:58:48,810 - INFO -   시나리오 생성 중...
2026-01-30 02:59:24,922 - INFO -   시나리오 생성 완료 (36.11초, API 호출: 35회)
2026-01-30 02:59:24,922 - INFO -   시뮬레이션 실행 중...
2026-01-30 02:59:25,607 - INFO -   시뮬레이션 완료 (0.69초)
2026-01-30 02:59:25,607 - INFO - 좌표 471.0 완료 (468/1000, 46.8%)
2026-01-30 02:59:25,607 - INFO - [472/1000] 좌표 472.0 처리 시작: (36.373914, 127.431139), snap_distance_m=49.3
2026-01-30 02:59:25,607 - INFO -   시나리오 생성 중...
2026-01-30 03:00:03,789 - INFO -   시나리오 생성 완료 (38.18초, API 호출: 37회)
2026-01-30 03:00:03,789 - INFO -   시뮬레이션 실행 중...
2026-01-30 03:00:04,474 - INFO -   시뮬레이션 완료 (0.68초)
2026-01-30 03:00:04,474 - INFO - 좌표 472.0 완료 (469/1000, 46.9%)
2026-01-30 03:00:04,474 - INFO - [473/1000] 좌표 473.0 처리 시작: (36.281068, 127.354768), snap_distance_m=3.0
2026-01-30 03:00:04,474 - INFO -   시나리오 생성 중...
2026-01-30 03:00:44,795 - INFO -   시나리오 생성 완료 (40.32초, API 호출: 35회)
2026-01-30 03:00:44,795 - INFO -   시뮬레이션 실행 중...
2026-01-30 03:00:45,476 - INFO -   시뮬레이션 완료 (0.68초)
2026-01-30 03:00:45,476 - INFO - 좌표 473.0 완료 (470/1000, 47.0%)
2026-01-30 03:00:45,476 - INFO - [474/1000] 좌표 474.0 처리 시작: (36.391769, 127.341087), snap_distance_m=2.1
2026-01-30 03:00:45,476 - INFO -   시나리오 생성 중...
2026-01-30 03:01:26,042 - INFO -   시나리오 생성 완료 (40.57초, API 호출: 38회)
2026-01-30 03:01:26,042 - INFO -   시뮬레이션 실행 중...
2026-01-30 03:01:26,726 - INFO -   시뮬레이션 완료 (0.68초)
2026-01-30 03:01:26,726 - INFO - 좌표 474.0 완료 (471/1000, 47.1%)
2026-01-30 03:01:26,726 - INFO - [475/1000] 좌표 475.0 처리 시작: (36.435050, 127.399798), snap_distance_m=129.1
2026-01-30 03:01:26,726 - INFO -   시나리오 생성 중...
2026-01-30 03:02:04,915 - INFO -   시나리오 생성 완료 (38.19초, API 호출: 37회)
2026-01-30 03:02:04,915 - INFO -   시뮬레이션 실행 중...
2026-01-30 03:02:05,605 - INFO -   시뮬레이션 완료 (0.69초)
2026-01-30 03:02:05,605 - INFO - 좌표 475.0 완료 (472/1000, 47.2%)
2026-01-30 03:02:05,605 - INFO - [476/1000] 좌표 476.0 처리 시작: (36.449068, 127.367783), snap_distance_m=124.1
2026-01-30 03:02:05,606 - INFO -   시나리오 생성 중...
2026-01-30 03:02:44,740 - INFO -   시나리오 생성 완료 (39.13초, API 호출: 38회)
2026-01-30 03:02:44,740 - INFO -   시뮬레이션 실행 중...
2026-01-30 03:02:45,417 - INFO -   시뮬레이션 완료 (0.68초)
2026-01-30 03:02:45,417 - INFO - 좌표 476.0 완료 (473/1000, 47.3%)
2026-01-30 03:02:45,417 - INFO - [477/1000] 좌표 477.0 처리 시작: (36.406860, 127.536994), snap_distance_m=86.3
2026-01-30 03:02:45,417 - INFO -   시나리오 생성 중...
2026-01-30 03:03:26,552 - INFO -   시나리오 생성 완료 (41.14초, API 호출: 39회)
2026-01-30 03:03:26,552 - INFO -   시뮬레이션 실행 중...
2026-01-30 03:03:27,247 - INFO -   시뮬레이션 완료 (0.69초)
2026-01-30 03:03:27,247 - INFO - 좌표 477.0 완료 (474/1000, 47.4%)
2026-01-30 03:03:27,247 - INFO - [478/1000] 좌표 478.0 처리 시작: (36.389092, 127.304836), snap_distance_m=18.6
2026-01-30 03:03:27,247 - INFO -   시나리오 생성 중...
2026-01-30 03:04:07,433 - INFO -   시나리오 생성 완료 (40.19초, API 호출: 38회)
2026-01-30 03:04:07,433 - INFO -   시뮬레이션 실행 중...
2026-01-30 03:04:08,111 - INFO -   시뮬레이션 완료 (0.68초)
2026-01-30 03:04:08,111 - INFO - 좌표 478.0 완료 (475/1000, 47.5%)
2026-01-30 03:04:08,111 - INFO - [479/1000] 좌표 479.0 처리 시작: (36.314772, 127.480973), snap_distance_m=68.0
2026-01-30 03:04:08,111 - INFO -   시나리오 생성 중...
2026-01-30 03:04:45,255 - INFO -   시나리오 생성 완료 (37.14초, API 호출: 36회)
2026-01-30 03:04:45,255 - INFO -   시뮬레이션 실행 중...
2026-01-30 03:04:45,941 - INFO -   시뮬레이션 완료 (0.69초)
2026-01-30 03:04:45,941 - INFO - 좌표 479.0 완료 (476/1000, 47.6%)
2026-01-30 03:04:45,941 - INFO - [480/1000] 좌표 480.0 처리 시작: (36.304926, 127.388669), snap_distance_m=20.3
2026-01-30 03:04:45,941 - INFO -   시나리오 생성 중...
2026-01-30 03:05:23,038 - INFO -   시나리오 생성 완료 (37.1초, API 호출: 36회)
2026-01-30 03:05:23,038 - INFO -   시뮬레이션 실행 중...
2026-01-30 03:05:23,720 - INFO -   시뮬레이션 완료 (0.68초)
2026-01-30 03:05:23,720 - INFO - 좌표 480.0 완료 (477/1000, 47.7%)
2026-01-30 03:05:23,720 - INFO - [481/1000] 좌표 481.0 처리 시작: (36.330451, 127.474921), snap_distance_m=62.6
2026-01-30 03:05:23,720 - INFO -   시나리오 생성 중...
2026-01-30 03:06:00,871 - INFO -   시나리오 생성 완료 (37.15초, API 호출: 36회)
2026-01-30 03:06:00,871 - INFO -   시뮬레이션 실행 중...
2026-01-30 03:06:01,553 - INFO -   시뮬레이션 완료 (0.68초)
2026-01-30 03:06:01,553 - INFO - 좌표 481.0 완료 (478/1000, 47.8%)
2026-01-30 03:06:01,553 - INFO - [482/1000] 좌표 482.0 처리 시작: (36.314620, 127.308212), snap_distance_m=90.8
2026-01-30 03:06:01,553 - INFO -   시나리오 생성 중...
2026-01-30 03:06:38,785 - INFO -   시나리오 생성 완료 (37.23초, API 호출: 36회)
2026-01-30 03:06:38,785 - INFO -   시뮬레이션 실행 중...
2026-01-30 03:06:39,474 - INFO -   시뮬레이션 완료 (0.69초)
2026-01-30 03:06:39,474 - INFO - 좌표 482.0 완료 (479/1000, 47.9%)
2026-01-30 03:06:39,474 - INFO - [483/1000] 좌표 483.0 처리 시작: (36.428880, 127.372865), snap_distance_m=132.7
2026-01-30 03:06:39,474 - INFO -   시나리오 생성 중...
2026-01-30 03:07:17,647 - INFO -   시나리오 생성 완료 (38.17초, API 호출: 37회)
2026-01-30 03:07:17,647 - INFO -   시뮬레이션 실행 중...
2026-01-30 03:07:18,326 - INFO -   시뮬레이션 완료 (0.68초)
2026-01-30 03:07:18,326 - INFO - 좌표 483.0 완료 (480/1000, 48.0%)
2026-01-30 03:07:18,326 - INFO - [484/1000] 좌표 484.0 처리 시작: (36.347137, 127.415995), snap_distance_m=5.0
2026-01-30 03:07:18,326 - INFO -   시나리오 생성 중...
2026-01-30 03:07:58,452 - INFO -   시나리오 생성 완료 (40.13초, API 호출: 39회)
2026-01-30 03:07:58,452 - INFO -   시뮬레이션 실행 중...
2026-01-30 03:07:59,131 - INFO -   시뮬레이션 완료 (0.68초)
2026-01-30 03:07:59,131 - INFO - 좌표 484.0 완료 (481/1000, 48.1%)
2026-01-30 03:07:59,131 - INFO - [485/1000] 좌표 485.0 처리 시작: (36.378241, 127.374182), snap_distance_m=0.8
2026-01-30 03:07:59,131 - INFO -   시나리오 생성 중...
2026-01-30 03:08:38,329 - INFO -   시나리오 생성 완료 (39.2초, API 호출: 38회)
2026-01-30 03:08:38,329 - INFO -   시뮬레이션 실행 중...
2026-01-30 03:08:39,030 - INFO -   시뮬레이션 완료 (0.7초)
2026-01-30 03:08:39,030 - INFO - 좌표 485.0 완료 (482/1000, 48.2%)
2026-01-30 03:08:39,031 - INFO - [486/1000] 좌표 486.0 처리 시작: (36.338423, 127.297602), snap_distance_m=246.9
2026-01-30 03:08:39,031 - INFO -   시나리오 생성 중...
2026-01-30 03:09:17,031 - INFO -   시나리오 생성 완료 (38.0초, API 호출: 36회)
2026-01-30 03:09:17,031 - INFO -   시뮬레이션 실행 중...
2026-01-30 03:09:17,715 - INFO -   시뮬레이션 완료 (0.68초)
2026-01-30 03:09:17,715 - INFO - 좌표 486.0 완료 (483/1000, 48.3%)
2026-01-30 03:09:17,715 - INFO - [487/1000] 좌표 487.0 처리 시작: (36.298702, 127.410545), snap_distance_m=26.1
2026-01-30 03:09:17,715 - INFO -   시나리오 생성 중...
2026-01-30 03:09:53,883 - INFO -   시나리오 생성 완료 (36.17초, API 호출: 35회)
2026-01-30 03:09:53,883 - INFO -   시뮬레이션 실행 중...
2026-01-30 03:09:54,564 - INFO -   시뮬레이션 완료 (0.68초)
2026-01-30 03:09:54,564 - INFO - 좌표 487.0 완료 (484/1000, 48.4%)
2026-01-30 03:09:54,564 - INFO - [488/1000] 좌표 488.0 처리 시작: (36.293077, 127.279344), snap_distance_m=24.3
2026-01-30 03:09:54,564 - INFO -   시나리오 생성 중...
2026-01-30 03:10:31,713 - INFO -   시나리오 생성 완료 (37.15초, API 호출: 36회)
2026-01-30 03:10:31,713 - INFO -   시뮬레이션 실행 중...
2026-01-30 03:10:32,407 - INFO -   시뮬레이션 완료 (0.69초)
2026-01-30 03:10:32,407 - INFO - 좌표 488.0 완료 (485/1000, 48.5%)
2026-01-30 03:10:32,407 - INFO - [489/1000] 좌표 489.0 처리 시작: (36.341013, 127.298704), snap_distance_m=35.2
2026-01-30 03:10:32,407 - INFO -   시나리오 생성 중...
2026-01-30 03:11:09,587 - INFO -   시나리오 생성 완료 (37.18초, API 호출: 36회)
2026-01-30 03:11:09,587 - INFO -   시뮬레이션 실행 중...
2026-01-30 03:11:10,265 - INFO -   시뮬레이션 완료 (0.68초)
2026-01-30 03:11:10,265 - INFO - 좌표 489.0 완료 (486/1000, 48.6%)
2026-01-30 03:11:10,265 - INFO - [490/1000] 좌표 490.0 처리 시작: (36.243642, 127.321388), snap_distance_m=32.4
2026-01-30 03:11:10,265 - INFO -   시나리오 생성 중...
2026-01-30 03:11:46,499 - INFO -   시나리오 생성 완료 (36.23초, API 호출: 35회)
2026-01-30 03:11:46,499 - INFO -   시뮬레이션 실행 중...
2026-01-30 03:11:47,174 - INFO -   시뮬레이션 완료 (0.68초)
2026-01-30 03:11:47,174 - INFO - 좌표 490.0 완료 (487/1000, 48.7%)
2026-01-30 03:11:47,174 - INFO - [491/1000] 좌표 491.0 처리 시작: (36.266683, 127.396126), snap_distance_m=155.8
2026-01-30 03:11:47,174 - INFO -   시나리오 생성 중...
2026-01-30 03:12:23,321 - INFO -   시나리오 생성 완료 (36.15초, API 호출: 35회)
2026-01-30 03:12:23,323 - INFO -   시뮬레이션 실행 중...
2026-01-30 03:12:23,992 - INFO -   시뮬레이션 완료 (0.67초)
2026-01-30 03:12:23,992 - INFO - 좌표 491.0 완료 (488/1000, 48.8%)
2026-01-30 03:12:23,992 - INFO - [492/1000] 좌표 492.0 처리 시작: (36.418778, 127.447552), snap_distance_m=137.8
2026-01-30 03:12:23,992 - INFO -   시나리오 생성 중...
2026-01-30 03:13:03,192 - INFO -   시나리오 생성 완료 (39.2초, API 호출: 38회)
2026-01-30 03:13:03,192 - INFO -   시뮬레이션 실행 중...
2026-01-30 03:13:03,867 - INFO -   시뮬레이션 완료 (0.68초)
2026-01-30 03:13:03,867 - INFO - 좌표 492.0 완료 (489/1000, 48.9%)
2026-01-30 03:13:03,867 - INFO - [493/1000] 좌표 493.0 처리 시작: (36.341934, 127.419512), snap_distance_m=12.0
2026-01-30 03:13:03,867 - INFO -   시나리오 생성 중...
2026-01-30 03:13:42,842 - INFO -   시나리오 생성 완료 (38.97초, API 호출: 37회)
2026-01-30 03:13:42,842 - INFO -   시뮬레이션 실행 중...
2026-01-30 03:13:43,527 - INFO -   시뮬레이션 완료 (0.69초)
2026-01-30 03:13:43,527 - INFO - 좌표 493.0 완료 (490/1000, 49.0%)
2026-01-30 03:13:43,527 - INFO - [494/1000] 좌표 494.0 처리 시작: (36.348470, 127.328159), snap_distance_m=16.6
2026-01-30 03:13:43,527 - INFO -   시나리오 생성 중...
2026-01-30 03:14:21,621 - INFO -   시나리오 생성 완료 (38.09초, API 호출: 36회)
2026-01-30 03:14:21,621 - INFO -   시뮬레이션 실행 중...
2026-01-30 03:14:22,296 - INFO -   시뮬레이션 완료 (0.67초)
2026-01-30 03:14:22,296 - INFO - 좌표 494.0 완료 (491/1000, 49.1%)
2026-01-30 03:14:22,296 - INFO - [495/1000] 좌표 495.0 처리 시작: (36.445619, 127.434468), snap_distance_m=27.8
2026-01-30 03:14:22,296 - INFO -   시나리오 생성 중...
2026-01-30 03:15:02,460 - INFO -   시나리오 생성 완료 (40.16초, API 호출: 39회)
2026-01-30 03:15:02,460 - INFO -   시뮬레이션 실행 중...
2026-01-30 03:15:03,159 - INFO -   시뮬레이션 완료 (0.7초)
2026-01-30 03:15:03,159 - INFO - 좌표 495.0 완료 (492/1000, 49.2%)
2026-01-30 03:15:03,159 - INFO - [496/1000] 좌표 496.0 처리 시작: (36.350128, 127.293034), snap_distance_m=65.4
2026-01-30 03:15:03,159 - INFO -   시나리오 생성 중...
2026-01-30 03:15:41,428 - INFO -   시나리오 생성 완료 (38.27초, API 호출: 37회)
2026-01-30 03:15:41,428 - INFO -   시뮬레이션 실행 중...
2026-01-30 03:15:42,112 - INFO -   시뮬레이션 완료 (0.68초)
2026-01-30 03:15:42,112 - INFO - 좌표 496.0 완료 (493/1000, 49.3%)
2026-01-30 03:15:42,112 - INFO - [497/1000] 좌표 497.0 처리 시작: (36.400821, 127.315057), snap_distance_m=47.2
2026-01-30 03:15:42,112 - INFO -   시나리오 생성 중...
2026-01-30 03:16:21,363 - INFO -   시나리오 생성 완료 (39.25초, API 호출: 38회)
2026-01-30 03:16:21,363 - INFO -   시뮬레이션 실행 중...
2026-01-30 03:16:22,044 - INFO -   시뮬레이션 완료 (0.68초)
2026-01-30 03:16:22,044 - INFO - 좌표 497.0 완료 (494/1000, 49.4%)
2026-01-30 03:16:22,044 - INFO - [498/1000] 좌표 498.0 처리 시작: (36.234504, 127.313472), snap_distance_m=23.3
2026-01-30 03:16:22,044 - INFO -   시나리오 생성 중...
2026-01-30 03:16:58,606 - INFO -   시나리오 생성 완료 (36.56초, API 호출: 35회)
2026-01-30 03:16:58,622 - INFO -   시뮬레이션 실행 중...
2026-01-30 03:16:59,287 - INFO -   시뮬레이션 완료 (0.67초)
2026-01-30 03:16:59,287 - INFO - 좌표 498.0 완료 (495/1000, 49.5%)
2026-01-30 03:16:59,287 - INFO - [499/1000] 좌표 499.0 처리 시작: (36.375948, 127.317109), snap_distance_m=2.2
2026-01-30 03:16:59,287 - INFO -   시나리오 생성 중...
2026-01-30 03:17:38,553 - INFO -   시나리오 생성 완료 (39.27초, API 호출: 38회)
2026-01-30 03:17:38,553 - INFO -   시뮬레이션 실행 중...
2026-01-30 03:17:39,249 - INFO -   시뮬레이션 완료 (0.7초)
2026-01-30 03:17:39,251 - INFO - 좌표 499.0 완료 (496/1000, 49.6%)
2026-01-30 03:17:39,251 - INFO - [500/1000] 좌표 500.0 처리 시작: (36.315893, 127.300367), snap_distance_m=67.6
2026-01-30 03:17:39,251 - INFO -   시나리오 생성 중...
2026-01-30 03:18:16,383 - INFO -   시나리오 생성 완료 (37.13초, API 호출: 36회)
2026-01-30 03:18:16,383 - INFO -   시뮬레이션 실행 중...
2026-01-30 03:18:17,070 - INFO -   시뮬레이션 완료 (0.67초)
2026-01-30 03:18:17,070 - INFO - 좌표 500.0 완료 (497/1000, 49.7%)
2026-01-30 03:18:17,070 - INFO - [501/1000] 좌표 501.0 처리 시작: (36.294241, 127.336354), snap_distance_m=55.5
2026-01-30 03:18:17,070 - INFO -   시나리오 생성 중...
2026-01-30 03:18:54,199 - INFO -   시나리오 생성 완료 (37.13초, API 호출: 36회)
2026-01-30 03:18:54,199 - INFO -   시뮬레이션 실행 중...
2026-01-30 03:18:54,887 - INFO -   시뮬레이션 완료 (0.69초)
2026-01-30 03:18:54,887 - INFO - 좌표 501.0 완료 (498/1000, 49.8%)
2026-01-30 03:18:54,887 - INFO - [502/1000] 좌표 502.0 처리 시작: (36.279544, 127.474495), snap_distance_m=39.7
2026-01-30 03:18:54,887 - INFO -   시나리오 생성 중...
2026-01-30 03:19:31,991 - INFO -   시나리오 생성 완료 (37.1초, API 호출: 36회)
2026-01-30 03:19:31,991 - INFO -   시뮬레이션 실행 중...
2026-01-30 03:19:32,683 - INFO -   시뮬레이션 완료 (0.69초)
2026-01-30 03:19:32,684 - INFO - 좌표 502.0 완료 (499/1000, 49.9%)
2026-01-30 03:19:32,684 - INFO - [503/1000] 좌표 503.0 처리 시작: (36.302207, 127.415104), snap_distance_m=22.3
2026-01-30 03:19:32,684 - INFO -   시나리오 생성 중...
2026-01-30 03:20:08,812 - INFO -   시나리오 생성 완료 (36.13초, API 호출: 35회)
2026-01-30 03:20:08,812 - INFO -   시뮬레이션 실행 중...
2026-01-30 03:20:09,537 - INFO -   시뮬레이션 완료 (0.72초)
2026-01-30 03:20:09,537 - INFO - 좌표 503.0 완료 (500/1000, 50.0%)
2026-01-30 03:20:09,537 - INFO - [504/1000] 좌표 504.0 처리 시작: (36.415821, 127.536733), snap_distance_m=98.0
2026-01-30 03:20:09,537 - INFO -   시나리오 생성 중...
2026-01-30 03:20:55,167 - INFO -   시나리오 생성 완료 (45.63초, API 호출: 39회)
2026-01-30 03:20:55,167 - INFO -   시뮬레이션 실행 중...
2026-01-30 03:20:55,849 - INFO -   시뮬레이션 완료 (0.68초)
2026-01-30 03:20:55,849 - INFO - 좌표 504.0 완료 (501/1000, 50.1%)
2026-01-30 03:20:55,849 - INFO - [505/1000] 좌표 505.0 처리 시작: (36.361621, 127.320792), snap_distance_m=59.2
2026-01-30 03:20:55,849 - INFO -   시나리오 생성 중...
2026-01-30 03:21:34,047 - INFO -   시나리오 생성 완료 (38.2초, API 호출: 37회)
2026-01-30 03:21:34,047 - INFO -   시뮬레이션 실행 중...
2026-01-30 03:21:34,730 - INFO -   시뮬레이션 완료 (0.68초)
2026-01-30 03:21:34,730 - INFO - 좌표 505.0 완료 (502/1000, 50.2%)
2026-01-30 03:21:34,730 - INFO - [506/1000] 좌표 506.0 처리 시작: (36.328409, 127.375852), snap_distance_m=2.1
2026-01-30 03:21:34,730 - INFO -   시나리오 생성 중...
2026-01-30 03:22:11,845 - INFO -   시나리오 생성 완료 (37.11초, API 호출: 36회)
2026-01-30 03:22:11,845 - INFO -   시뮬레이션 실행 중...
2026-01-30 03:22:12,535 - INFO -   시뮬레이션 완료 (0.69초)
2026-01-30 03:22:12,535 - INFO - 좌표 506.0 완료 (503/1000, 50.3%)
2026-01-30 03:22:12,535 - INFO - [507/1000] 좌표 507.0 처리 시작: (36.402460, 127.479296), snap_distance_m=248.7
2026-01-30 03:22:12,535 - INFO -   시나리오 생성 중...
2026-01-30 03:22:51,665 - INFO -   시나리오 생성 완료 (39.13초, API 호출: 38회)
2026-01-30 03:22:51,665 - INFO -   시뮬레이션 실행 중...
2026-01-30 03:22:52,344 - INFO -   시뮬레이션 완료 (0.68초)
2026-01-30 03:22:52,344 - INFO - 좌표 507.0 완료 (504/1000, 50.4%)
2026-01-30 03:22:52,344 - INFO - [508/1000] 좌표 508.0 처리 시작: (36.387385, 127.488670), snap_distance_m=100.8
2026-01-30 03:22:52,344 - INFO -   시나리오 생성 중...
2026-01-30 03:23:31,508 - INFO -   시나리오 생성 완료 (39.16초, API 호출: 38회)
2026-01-30 03:23:31,508 - INFO -   시뮬레이션 실행 중...
2026-01-30 03:23:32,196 - INFO -   시뮬레이션 완료 (0.69초)
2026-01-30 03:23:32,196 - INFO - 좌표 508.0 완료 (505/1000, 50.5%)
2026-01-30 03:23:32,196 - INFO - [509/1000] 좌표 509.0 처리 시작: (36.479406, 127.376839), snap_distance_m=6.5
2026-01-30 03:23:32,196 - INFO -   시나리오 생성 중...
2026-01-30 03:24:10,447 - INFO -   시나리오 생성 완료 (38.25초, API 호출: 37회)
2026-01-30 03:24:10,447 - INFO -   시뮬레이션 실행 중...
2026-01-30 03:24:11,117 - INFO -   시뮬레이션 완료 (0.67초)
2026-01-30 03:24:11,117 - INFO - 좌표 509.0 완료 (506/1000, 50.6%)
2026-01-30 03:24:11,117 - INFO - [510/1000] 좌표 510.0 처리 시작: (36.420623, 127.337524), snap_distance_m=95.2
2026-01-30 03:24:11,117 - INFO -   시나리오 생성 중...
2026-01-30 03:24:49,340 - INFO -   시나리오 생성 완료 (38.22초, API 호출: 37회)
2026-01-30 03:24:49,340 - INFO -   시뮬레이션 실행 중...
2026-01-30 03:24:50,013 - INFO -   시뮬레이션 완료 (0.67초)
2026-01-30 03:24:50,013 - INFO - 좌표 510.0 완료 (507/1000, 50.7%)
2026-01-30 03:24:50,013 - INFO - [511/1000] 좌표 511.0 처리 시작: (36.283395, 127.377896), snap_distance_m=7.9
2026-01-30 03:24:50,013 - INFO -   시나리오 생성 중...
2026-01-30 03:25:26,175 - INFO -   시나리오 생성 완료 (36.16초, API 호출: 35회)
2026-01-30 03:25:26,175 - INFO -   시뮬레이션 실행 중...
2026-01-30 03:25:26,869 - INFO -   시뮬레이션 완료 (0.69초)
2026-01-30 03:25:26,869 - INFO - 좌표 511.0 완료 (508/1000, 50.8%)
2026-01-30 03:25:26,869 - INFO - [512/1000] 좌표 512.0 처리 시작: (36.310227, 127.299795), snap_distance_m=103.1
2026-01-30 03:25:26,869 - INFO -   시나리오 생성 중...
2026-01-30 03:26:04,058 - INFO -   시나리오 생성 완료 (37.19초, API 호출: 36회)
2026-01-30 03:26:04,058 - INFO -   시뮬레이션 실행 중...
2026-01-30 03:26:04,733 - INFO -   시뮬레이션 완료 (0.67초)
2026-01-30 03:26:04,733 - INFO - 좌표 512.0 완료 (509/1000, 50.9%)
2026-01-30 03:26:04,733 - INFO - [513/1000] 좌표 513.0 처리 시작: (36.391535, 127.500537), snap_distance_m=25.0
2026-01-30 03:26:04,733 - INFO -   시나리오 생성 중...
2026-01-30 03:26:43,889 - INFO -   시나리오 생성 완료 (39.16초, API 호출: 38회)
2026-01-30 03:26:43,891 - INFO -   시뮬레이션 실행 중...
2026-01-30 03:26:44,574 - INFO -   시뮬레이션 완료 (0.68초)
2026-01-30 03:26:44,574 - INFO - 좌표 513.0 완료 (510/1000, 51.0%)
2026-01-30 03:26:44,574 - INFO - [514/1000] 좌표 514.0 처리 시작: (36.314829, 127.374096), snap_distance_m=0.9
2026-01-30 03:26:44,574 - INFO -   시나리오 생성 중...
2026-01-30 03:27:20,667 - INFO -   시나리오 생성 완료 (36.09초, API 호출: 35회)
2026-01-30 03:27:20,667 - INFO -   시뮬레이션 실행 중...
2026-01-30 03:27:21,360 - INFO -   시뮬레이션 완료 (0.69초)
2026-01-30 03:27:21,360 - INFO - 좌표 514.0 완료 (511/1000, 51.1%)
2026-01-30 03:27:21,360 - INFO - [515/1000] 좌표 515.0 처리 시작: (36.442425, 127.419513), snap_distance_m=116.1
2026-01-30 03:27:21,360 - INFO -   시나리오 생성 중...
2026-01-30 03:28:00,599 - INFO -   시나리오 생성 완료 (39.24초, API 호출: 38회)
2026-01-30 03:28:00,599 - INFO -   시뮬레이션 실행 중...
2026-01-30 03:28:01,494 - INFO -   시뮬레이션 완료 (0.89초)
2026-01-30 03:28:01,494 - INFO - 좌표 515.0 완료 (512/1000, 51.2%)
2026-01-30 03:28:01,494 - INFO - [516/1000] 좌표 516.0 처리 시작: (36.400981, 127.429320), snap_distance_m=193.7
2026-01-30 03:28:01,494 - INFO -   시나리오 생성 중...
2026-01-30 03:28:42,008 - INFO -   시나리오 생성 완료 (40.51초, API 호출: 38회)
2026-01-30 03:28:42,008 - INFO -   시뮬레이션 실행 중...
2026-01-30 03:28:42,700 - INFO -   시뮬레이션 완료 (0.69초)
2026-01-30 03:28:42,700 - INFO - 좌표 516.0 완료 (513/1000, 51.3%)
2026-01-30 03:28:42,700 - INFO - [517/1000] 좌표 517.0 처리 시작: (36.236778, 127.455045), snap_distance_m=111.4
2026-01-30 03:28:42,700 - INFO -   시나리오 생성 중...
2026-01-30 03:29:19,825 - INFO -   시나리오 생성 완료 (37.12초, API 호출: 36회)
2026-01-30 03:29:19,825 - INFO -   시뮬레이션 실행 중...
2026-01-30 03:29:20,504 - INFO -   시뮬레이션 완료 (0.68초)
2026-01-30 03:29:20,504 - INFO - 좌표 517.0 완료 (514/1000, 51.4%)
2026-01-30 03:29:20,504 - INFO - [518/1000] 좌표 518.0 처리 시작: (36.322769, 127.271001), snap_distance_m=76.1
2026-01-30 03:29:20,504 - INFO -   시나리오 생성 중...
2026-01-30 03:29:57,696 - INFO -   시나리오 생성 완료 (37.19초, API 호출: 36회)
2026-01-30 03:29:57,696 - INFO -   시뮬레이션 실행 중...
2026-01-30 03:29:58,379 - INFO -   시뮬레이션 완료 (0.68초)
2026-01-30 03:29:58,379 - INFO - 좌표 518.0 완료 (515/1000, 51.5%)
2026-01-30 03:29:58,379 - INFO - [519/1000] 좌표 519.0 처리 시작: (36.332280, 127.356283), snap_distance_m=164.0
2026-01-30 03:29:58,379 - INFO -   시나리오 생성 중...
2026-01-30 03:30:35,779 - INFO -   시나리오 생성 완료 (37.4초, API 호출: 36회)
2026-01-30 03:30:35,779 - INFO -   시뮬레이션 실행 중...
2026-01-30 03:30:36,478 - INFO -   시뮬레이션 완료 (0.7초)
2026-01-30 03:30:36,478 - INFO - 좌표 519.0 완료 (516/1000, 51.6%)
2026-01-30 03:30:36,478 - INFO - [520/1000] 좌표 520.0 처리 시작: (36.289231, 127.393310), snap_distance_m=108.2
2026-01-30 03:30:36,478 - INFO -   시나리오 생성 중...
2026-01-30 03:31:13,411 - INFO -   시나리오 생성 완료 (36.93초, API 호출: 35회)
2026-01-30 03:31:13,411 - INFO -   시뮬레이션 실행 중...
2026-01-30 03:31:14,101 - INFO -   시뮬레이션 완료 (0.69초)
2026-01-30 03:31:14,101 - INFO - 좌표 520.0 완료 (517/1000, 51.7%)
2026-01-30 03:31:14,101 - INFO - [521/1000] 좌표 521.0 처리 시작: (36.300355, 127.356147), snap_distance_m=5.2
2026-01-30 03:31:14,101 - INFO -   시나리오 생성 중...
2026-01-30 03:31:50,197 - INFO -   시나리오 생성 완료 (36.1초, API 호출: 35회)
2026-01-30 03:31:50,197 - INFO -   시뮬레이션 실행 중...
2026-01-30 03:31:50,880 - INFO -   시뮬레이션 완료 (0.68초)
2026-01-30 03:31:50,880 - INFO - 좌표 521.0 완료 (518/1000, 51.8%)
2026-01-30 03:31:50,880 - INFO - [522/1000] 좌표 522.0 처리 시작: (36.348139, 127.291212), snap_distance_m=205.4
2026-01-30 03:31:50,880 - INFO -   시나리오 생성 중...
2026-01-30 03:32:28,976 - INFO -   시나리오 생성 완료 (38.1초, API 호출: 37회)
2026-01-30 03:32:28,992 - INFO -   시뮬레이션 실행 중...
2026-01-30 03:32:29,667 - INFO -   시뮬레이션 완료 (0.67초)
2026-01-30 03:32:29,667 - INFO - 좌표 522.0 완료 (519/1000, 51.9%)
2026-01-30 03:32:29,667 - INFO - [523/1000] 좌표 523.0 처리 시작: (36.410668, 127.419511), snap_distance_m=0.3
2026-01-30 03:32:29,667 - INFO -   시나리오 생성 중...
2026-01-30 03:33:13,616 - INFO -   시나리오 생성 완료 (43.95초, API 호출: 39회)
2026-01-30 03:33:13,616 - INFO -   시뮬레이션 실행 중...
2026-01-30 03:33:14,299 - INFO -   시뮬레이션 완료 (0.68초)
2026-01-30 03:33:14,299 - INFO - 좌표 523.0 완료 (520/1000, 52.0%)
2026-01-30 03:33:14,299 - INFO - [524/1000] 좌표 524.0 처리 시작: (36.279261, 127.435692), snap_distance_m=71.2
2026-01-30 03:33:14,299 - INFO -   시나리오 생성 중...
2026-01-30 03:33:56,630 - INFO -   시나리오 생성 완료 (42.33초, API 호출: 36회)
2026-01-30 03:33:56,630 - INFO -   시뮬레이션 실행 중...
2026-01-30 03:33:57,306 - INFO -   시뮬레이션 완료 (0.68초)
2026-01-30 03:33:57,306 - INFO - 좌표 524.0 완료 (521/1000, 52.1%)
2026-01-30 03:33:57,306 - INFO - [525/1000] 좌표 525.0 처리 시작: (36.407006, 127.358514), snap_distance_m=72.8
2026-01-30 03:33:57,306 - INFO -   시나리오 생성 중...
2026-01-30 03:34:36,465 - INFO -   시나리오 생성 완료 (39.16초, API 호출: 38회)
2026-01-30 03:34:36,465 - INFO -   시뮬레이션 실행 중...
2026-01-30 03:34:37,173 - INFO -   시뮬레이션 완료 (0.71초)
2026-01-30 03:34:37,173 - INFO - 좌표 525.0 완료 (522/1000, 52.2%)
2026-01-30 03:34:37,173 - INFO - [526/1000] 좌표 526.0 처리 시작: (36.254164, 127.324239), snap_distance_m=59.9
2026-01-30 03:34:37,173 - INFO -   시나리오 생성 중...
2026-01-30 03:35:13,436 - INFO -   시나리오 생성 완료 (36.26초, API 호출: 35회)
2026-01-30 03:35:13,436 - INFO -   시뮬레이션 실행 중...
2026-01-30 03:35:14,127 - INFO -   시뮬레이션 완료 (0.69초)
2026-01-30 03:35:14,127 - INFO - 좌표 526.0 완료 (523/1000, 52.3%)
2026-01-30 03:35:14,127 - INFO - [527/1000] 좌표 527.0 처리 시작: (36.296833, 127.359781), snap_distance_m=5.8
2026-01-30 03:35:14,127 - INFO -   시나리오 생성 중...
2026-01-30 03:35:50,233 - INFO -   시나리오 생성 완료 (36.11초, API 호출: 35회)
2026-01-30 03:35:50,233 - INFO -   시뮬레이션 실행 중...
2026-01-30 03:35:50,929 - INFO -   시뮬레이션 완료 (0.7초)
2026-01-30 03:35:50,929 - INFO - 좌표 527.0 완료 (524/1000, 52.4%)
2026-01-30 03:35:50,929 - INFO - [528/1000] 좌표 528.0 처리 시작: (36.256199, 127.341850), snap_distance_m=137.3
2026-01-30 03:35:50,929 - INFO -   시나리오 생성 중...
2026-01-30 03:36:27,448 - INFO -   시나리오 생성 완료 (36.52초, API 호출: 35회)
2026-01-30 03:36:27,448 - INFO -   시뮬레이션 실행 중...
2026-01-30 03:36:28,174 - INFO -   시뮬레이션 완료 (0.73초)
2026-01-30 03:36:28,174 - INFO - 좌표 528.0 완료 (525/1000, 52.5%)
2026-01-30 03:36:28,174 - INFO - [529/1000] 좌표 529.0 처리 시작: (36.332504, 127.416514), snap_distance_m=8.8
2026-01-30 03:36:28,174 - INFO -   시나리오 생성 중...
2026-01-30 03:37:04,399 - INFO -   시나리오 생성 완료 (36.23초, API 호출: 35회)
2026-01-30 03:37:04,399 - INFO -   시뮬레이션 실행 중...
2026-01-30 03:37:05,105 - INFO -   시뮬레이션 완료 (0.71초)
2026-01-30 03:37:05,106 - INFO - 좌표 529.0 완료 (526/1000, 52.6%)
2026-01-30 03:37:05,106 - INFO - [530/1000] 좌표 530.0 처리 시작: (36.360453, 127.450413), snap_distance_m=5.4
2026-01-30 03:37:05,106 - INFO -   시나리오 생성 중...
2026-01-30 03:37:44,250 - INFO -   시나리오 생성 완료 (39.14초, API 호출: 38회)
2026-01-30 03:37:44,250 - INFO -   시뮬레이션 실행 중...
2026-01-30 03:37:44,943 - INFO -   시뮬레이션 완료 (0.69초)
2026-01-30 03:37:44,943 - INFO - 좌표 530.0 완료 (527/1000, 52.7%)
2026-01-30 03:37:44,943 - INFO - [531/1000] 좌표 531.0 처리 시작: (36.333755, 127.299642), snap_distance_m=85.5
2026-01-30 03:37:44,943 - INFO -   시나리오 생성 중...
2026-01-30 03:38:22,090 - INFO -   시나리오 생성 완료 (37.15초, API 호출: 36회)
2026-01-30 03:38:22,090 - INFO -   시뮬레이션 실행 중...
2026-01-30 03:38:22,768 - INFO -   시뮬레이션 완료 (0.68초)
2026-01-30 03:38:22,768 - INFO - 좌표 531.0 완료 (528/1000, 52.8%)
2026-01-30 03:38:22,768 - INFO - [532/1000] 좌표 532.0 처리 시작: (36.280157, 127.423979), snap_distance_m=41.2
2026-01-30 03:38:22,768 - INFO -   시나리오 생성 중...
2026-01-30 03:39:01,192 - INFO -   시나리오 생성 완료 (38.42초, API 호출: 36회)
2026-01-30 03:39:01,192 - INFO -   시뮬레이션 실행 중...
2026-01-30 03:39:01,884 - INFO -   시뮬레이션 완료 (0.69초)
2026-01-30 03:39:01,884 - INFO - 좌표 532.0 완료 (529/1000, 52.9%)
2026-01-30 03:39:01,884 - INFO - [533/1000] 좌표 533.0 처리 시작: (36.383564, 127.457928), snap_distance_m=8.3
2026-01-30 03:39:01,886 - INFO -   시나리오 생성 중...
2026-01-30 03:39:41,200 - INFO -   시나리오 생성 완료 (39.31초, API 호출: 38회)
2026-01-30 03:39:41,200 - INFO -   시뮬레이션 실행 중...
2026-01-30 03:39:41,885 - INFO -   시뮬레이션 완료 (0.69초)
2026-01-30 03:39:41,885 - INFO - 좌표 533.0 완료 (530/1000, 53.0%)
2026-01-30 03:39:41,885 - INFO - [534/1000] 좌표 534.0 처리 시작: (36.391421, 127.349581), snap_distance_m=6.1
2026-01-30 03:39:41,885 - INFO -   시나리오 생성 중...
2026-01-30 03:40:21,053 - INFO -   시나리오 생성 완료 (39.17초, API 호출: 38회)
2026-01-30 03:40:21,053 - INFO -   시뮬레이션 실행 중...
2026-01-30 03:40:21,737 - INFO -   시뮬레이션 완료 (0.68초)
2026-01-30 03:40:21,737 - INFO - 좌표 534.0 완료 (531/1000, 53.1%)
2026-01-30 03:40:21,737 - INFO - [535/1000] 좌표 535.0 처리 시작: (36.315002, 127.359826), snap_distance_m=97.5
2026-01-30 03:40:21,737 - INFO -   시나리오 생성 중...
2026-01-30 03:41:03,249 - INFO -   시나리오 생성 완료 (41.51초, API 호출: 36회)
2026-01-30 03:41:03,249 - INFO -   시뮬레이션 실행 중...
2026-01-30 03:41:03,928 - INFO -   시뮬레이션 완료 (0.68초)
2026-01-30 03:41:03,928 - INFO - 좌표 535.0 완료 (532/1000, 53.2%)
2026-01-30 03:41:03,928 - INFO - [536/1000] 좌표 536.0 처리 시작: (36.263388, 127.345511), snap_distance_m=12.7
2026-01-30 03:41:03,928 - INFO -   시나리오 생성 중...
2026-01-30 03:41:40,264 - INFO -   시나리오 생성 완료 (36.34초, API 호출: 35회)
2026-01-30 03:41:40,264 - INFO -   시뮬레이션 실행 중...
2026-01-30 03:41:40,964 - INFO -   시뮬레이션 완료 (0.7초)
2026-01-30 03:41:40,964 - INFO - 좌표 536.0 완료 (533/1000, 53.3%)
2026-01-30 03:41:40,964 - INFO - [537/1000] 좌표 537.0 처리 시작: (36.277967, 127.336909), snap_distance_m=8.6
2026-01-30 03:41:40,964 - INFO -   시나리오 생성 중...
2026-01-30 03:42:17,105 - INFO -   시나리오 생성 완료 (36.14초, API 호출: 35회)
2026-01-30 03:42:17,105 - INFO -   시뮬레이션 실행 중...
2026-01-30 03:42:17,789 - INFO -   시뮬레이션 완료 (0.68초)
2026-01-30 03:42:17,789 - INFO - 좌표 537.0 완료 (534/1000, 53.4%)
2026-01-30 03:42:17,789 - INFO - [538/1000] 좌표 538.0 처리 시작: (36.286383, 127.391531), snap_distance_m=117.2
2026-01-30 03:42:17,789 - INFO -   시나리오 생성 중...
2026-01-30 03:42:54,492 - INFO -   시나리오 생성 완료 (36.7초, API 호출: 35회)
2026-01-30 03:42:54,492 - INFO -   시뮬레이션 실행 중...
2026-01-30 03:42:55,190 - INFO -   시뮬레이션 완료 (0.7초)
2026-01-30 03:42:55,190 - INFO - 좌표 538.0 완료 (535/1000, 53.5%)
2026-01-30 03:42:55,190 - INFO - [539/1000] 좌표 539.0 처리 시작: (36.309314, 127.306241), snap_distance_m=8.9
2026-01-30 03:42:55,190 - INFO -   시나리오 생성 중...
2026-01-30 03:43:32,300 - INFO -   시나리오 생성 완료 (37.11초, API 호출: 36회)
2026-01-30 03:43:32,300 - INFO -   시뮬레이션 실행 중...
2026-01-30 03:43:32,994 - INFO -   시뮬레이션 완료 (0.69초)
2026-01-30 03:43:32,994 - INFO - 좌표 539.0 완료 (536/1000, 53.6%)
2026-01-30 03:43:32,995 - INFO - [540/1000] 좌표 540.0 처리 시작: (36.406015, 127.417168), snap_distance_m=16.3
2026-01-30 03:43:32,995 - INFO -   시나리오 생성 중...
2026-01-30 03:44:13,213 - INFO -   시나리오 생성 완료 (40.22초, API 호출: 39회)
2026-01-30 03:44:13,213 - INFO -   시뮬레이션 실행 중...
2026-01-30 03:44:13,906 - INFO -   시뮬레이션 완료 (0.69초)
2026-01-30 03:44:13,906 - INFO - 좌표 540.0 완료 (537/1000, 53.7%)
2026-01-30 03:44:13,906 - INFO - [541/1000] 좌표 541.0 처리 시작: (36.409609, 127.412770), snap_distance_m=10.1
2026-01-30 03:44:13,906 - INFO -   시나리오 생성 중...
2026-01-30 03:44:54,088 - INFO -   시나리오 생성 완료 (40.18초, API 호출: 39회)
2026-01-30 03:44:54,088 - INFO -   시뮬레이션 실행 중...
2026-01-30 03:44:54,828 - INFO -   시뮬레이션 완료 (0.74초)
2026-01-30 03:44:54,828 - INFO - 좌표 541.0 완료 (538/1000, 53.8%)
2026-01-30 03:44:54,828 - INFO - [542/1000] 좌표 542.0 처리 시작: (36.420107, 127.422776), snap_distance_m=48.1
2026-01-30 03:44:54,828 - INFO -   시나리오 생성 중...
2026-01-30 03:45:35,098 - INFO -   시나리오 생성 완료 (40.27초, API 호출: 39회)
2026-01-30 03:45:35,099 - INFO -   시뮬레이션 실행 중...
2026-01-30 03:45:35,790 - INFO -   시뮬레이션 완료 (0.69초)
2026-01-30 03:45:35,790 - INFO - 좌표 542.0 완료 (539/1000, 53.9%)
2026-01-30 03:45:35,790 - INFO - [543/1000] 좌표 543.0 처리 시작: (36.243184, 127.283326), snap_distance_m=147.1
2026-01-30 03:45:35,790 - INFO -   시나리오 생성 중...
2026-01-30 03:46:11,918 - INFO -   시나리오 생성 완료 (36.13초, API 호출: 35회)
2026-01-30 03:46:11,918 - INFO -   시뮬레이션 실행 중...
2026-01-30 03:46:12,607 - INFO -   시뮬레이션 완료 (0.69초)
2026-01-30 03:46:12,607 - INFO - 좌표 543.0 완료 (540/1000, 54.0%)
2026-01-30 03:46:12,607 - INFO - [544/1000] 좌표 544.0 처리 시작: (36.218396, 127.337953), snap_distance_m=105.9
2026-01-30 03:46:12,607 - INFO -   시나리오 생성 중...
2026-01-30 03:46:48,705 - INFO -   시나리오 생성 완료 (36.1초, API 호출: 35회)
2026-01-30 03:46:48,705 - INFO -   시뮬레이션 실행 중...
2026-01-30 03:46:49,373 - INFO -   시뮬레이션 완료 (0.67초)
2026-01-30 03:46:49,373 - INFO - 좌표 544.0 완료 (541/1000, 54.1%)
2026-01-30 03:46:49,373 - INFO - [545/1000] 좌표 545.0 처리 시작: (36.417552, 127.458494), snap_distance_m=207.8
2026-01-30 03:46:49,373 - INFO -   시나리오 생성 중...
2026-01-30 03:47:28,509 - INFO -   시나리오 생성 완료 (39.14초, API 호출: 38회)
2026-01-30 03:47:28,509 - INFO -   시뮬레이션 실행 중...
2026-01-30 03:47:29,190 - INFO -   시뮬레이션 완료 (0.68초)
2026-01-30 03:47:29,190 - INFO - 좌표 545.0 완료 (542/1000, 54.2%)
2026-01-30 03:47:29,190 - INFO - [546/1000] 좌표 546.0 처리 시작: (36.419742, 127.295464), snap_distance_m=4.3
2026-01-30 03:47:29,190 - INFO -   시나리오 생성 중...
2026-01-30 03:48:07,342 - INFO -   시나리오 생성 완료 (38.15초, API 호출: 37회)
2026-01-30 03:48:07,342 - INFO -   시뮬레이션 실행 중...
2026-01-30 03:48:08,041 - INFO -   시뮬레이션 완료 (0.7초)
2026-01-30 03:48:08,041 - INFO - 좌표 546.0 완료 (543/1000, 54.3%)
2026-01-30 03:48:08,041 - INFO - [547/1000] 좌표 547.0 처리 시작: (36.438681, 127.426621), snap_distance_m=21.3
2026-01-30 03:48:08,041 - INFO -   시나리오 생성 중...
2026-01-30 03:48:48,145 - INFO -   시나리오 생성 완료 (40.1초, API 호출: 39회)
2026-01-30 03:48:48,145 - INFO -   시뮬레이션 실행 중...
2026-01-30 03:48:48,811 - INFO -   시뮬레이션 완료 (0.67초)
2026-01-30 03:48:48,827 - INFO - 좌표 547.0 완료 (544/1000, 54.4%)
2026-01-30 03:48:48,827 - INFO - [548/1000] 좌표 548.0 처리 시작: (36.418408, 127.464259), snap_distance_m=217.7
2026-01-30 03:48:48,827 - INFO -   시나리오 생성 중...
2026-01-30 03:49:27,988 - INFO -   시나리오 생성 완료 (39.16초, API 호출: 38회)
2026-01-30 03:49:27,988 - INFO -   시뮬레이션 실행 중...
2026-01-30 03:49:28,660 - INFO -   시뮬레이션 완료 (0.67초)
2026-01-30 03:49:28,660 - INFO - 좌표 548.0 완료 (545/1000, 54.5%)
2026-01-30 03:49:28,660 - INFO - [549/1000] 좌표 549.0 처리 시작: (36.281210, 127.376881), snap_distance_m=33.8
2026-01-30 03:49:28,660 - INFO -   시나리오 생성 중...
2026-01-30 03:50:04,792 - INFO -   시나리오 생성 완료 (36.13초, API 호출: 35회)
2026-01-30 03:50:04,792 - INFO -   시뮬레이션 실행 중...
2026-01-30 03:50:05,493 - INFO -   시뮬레이션 완료 (0.7초)
2026-01-30 03:50:05,493 - INFO - 좌표 549.0 완료 (546/1000, 54.6%)
2026-01-30 03:50:05,493 - INFO - [550/1000] 좌표 550.0 처리 시작: (36.372445, 127.468107), snap_distance_m=0.6
2026-01-30 03:50:05,493 - INFO -   시나리오 생성 중...
2026-01-30 03:50:48,064 - INFO -   시나리오 생성 완료 (42.57초, API 호출: 38회)
2026-01-30 03:50:48,064 - INFO -   시뮬레이션 실행 중...
2026-01-30 03:50:48,739 - INFO -   시뮬레이션 완료 (0.67초)
2026-01-30 03:50:48,739 - INFO - 좌표 550.0 완료 (547/1000, 54.7%)
2026-01-30 03:50:48,739 - INFO - [551/1000] 좌표 551.0 처리 시작: (36.360366, 127.330631), snap_distance_m=47.8
2026-01-30 03:50:48,739 - INFO -   시나리오 생성 중...
2026-01-30 03:51:27,920 - INFO -   시나리오 생성 완료 (39.18초, API 호출: 38회)
2026-01-30 03:51:27,920 - INFO -   시뮬레이션 실행 중...
2026-01-30 03:51:28,616 - INFO -   시뮬레이션 완료 (0.7초)
2026-01-30 03:51:28,616 - INFO - 좌표 551.0 완료 (548/1000, 54.8%)
2026-01-30 03:51:28,616 - INFO - [552/1000] 좌표 552.0 처리 시작: (36.375769, 127.506175), snap_distance_m=114.2
2026-01-30 03:51:28,616 - INFO -   시나리오 생성 중...
2026-01-30 03:52:07,877 - INFO -   시나리오 생성 완료 (39.26초, API 호출: 38회)
2026-01-30 03:52:07,877 - INFO -   시뮬레이션 실행 중...
2026-01-30 03:52:08,570 - INFO -   시뮬레이션 완료 (0.69초)
2026-01-30 03:52:08,570 - INFO - 좌표 552.0 완료 (549/1000, 54.9%)
2026-01-30 03:52:08,570 - INFO - [553/1000] 좌표 553.0 처리 시작: (36.276887, 127.325076), snap_distance_m=170.4
2026-01-30 03:52:08,570 - INFO -   시나리오 생성 중...
2026-01-30 03:52:45,737 - INFO -   시나리오 생성 완료 (37.17초, API 호출: 36회)
2026-01-30 03:52:45,737 - INFO -   시뮬레이션 실행 중...
2026-01-30 03:52:46,415 - INFO -   시뮬레이션 완료 (0.68초)
2026-01-30 03:52:46,415 - INFO - 좌표 553.0 완료 (550/1000, 55.0%)
2026-01-30 03:52:46,415 - INFO - [554/1000] 좌표 554.0 처리 시작: (36.311843, 127.377202), snap_distance_m=9.2
2026-01-30 03:52:46,415 - INFO -   시나리오 생성 중...
2026-01-30 03:53:22,537 - INFO -   시나리오 생성 완료 (36.12초, API 호출: 35회)
2026-01-30 03:53:22,537 - INFO -   시뮬레이션 실행 중...
2026-01-30 03:53:23,221 - INFO -   시뮬레이션 완료 (0.68초)
2026-01-30 03:53:23,221 - INFO - 좌표 554.0 완료 (551/1000, 55.1%)
2026-01-30 03:53:23,221 - INFO - [555/1000] 좌표 555.0 처리 시작: (36.320440, 127.387546), snap_distance_m=0.5
2026-01-30 03:53:23,221 - INFO -   시나리오 생성 중...
2026-01-30 03:54:00,361 - INFO -   시나리오 생성 완료 (37.14초, API 호출: 36회)
2026-01-30 03:54:00,361 - INFO -   시뮬레이션 실행 중...
2026-01-30 03:54:01,045 - INFO -   시뮬레이션 완료 (0.68초)
2026-01-30 03:54:01,045 - INFO - 좌표 555.0 완료 (552/1000, 55.2%)
2026-01-30 03:54:01,045 - INFO - [556/1000] 좌표 556.0 처리 시작: (36.411794, 127.389858), snap_distance_m=2.7
2026-01-30 03:54:01,045 - INFO -   시나리오 생성 중...
2026-01-30 03:54:39,219 - INFO -   시나리오 생성 완료 (38.17초, API 호출: 37회)
2026-01-30 03:54:39,219 - INFO -   시뮬레이션 실행 중...
2026-01-30 03:54:39,907 - INFO -   시뮬레이션 완료 (0.69초)
2026-01-30 03:54:39,907 - INFO - 좌표 556.0 완료 (553/1000, 55.3%)
2026-01-30 03:54:39,907 - INFO - [557/1000] 좌표 557.0 처리 시작: (36.366204, 127.429441), snap_distance_m=3.6
2026-01-30 03:54:39,907 - INFO -   시나리오 생성 중...
2026-01-30 03:55:18,217 - INFO -   시나리오 생성 완료 (38.31초, API 호출: 37회)
2026-01-30 03:55:18,217 - INFO -   시뮬레이션 실행 중...
2026-01-30 03:55:18,897 - INFO -   시뮬레이션 완료 (0.68초)
2026-01-30 03:55:18,897 - INFO - 좌표 557.0 완료 (554/1000, 55.4%)
2026-01-30 03:55:18,897 - INFO - [558/1000] 좌표 558.0 처리 시작: (36.392252, 127.480501), snap_distance_m=57.5
2026-01-30 03:55:18,897 - INFO -   시나리오 생성 중...
2026-01-30 03:55:59,554 - INFO -   시나리오 생성 완료 (40.66초, API 호출: 38회)
2026-01-30 03:55:59,554 - INFO -   시뮬레이션 실행 중...
2026-01-30 03:56:00,238 - INFO -   시뮬레이션 완료 (0.68초)
2026-01-30 03:56:00,238 - INFO - 좌표 558.0 완료 (555/1000, 55.5%)
2026-01-30 03:56:00,238 - INFO - [559/1000] 좌표 559.0 처리 시작: (36.349066, 127.384050), snap_distance_m=39.2
2026-01-30 03:56:00,238 - INFO -   시나리오 생성 중...
2026-01-30 03:56:37,432 - INFO -   시나리오 생성 완료 (37.19초, API 호출: 36회)
2026-01-30 03:56:37,432 - INFO -   시뮬레이션 실행 중...
2026-01-30 03:56:38,130 - INFO -   시뮬레이션 완료 (0.7초)
2026-01-30 03:56:38,130 - INFO - 좌표 559.0 완료 (556/1000, 55.6%)
2026-01-30 03:56:38,130 - INFO - [560/1000] 좌표 560.0 처리 시작: (36.286542, 127.437075), snap_distance_m=126.7
2026-01-30 03:56:38,130 - INFO -   시나리오 생성 중...
2026-01-30 03:57:14,235 - INFO -   시나리오 생성 완료 (36.1초, API 호출: 35회)
2026-01-30 03:57:14,235 - INFO -   시뮬레이션 실행 중...
2026-01-30 03:57:14,948 - INFO -   시뮬레이션 완료 (0.71초)
2026-01-30 03:57:14,948 - INFO - 좌표 560.0 완료 (557/1000, 55.7%)
2026-01-30 03:57:14,948 - INFO - [561/1000] 좌표 561.0 처리 시작: (36.270518, 127.328772), snap_distance_m=181.2
2026-01-30 03:57:14,948 - INFO -   시나리오 생성 중...
2026-01-30 03:57:51,047 - INFO -   시나리오 생성 완료 (36.1초, API 호출: 35회)
2026-01-30 03:57:51,047 - INFO -   시뮬레이션 실행 중...
2026-01-30 03:57:51,724 - INFO -   시뮬레이션 완료 (0.68초)
2026-01-30 03:57:51,724 - INFO - 좌표 561.0 완료 (558/1000, 55.8%)
2026-01-30 03:57:51,724 - INFO - [562/1000] 좌표 562.0 처리 시작: (36.393723, 127.389206), snap_distance_m=35.8
2026-01-30 03:57:51,724 - INFO -   시나리오 생성 중...
2026-01-30 03:58:30,838 - INFO -   시나리오 생성 완료 (39.11초, API 호출: 38회)
2026-01-30 03:58:30,838 - INFO -   시뮬레이션 실행 중...
2026-01-30 03:58:31,529 - INFO -   시뮬레이션 완료 (0.69초)
2026-01-30 03:58:31,529 - INFO - 좌표 562.0 완료 (559/1000, 55.9%)
2026-01-30 03:58:31,529 - INFO - [563/1000] 좌표 563.0 처리 시작: (36.278244, 127.435459), snap_distance_m=154.1
2026-01-30 03:58:31,529 - INFO -   시나리오 생성 중...
2026-01-30 03:59:08,703 - INFO -   시나리오 생성 완료 (37.17초, API 호출: 36회)
2026-01-30 03:59:08,703 - INFO -   시뮬레이션 실행 중...
2026-01-30 03:59:09,457 - INFO -   시뮬레이션 완료 (0.75초)
2026-01-30 03:59:09,457 - INFO - 좌표 563.0 완료 (560/1000, 56.0%)
2026-01-30 03:59:09,457 - INFO - [564/1000] 좌표 564.0 처리 시작: (36.388768, 127.407272), snap_distance_m=56.9
2026-01-30 03:59:09,457 - INFO -   시나리오 생성 중...
2026-01-30 03:59:48,631 - INFO -   시나리오 생성 완료 (39.17초, API 호출: 38회)
2026-01-30 03:59:48,646 - INFO -   시뮬레이션 실행 중...
2026-01-30 03:59:49,343 - INFO -   시뮬레이션 완료 (0.7초)
2026-01-30 03:59:49,343 - INFO - 좌표 564.0 완료 (561/1000, 56.1%)
2026-01-30 03:59:49,343 - INFO - [565/1000] 좌표 565.0 처리 시작: (36.272377, 127.403743), snap_distance_m=59.1
2026-01-30 03:59:49,343 - INFO -   시나리오 생성 중...
2026-01-30 04:00:29,735 - INFO -   시나리오 생성 완료 (40.39초, API 호출: 35회)
2026-01-30 04:00:29,735 - INFO -   시뮬레이션 실행 중...
2026-01-30 04:00:30,418 - INFO -   시뮬레이션 완료 (0.68초)
2026-01-30 04:00:30,418 - INFO - 좌표 565.0 완료 (562/1000, 56.2%)
2026-01-30 04:00:30,418 - INFO - [566/1000] 좌표 566.0 처리 시작: (36.385191, 127.492198), snap_distance_m=122.6
2026-01-30 04:00:30,418 - INFO -   시나리오 생성 중...
2026-01-30 04:01:09,968 - INFO -   시나리오 생성 완료 (39.55초, API 호출: 38회)
2026-01-30 04:01:09,968 - INFO -   시뮬레이션 실행 중...
2026-01-30 04:01:10,649 - INFO -   시뮬레이션 완료 (0.68초)
2026-01-30 04:01:10,649 - INFO - 좌표 566.0 완료 (563/1000, 56.3%)
2026-01-30 04:01:10,649 - INFO - [567/1000] 좌표 567.0 처리 시작: (36.411640, 127.484671), snap_distance_m=38.5
2026-01-30 04:01:10,649 - INFO -   시나리오 생성 중...
2026-01-30 04:01:49,769 - INFO -   시나리오 생성 완료 (39.12초, API 호출: 38회)
2026-01-30 04:01:49,769 - INFO -   시뮬레이션 실행 중...
2026-01-30 04:01:50,474 - INFO -   시뮬레이션 완료 (0.7초)
2026-01-30 04:01:50,474 - INFO - 좌표 567.0 완료 (564/1000, 56.4%)
2026-01-30 04:01:50,474 - INFO - [568/1000] 좌표 568.0 처리 시작: (36.424776, 127.468309), snap_distance_m=192.0
2026-01-30 04:01:50,474 - INFO -   시나리오 생성 중...
2026-01-30 04:02:29,644 - INFO -   시나리오 생성 완료 (39.17초, API 호출: 38회)
2026-01-30 04:02:29,644 - INFO -   시뮬레이션 실행 중...
2026-01-30 04:02:30,342 - INFO -   시뮬레이션 완료 (0.7초)
2026-01-30 04:02:30,342 - INFO - 좌표 568.0 완료 (565/1000, 56.5%)
2026-01-30 04:02:30,342 - INFO - [569/1000] 좌표 569.0 처리 시작: (36.344302, 127.354704), snap_distance_m=25.5
2026-01-30 04:02:30,342 - INFO -   시나리오 생성 중...
2026-01-30 04:03:07,535 - INFO -   시나리오 생성 완료 (37.19초, API 호출: 36회)
2026-01-30 04:03:07,535 - INFO -   시뮬레이션 실행 중...
2026-01-30 04:03:08,226 - INFO -   시뮬레이션 완료 (0.69초)
2026-01-30 04:03:08,226 - INFO - 좌표 569.0 완료 (566/1000, 56.6%)
2026-01-30 04:03:08,226 - INFO - [570/1000] 좌표 570.0 처리 시작: (36.350108, 127.446871), snap_distance_m=9.7
2026-01-30 04:03:08,226 - INFO -   시나리오 생성 중...
2026-01-30 04:03:46,377 - INFO -   시나리오 생성 완료 (38.15초, API 호출: 37회)
2026-01-30 04:03:46,377 - INFO -   시뮬레이션 실행 중...
2026-01-30 04:03:47,070 - INFO -   시뮬레이션 완료 (0.69초)
2026-01-30 04:03:47,070 - INFO - 좌표 570.0 완료 (567/1000, 56.7%)
2026-01-30 04:03:47,070 - INFO - [571/1000] 좌표 571.0 처리 시작: (36.396576, 127.443539), snap_distance_m=235.3
2026-01-30 04:03:47,070 - INFO -   시나리오 생성 중...
2026-01-30 04:04:25,177 - INFO -   시나리오 생성 완료 (38.11초, API 호출: 37회)
2026-01-30 04:04:25,177 - INFO -   시뮬레이션 실행 중...
2026-01-30 04:04:25,854 - INFO -   시뮬레이션 완료 (0.68초)
2026-01-30 04:04:25,854 - INFO - 좌표 571.0 완료 (568/1000, 56.8%)
2026-01-30 04:04:25,854 - INFO - [572/1000] 좌표 572.0 처리 시작: (36.243233, 127.466533), snap_distance_m=143.4
2026-01-30 04:04:25,854 - INFO -   시나리오 생성 중...
2026-01-30 04:05:03,013 - INFO -   시나리오 생성 완료 (37.16초, API 호출: 36회)
2026-01-30 04:05:03,013 - INFO -   시뮬레이션 실행 중...
2026-01-30 04:05:03,696 - INFO -   시뮬레이션 완료 (0.68초)
2026-01-30 04:05:03,696 - INFO - 좌표 572.0 완료 (569/1000, 56.9%)
2026-01-30 04:05:03,696 - INFO - [573/1000] 좌표 573.0 처리 시작: (36.322219, 127.398769), snap_distance_m=16.5
2026-01-30 04:05:03,696 - INFO -   시나리오 생성 중...
2026-01-30 04:05:40,824 - INFO -   시나리오 생성 완료 (37.13초, API 호출: 36회)
2026-01-30 04:05:40,824 - INFO -   시뮬레이션 실행 중...
2026-01-30 04:05:41,494 - INFO -   시뮬레이션 완료 (0.67초)
2026-01-30 04:05:41,494 - INFO - 좌표 573.0 완료 (570/1000, 57.0%)
2026-01-30 04:05:41,510 - INFO - [574/1000] 좌표 574.0 처리 시작: (36.268599, 127.341713), snap_distance_m=98.5
2026-01-30 04:05:41,510 - INFO -   시나리오 생성 중...
2026-01-30 04:06:17,635 - INFO -   시나리오 생성 완료 (36.13초, API 호출: 35회)
2026-01-30 04:06:17,635 - INFO -   시뮬레이션 실행 중...
2026-01-30 04:06:18,314 - INFO -   시뮬레이션 완료 (0.68초)
2026-01-30 04:06:18,314 - INFO - 좌표 574.0 완료 (571/1000, 57.1%)
2026-01-30 04:06:18,314 - INFO - [575/1000] 좌표 575.0 처리 시작: (36.410192, 127.475517), snap_distance_m=79.9
2026-01-30 04:06:18,314 - INFO -   시나리오 생성 중...
2026-01-30 04:06:57,495 - INFO -   시나리오 생성 완료 (39.18초, API 호출: 38회)
2026-01-30 04:06:57,495 - INFO -   시뮬레이션 실행 중...
2026-01-30 04:06:58,174 - INFO -   시뮬레이션 완료 (0.68초)
2026-01-30 04:06:58,174 - INFO - 좌표 575.0 완료 (572/1000, 57.2%)
2026-01-30 04:06:58,174 - INFO - [576/1000] 좌표 576.0 처리 시작: (36.335975, 127.419577), snap_distance_m=2.0
2026-01-30 04:06:58,174 - INFO -   시나리오 생성 중...
2026-01-30 04:07:35,320 - INFO -   시나리오 생성 완료 (37.15초, API 호출: 36회)
2026-01-30 04:07:35,320 - INFO -   시뮬레이션 실행 중...
2026-01-30 04:07:36,015 - INFO -   시뮬레이션 완료 (0.69초)
2026-01-30 04:07:36,015 - INFO - 좌표 576.0 완료 (573/1000, 57.3%)
2026-01-30 04:07:36,015 - INFO - [577/1000] 좌표 577.0 처리 시작: (36.480530, 127.364440), snap_distance_m=44.2
2026-01-30 04:07:36,015 - INFO -   시나리오 생성 중...
2026-01-30 04:08:14,148 - INFO -   시나리오 생성 완료 (38.13초, API 호출: 37회)
2026-01-30 04:08:14,148 - INFO -   시뮬레이션 실행 중...
2026-01-30 04:08:14,854 - INFO -   시뮬레이션 완료 (0.71초)
2026-01-30 04:08:14,854 - INFO - 좌표 577.0 완료 (574/1000, 57.4%)
2026-01-30 04:08:14,854 - INFO - [578/1000] 좌표 578.0 처리 시작: (36.290418, 127.480170), snap_distance_m=106.3
2026-01-30 04:08:14,854 - INFO -   시나리오 생성 중...
2026-01-30 04:08:52,061 - INFO -   시나리오 생성 완료 (37.21초, API 호출: 36회)
2026-01-30 04:08:52,061 - INFO -   시뮬레이션 실행 중...
2026-01-30 04:08:52,744 - INFO -   시뮬레이션 완료 (0.68초)
2026-01-30 04:08:52,744 - INFO - 좌표 578.0 완료 (575/1000, 57.5%)
2026-01-30 04:08:52,744 - INFO - [579/1000] 좌표 579.0 처리 시작: (36.251350, 127.460774), snap_distance_m=120.0
2026-01-30 04:08:52,744 - INFO -   시나리오 생성 중...
2026-01-30 04:09:30,134 - INFO -   시나리오 생성 완료 (37.39초, API 호출: 36회)
2026-01-30 04:09:30,134 - INFO -   시뮬레이션 실행 중...
2026-01-30 04:09:30,817 - INFO -   시뮬레이션 완료 (0.68초)
2026-01-30 04:09:30,817 - INFO - 좌표 579.0 완료 (576/1000, 57.6%)
2026-01-30 04:09:30,817 - INFO - [580/1000] 좌표 580.0 처리 시작: (36.317785, 127.435484), snap_distance_m=16.4
2026-01-30 04:09:30,817 - INFO -   시나리오 생성 중...
2026-01-30 04:10:09,198 - INFO -   시나리오 생성 완료 (38.38초, API 호출: 35회)
2026-01-30 04:10:09,198 - INFO -   시뮬레이션 실행 중...
2026-01-30 04:10:09,879 - INFO -   시뮬레이션 완료 (0.68초)
2026-01-30 04:10:09,879 - INFO - 좌표 580.0 완료 (577/1000, 57.7%)
2026-01-30 04:10:09,879 - INFO - [581/1000] 좌표 581.0 처리 시작: (36.227254, 127.457333), snap_distance_m=131.3
2026-01-30 04:10:09,879 - INFO -   시나리오 생성 중...
2026-01-30 04:10:47,046 - INFO -   시나리오 생성 완료 (37.17초, API 호출: 36회)
2026-01-30 04:10:47,046 - INFO -   시뮬레이션 실행 중...
2026-01-30 04:10:47,743 - INFO -   시뮬레이션 완료 (0.7초)
2026-01-30 04:10:47,743 - INFO - 좌표 581.0 완료 (578/1000, 57.8%)
2026-01-30 04:10:47,743 - INFO - [582/1000] 좌표 582.0 처리 시작: (36.305831, 127.336244), snap_distance_m=12.6
2026-01-30 04:10:47,743 - INFO -   시나리오 생성 중...
2026-01-30 04:11:25,850 - INFO -   시나리오 생성 완료 (38.11초, API 호출: 37회)
2026-01-30 04:11:25,850 - INFO -   시뮬레이션 실행 중...
2026-01-30 04:11:26,534 - INFO -   시뮬레이션 완료 (0.68초)
2026-01-30 04:11:26,534 - INFO - 좌표 582.0 완료 (579/1000, 57.9%)
2026-01-30 04:11:26,534 - INFO - [583/1000] 좌표 583.0 처리 시작: (36.365240, 127.294460), snap_distance_m=24.0
2026-01-30 04:11:26,534 - INFO -   시나리오 생성 중...
2026-01-30 04:12:04,875 - INFO -   시나리오 생성 완료 (38.34초, API 호출: 37회)
2026-01-30 04:12:04,875 - INFO -   시뮬레이션 실행 중...
2026-01-30 04:12:05,542 - INFO -   시뮬레이션 완료 (0.67초)
2026-01-30 04:12:05,542 - INFO - 좌표 583.0 완료 (580/1000, 58.0%)
2026-01-30 04:12:05,542 - INFO - [584/1000] 좌표 584.0 처리 시작: (36.292825, 127.283692), snap_distance_m=223.5
2026-01-30 04:12:05,542 - INFO -   시나리오 생성 중...
2026-01-30 04:12:42,697 - INFO -   시나리오 생성 완료 (37.16초, API 호출: 36회)
2026-01-30 04:12:42,697 - INFO -   시뮬레이션 실행 중...
2026-01-30 04:12:43,373 - INFO -   시뮬레이션 완료 (0.68초)
2026-01-30 04:12:43,373 - INFO - 좌표 584.0 완료 (581/1000, 58.1%)
2026-01-30 04:12:43,373 - INFO - [585/1000] 좌표 585.0 처리 시작: (36.264649, 127.399381), snap_distance_m=109.9
2026-01-30 04:12:43,373 - INFO -   시나리오 생성 중...
2026-01-30 04:13:19,556 - INFO -   시나리오 생성 완료 (36.18초, API 호출: 35회)
2026-01-30 04:13:19,556 - INFO -   시뮬레이션 실행 중...
2026-01-30 04:13:20,237 - INFO -   시뮬레이션 완료 (0.68초)
2026-01-30 04:13:20,237 - INFO - 좌표 585.0 완료 (582/1000, 58.2%)
2026-01-30 04:13:20,237 - INFO - [586/1000] 좌표 586.0 처리 시작: (36.250688, 127.401952), snap_distance_m=116.0
2026-01-30 04:13:20,237 - INFO -   시나리오 생성 중...
2026-01-30 04:13:56,370 - INFO -   시나리오 생성 완료 (36.13초, API 호출: 35회)
2026-01-30 04:13:56,370 - INFO -   시뮬레이션 실행 중...
2026-01-30 04:13:57,054 - INFO -   시뮬레이션 완료 (0.68초)
2026-01-30 04:13:57,054 - INFO - 좌표 586.0 완료 (583/1000, 58.3%)
2026-01-30 04:13:57,054 - INFO - [587/1000] 좌표 587.0 처리 시작: (36.280441, 127.265115), snap_distance_m=7.8
2026-01-30 04:13:57,054 - INFO -   시나리오 생성 중...
2026-01-30 04:14:34,193 - INFO -   시나리오 생성 완료 (37.14초, API 호출: 36회)
2026-01-30 04:14:34,193 - INFO -   시뮬레이션 실행 중...
2026-01-30 04:14:34,886 - INFO -   시뮬레이션 완료 (0.69초)
2026-01-30 04:14:34,894 - INFO - 좌표 587.0 완료 (584/1000, 58.4%)
2026-01-30 04:14:34,894 - INFO - [588/1000] 좌표 588.0 처리 시작: (36.479518, 127.374247), snap_distance_m=140.6
2026-01-30 04:14:34,894 - INFO -   시나리오 생성 중...
2026-01-30 04:15:13,040 - INFO -   시나리오 생성 완료 (38.15초, API 호출: 37회)
2026-01-30 04:15:13,040 - INFO -   시뮬레이션 실행 중...
2026-01-30 04:15:13,726 - INFO -   시뮬레이션 완료 (0.69초)
2026-01-30 04:15:13,726 - INFO - 좌표 588.0 완료 (585/1000, 58.5%)
2026-01-30 04:15:13,726 - INFO - [589/1000] 좌표 589.0 처리 시작: (36.376546, 127.315028), snap_distance_m=58.8
2026-01-30 04:15:13,726 - INFO -   시나리오 생성 중...
2026-01-30 04:15:52,836 - INFO -   시나리오 생성 완료 (39.11초, API 호출: 38회)
2026-01-30 04:15:52,836 - INFO -   시뮬레이션 실행 중...
2026-01-30 04:15:53,513 - INFO -   시뮬레이션 완료 (0.68초)
2026-01-30 04:15:53,513 - INFO - 좌표 589.0 완료 (586/1000, 58.6%)
2026-01-30 04:15:53,513 - INFO - [590/1000] 좌표 590.0 처리 시작: (36.318107, 127.417114), snap_distance_m=3.3
2026-01-30 04:15:53,513 - INFO -   시나리오 생성 중...
2026-01-30 04:16:29,637 - INFO -   시나리오 생성 완료 (36.12초, API 호출: 35회)
2026-01-30 04:16:29,637 - INFO -   시뮬레이션 실행 중...
2026-01-30 04:16:30,358 - INFO -   시뮬레이션 완료 (0.72초)
2026-01-30 04:16:30,358 - INFO - 좌표 590.0 완료 (587/1000, 58.7%)
2026-01-30 04:16:30,358 - INFO - [591/1000] 좌표 591.0 처리 시작: (36.372521, 127.451643), snap_distance_m=10.8
2026-01-30 04:16:30,358 - INFO -   시나리오 생성 중...
2026-01-30 04:17:10,530 - INFO -   시나리오 생성 완료 (40.17초, API 호출: 39회)
2026-01-30 04:17:10,530 - INFO -   시뮬레이션 실행 중...
2026-01-30 04:17:11,214 - INFO -   시뮬레이션 완료 (0.68초)
2026-01-30 04:17:11,214 - INFO - 좌표 591.0 완료 (588/1000, 58.8%)
2026-01-30 04:17:11,214 - INFO - [592/1000] 좌표 592.0 처리 시작: (36.276309, 127.394288), snap_distance_m=96.1
2026-01-30 04:17:11,214 - INFO -   시나리오 생성 중...
2026-01-30 04:17:47,319 - INFO -   시나리오 생성 완료 (36.1초, API 호출: 35회)
2026-01-30 04:17:47,319 - INFO -   시뮬레이션 실행 중...
2026-01-30 04:17:48,013 - INFO -   시뮬레이션 완료 (0.69초)
2026-01-30 04:17:48,013 - INFO - 좌표 592.0 완료 (589/1000, 58.9%)
2026-01-30 04:17:48,013 - INFO - [593/1000] 좌표 593.0 처리 시작: (36.252257, 127.405824), snap_distance_m=198.8
2026-01-30 04:17:48,013 - INFO -   시나리오 생성 중...
2026-01-30 04:18:24,165 - INFO -   시나리오 생성 완료 (36.15초, API 호출: 35회)
2026-01-30 04:18:24,165 - INFO -   시뮬레이션 실행 중...
2026-01-30 04:18:24,852 - INFO -   시뮬레이션 완료 (0.69초)
2026-01-30 04:18:24,852 - INFO - 좌표 593.0 완료 (590/1000, 59.0%)
2026-01-30 04:18:24,852 - INFO - [594/1000] 좌표 594.0 처리 시작: (36.421629, 127.489791), snap_distance_m=76.0
2026-01-30 04:18:24,852 - INFO -   시나리오 생성 중...
2026-01-30 04:19:04,014 - INFO -   시나리오 생성 완료 (39.16초, API 호출: 38회)
2026-01-30 04:19:04,014 - INFO -   시뮬레이션 실행 중...
2026-01-30 04:19:04,713 - INFO -   시뮬레이션 완료 (0.7초)
2026-01-30 04:19:04,713 - INFO - 좌표 594.0 완료 (591/1000, 59.1%)
2026-01-30 04:19:04,713 - INFO - [595/1000] 좌표 595.0 처리 시작: (36.254596, 127.400596), snap_distance_m=143.2
2026-01-30 04:19:04,713 - INFO -   시나리오 생성 중...
2026-01-30 04:19:40,963 - INFO -   시나리오 생성 완료 (36.25초, API 호출: 35회)
2026-01-30 04:19:40,963 - INFO -   시뮬레이션 실행 중...
2026-01-30 04:19:41,637 - INFO -   시뮬레이션 완료 (0.67초)
2026-01-30 04:19:41,637 - INFO - 좌표 595.0 완료 (592/1000, 59.2%)
2026-01-30 04:19:41,637 - INFO - [596/1000] 좌표 596.0 처리 시작: (36.262917, 127.326302), snap_distance_m=30.6
2026-01-30 04:19:41,637 - INFO -   시나리오 생성 중...
2026-01-30 04:20:17,738 - INFO -   시나리오 생성 완료 (36.1초, API 호출: 35회)
2026-01-30 04:20:17,738 - INFO -   시뮬레이션 실행 중...
2026-01-30 04:20:18,418 - INFO -   시뮬레이션 완료 (0.68초)
2026-01-30 04:20:18,418 - INFO - 좌표 596.0 완료 (593/1000, 59.3%)
2026-01-30 04:20:18,418 - INFO - [597/1000] 좌표 597.0 처리 시작: (36.361506, 127.452851), snap_distance_m=176.8
2026-01-30 04:20:18,418 - INFO -   시나리오 생성 중...
2026-01-30 04:21:01,390 - INFO -   시나리오 생성 완료 (42.97초, API 호출: 38회)
2026-01-30 04:21:01,390 - INFO -   시뮬레이션 실행 중...
2026-01-30 04:21:02,071 - INFO -   시뮬레이션 완료 (0.68초)
2026-01-30 04:21:02,071 - INFO - 좌표 597.0 완료 (594/1000, 59.4%)
2026-01-30 04:21:02,071 - INFO - [598/1000] 좌표 598.0 처리 시작: (36.241802, 127.398243), snap_distance_m=117.3
2026-01-30 04:21:02,071 - INFO -   시나리오 생성 중...
2026-01-30 04:21:38,235 - INFO -   시나리오 생성 완료 (36.16초, API 호출: 35회)
2026-01-30 04:21:38,235 - INFO -   시뮬레이션 실행 중...
2026-01-30 04:21:38,908 - INFO -   시뮬레이션 완료 (0.67초)
2026-01-30 04:21:38,908 - INFO - 좌표 598.0 완료 (595/1000, 59.5%)
2026-01-30 04:21:38,908 - INFO - [599/1000] 좌표 599.0 처리 시작: (36.281340, 127.286356), snap_distance_m=241.9
2026-01-30 04:21:38,908 - INFO -   시나리오 생성 중...
2026-01-30 04:22:16,011 - INFO -   시나리오 생성 완료 (37.1초, API 호출: 36회)
2026-01-30 04:22:16,011 - INFO -   시뮬레이션 실행 중...
2026-01-30 04:22:16,690 - INFO -   시뮬레이션 완료 (0.68초)
2026-01-30 04:22:16,690 - INFO - 좌표 599.0 완료 (596/1000, 59.6%)
2026-01-30 04:22:16,690 - INFO - [600/1000] 좌표 600.0 처리 시작: (36.252969, 127.306452), snap_distance_m=68.3
2026-01-30 04:22:16,690 - INFO -   시나리오 생성 중...
2026-01-30 04:22:52,815 - INFO -   시나리오 생성 완료 (36.12초, API 호출: 35회)
2026-01-30 04:22:52,815 - INFO -   시뮬레이션 실행 중...
2026-01-30 04:22:53,500 - INFO -   시뮬레이션 완료 (0.68초)
2026-01-30 04:22:53,500 - INFO - 좌표 600.0 완료 (597/1000, 59.7%)
2026-01-30 04:22:53,500 - INFO - [601/1000] 좌표 601.0 처리 시작: (36.390342, 127.518378), snap_distance_m=18.6
2026-01-30 04:22:53,500 - INFO -   시나리오 생성 중...
2026-01-30 04:23:33,668 - INFO -   시나리오 생성 완료 (40.17초, API 호출: 39회)
2026-01-30 04:23:33,668 - INFO -   시뮬레이션 실행 중...
2026-01-30 04:23:34,350 - INFO -   시뮬레이션 완료 (0.68초)
2026-01-30 04:23:34,350 - INFO - 좌표 601.0 완료 (598/1000, 59.8%)
2026-01-30 04:23:34,350 - INFO - [602/1000] 좌표 602.0 처리 시작: (36.295519, 127.342184), snap_distance_m=24.3
2026-01-30 04:23:34,350 - INFO -   시나리오 생성 중...
2026-01-30 04:24:11,509 - INFO -   시나리오 생성 완료 (37.16초, API 호출: 36회)
2026-01-30 04:24:11,509 - INFO -   시뮬레이션 실행 중...
2026-01-30 04:24:12,171 - INFO -   시뮬레이션 완료 (0.66초)
2026-01-30 04:24:12,171 - INFO - 좌표 602.0 완료 (599/1000, 59.9%)
2026-01-30 04:24:12,171 - INFO - [603/1000] 좌표 603.0 처리 시작: (36.327033, 127.265462), snap_distance_m=50.5
2026-01-30 04:24:12,171 - INFO -   시나리오 생성 중...
2026-01-30 04:24:49,331 - INFO -   시나리오 생성 완료 (37.16초, API 호출: 36회)
2026-01-30 04:24:49,331 - INFO -   시뮬레이션 실행 중...
2026-01-30 04:24:50,010 - INFO -   시뮬레이션 완료 (0.68초)
2026-01-30 04:24:50,010 - INFO - 좌표 603.0 완료 (600/1000, 60.0%)
2026-01-30 04:24:50,010 - INFO - [604/1000] 좌표 604.0 처리 시작: (36.383309, 127.518673), snap_distance_m=125.5
2026-01-30 04:24:50,010 - INFO -   시나리오 생성 중...
2026-01-30 04:25:30,146 - INFO -   시나리오 생성 완료 (40.14초, API 호출: 39회)
2026-01-30 04:25:30,146 - INFO -   시뮬레이션 실행 중...
2026-01-30 04:25:30,826 - INFO -   시뮬레이션 완료 (0.68초)
2026-01-30 04:25:30,826 - INFO - 좌표 604.0 완료 (601/1000, 60.1%)
2026-01-30 04:25:30,826 - INFO - [605/1000] 좌표 605.0 처리 시작: (36.373899, 127.326387), snap_distance_m=4.4
2026-01-30 04:25:30,826 - INFO -   시나리오 생성 중...
2026-01-30 04:26:09,953 - INFO -   시나리오 생성 완료 (39.13초, API 호출: 38회)
2026-01-30 04:26:09,953 - INFO -   시뮬레이션 실행 중...
2026-01-30 04:26:10,622 - INFO -   시뮬레이션 완료 (0.67초)
2026-01-30 04:26:10,622 - INFO - 좌표 605.0 완료 (602/1000, 60.2%)
2026-01-30 04:26:10,622 - INFO - [606/1000] 좌표 606.0 처리 시작: (36.362574, 127.364841), snap_distance_m=137.3
2026-01-30 04:26:10,622 - INFO -   시나리오 생성 중...
2026-01-30 04:26:49,697 - INFO -   시나리오 생성 완료 (39.08초, API 호출: 37회)
2026-01-30 04:26:49,697 - INFO -   시뮬레이션 실행 중...
2026-01-30 04:26:50,377 - INFO -   시뮬레이션 완료 (0.68초)
2026-01-30 04:26:50,377 - INFO - 좌표 606.0 완료 (603/1000, 60.3%)
2026-01-30 04:26:50,377 - INFO - [607/1000] 좌표 607.0 처리 시작: (36.419235, 127.523561), snap_distance_m=4.7
2026-01-30 04:26:50,377 - INFO -   시나리오 생성 중...
2026-01-30 04:27:31,360 - INFO -   시나리오 생성 완료 (40.98초, API 호출: 39회)
2026-01-30 04:27:31,360 - INFO -   시뮬레이션 실행 중...
2026-01-30 04:27:32,049 - INFO -   시뮬레이션 완료 (0.69초)
2026-01-30 04:27:32,049 - INFO - 좌표 607.0 완료 (604/1000, 60.4%)
2026-01-30 04:27:32,049 - INFO - [608/1000] 좌표 608.0 처리 시작: (36.289960, 127.303220), snap_distance_m=204.6
2026-01-30 04:27:32,049 - INFO -   시나리오 생성 중...
2026-01-30 04:28:09,202 - INFO -   시나리오 생성 완료 (37.15초, API 호출: 36회)
2026-01-30 04:28:09,202 - INFO -   시뮬레이션 실행 중...
2026-01-30 04:28:09,881 - INFO -   시뮬레이션 완료 (0.68초)
2026-01-30 04:28:09,881 - INFO - 좌표 608.0 완료 (605/1000, 60.5%)
2026-01-30 04:28:09,881 - INFO - [609/1000] 좌표 609.0 처리 시작: (36.258294, 127.479153), snap_distance_m=6.6
2026-01-30 04:28:09,881 - INFO -   시나리오 생성 중...
2026-01-30 04:28:47,002 - INFO -   시나리오 생성 완료 (37.12초, API 호출: 36회)
2026-01-30 04:28:47,002 - INFO -   시뮬레이션 실행 중...
2026-01-30 04:28:47,680 - INFO -   시뮬레이션 완료 (0.68초)
2026-01-30 04:28:47,680 - INFO - 좌표 609.0 완료 (606/1000, 60.6%)
2026-01-30 04:28:47,680 - INFO - [610/1000] 좌표 610.0 처리 시작: (36.296038, 127.369191), snap_distance_m=23.2
2026-01-30 04:28:47,680 - INFO -   시나리오 생성 중...
2026-01-30 04:29:24,493 - INFO -   시나리오 생성 완료 (36.81초, API 호출: 35회)
2026-01-30 04:29:24,493 - INFO -   시뮬레이션 실행 중...
2026-01-30 04:29:25,166 - INFO -   시뮬레이션 완료 (0.67초)
2026-01-30 04:29:25,166 - INFO - 좌표 610.0 완료 (607/1000, 60.7%)
2026-01-30 04:29:25,166 - INFO - [611/1000] 좌표 611.0 처리 시작: (36.332515, 127.451083), snap_distance_m=60.3
2026-01-30 04:29:25,166 - INFO -   시나리오 생성 중...
2026-01-30 04:30:03,355 - INFO -   시나리오 생성 완료 (38.19초, API 호출: 36회)
2026-01-30 04:30:03,355 - INFO -   시뮬레이션 실행 중...
2026-01-30 04:30:04,064 - INFO -   시뮬레이션 완료 (0.71초)
2026-01-30 04:30:04,064 - INFO - 좌표 611.0 완료 (608/1000, 60.8%)
2026-01-30 04:30:04,064 - INFO - [612/1000] 좌표 612.0 처리 시작: (36.261205, 127.315128), snap_distance_m=69.9
2026-01-30 04:30:04,064 - INFO -   시나리오 생성 중...
2026-01-30 04:30:44,122 - INFO -   시나리오 생성 완료 (40.06초, API 호출: 35회)
2026-01-30 04:30:44,122 - INFO -   시뮬레이션 실행 중...
2026-01-30 04:30:44,799 - INFO -   시뮬레이션 완료 (0.68초)
2026-01-30 04:30:44,799 - INFO - 좌표 612.0 완료 (609/1000, 60.9%)
2026-01-30 04:30:44,799 - INFO - [613/1000] 좌표 613.0 처리 시작: (36.425113, 127.425058), snap_distance_m=5.3
2026-01-30 04:30:44,799 - INFO -   시나리오 생성 중...
2026-01-30 04:31:24,947 - INFO -   시나리오 생성 완료 (40.15초, API 호출: 39회)
2026-01-30 04:31:24,947 - INFO -   시뮬레이션 실행 중...
2026-01-30 04:31:25,634 - INFO -   시뮬레이션 완료 (0.69초)
2026-01-30 04:31:25,634 - INFO - 좌표 613.0 완료 (610/1000, 61.0%)
2026-01-30 04:31:25,634 - INFO - [614/1000] 좌표 614.0 처리 시작: (36.414680, 127.295165), snap_distance_m=0.7
2026-01-30 04:31:25,634 - INFO -   시나리오 생성 중...
2026-01-30 04:32:03,781 - INFO -   시나리오 생성 완료 (38.15초, API 호출: 37회)
2026-01-30 04:32:03,781 - INFO -   시뮬레이션 실행 중...
2026-01-30 04:32:04,488 - INFO -   시뮬레이션 완료 (0.71초)
2026-01-30 04:32:04,488 - INFO - 좌표 614.0 완료 (611/1000, 61.1%)
2026-01-30 04:32:04,488 - INFO - [615/1000] 좌표 615.0 처리 시작: (36.336137, 127.330250), snap_distance_m=116.3
2026-01-30 04:32:04,488 - INFO -   시나리오 생성 중...
2026-01-30 04:32:41,644 - INFO -   시나리오 생성 완료 (37.16초, API 호출: 36회)
2026-01-30 04:32:41,644 - INFO -   시뮬레이션 실행 중...
2026-01-30 04:32:42,323 - INFO -   시뮬레이션 완료 (0.68초)
2026-01-30 04:32:42,323 - INFO - 좌표 615.0 완료 (612/1000, 61.2%)
2026-01-30 04:32:42,323 - INFO - [616/1000] 좌표 616.0 처리 시작: (36.236121, 127.453969), snap_distance_m=232.2
2026-01-30 04:32:42,323 - INFO -   시나리오 생성 중...
2026-01-30 04:33:19,698 - INFO -   시나리오 생성 완료 (37.38초, API 호출: 36회)
2026-01-30 04:33:19,698 - INFO -   시뮬레이션 실행 중...
2026-01-30 04:33:20,377 - INFO -   시뮬레이션 완료 (0.68초)
2026-01-30 04:33:20,377 - INFO - 좌표 616.0 완료 (613/1000, 61.3%)
2026-01-30 04:33:20,377 - INFO - [617/1000] 좌표 617.0 처리 시작: (36.435692, 127.470366), snap_distance_m=19.3
2026-01-30 04:33:20,377 - INFO -   시나리오 생성 중...
2026-01-30 04:33:59,933 - INFO -   시나리오 생성 완료 (39.56초, API 호출: 38회)
2026-01-30 04:33:59,933 - INFO -   시뮬레이션 실행 중...
2026-01-30 04:34:00,618 - INFO -   시뮬레이션 완료 (0.68초)
2026-01-30 04:34:00,618 - INFO - 좌표 617.0 완료 (614/1000, 61.4%)
2026-01-30 04:34:00,618 - INFO - [618/1000] 좌표 618.0 처리 시작: (36.373714, 127.412513), snap_distance_m=65.3
2026-01-30 04:34:00,618 - INFO -   시나리오 생성 중...
2026-01-30 04:34:39,783 - INFO -   시나리오 생성 완료 (39.16초, API 호출: 38회)
2026-01-30 04:34:39,783 - INFO -   시뮬레이션 실행 중...
2026-01-30 04:34:40,468 - INFO -   시뮬레이션 완료 (0.69초)
2026-01-30 04:34:40,468 - INFO - 좌표 618.0 완료 (615/1000, 61.5%)
2026-01-30 04:34:40,468 - INFO - [619/1000] 좌표 619.0 처리 시작: (36.234045, 127.414495), snap_distance_m=50.9
2026-01-30 04:34:40,468 - INFO -   시나리오 생성 중...
2026-01-30 04:35:16,579 - INFO -   시나리오 생성 완료 (36.11초, API 호출: 35회)
2026-01-30 04:35:16,579 - INFO -   시뮬레이션 실행 중...
2026-01-30 04:35:17,279 - INFO -   시뮬레이션 완료 (0.7초)
2026-01-30 04:35:17,279 - INFO - 좌표 619.0 완료 (616/1000, 61.6%)
2026-01-30 04:35:17,279 - INFO - [620/1000] 좌표 620.0 처리 시작: (36.377088, 127.330872), snap_distance_m=86.7
2026-01-30 04:35:17,279 - INFO -   시나리오 생성 중...
2026-01-30 04:35:57,270 - INFO -   시나리오 생성 완료 (39.99초, API 호출: 38회)
2026-01-30 04:35:57,270 - INFO -   시뮬레이션 실행 중...
2026-01-30 04:35:57,954 - INFO -   시뮬레이션 완료 (0.68초)
2026-01-30 04:35:57,954 - INFO - 좌표 620.0 완료 (617/1000, 61.7%)
2026-01-30 04:35:57,954 - INFO - [621/1000] 좌표 621.0 처리 시작: (36.300921, 127.321667), snap_distance_m=6.1
2026-01-30 04:35:57,954 - INFO -   시나리오 생성 중...
2026-01-30 04:36:36,102 - INFO -   시나리오 생성 완료 (38.15초, API 호출: 37회)
2026-01-30 04:36:36,102 - INFO -   시뮬레이션 실행 중...
2026-01-30 04:36:36,784 - INFO -   시뮬레이션 완료 (0.68초)
2026-01-30 04:36:36,784 - INFO - 좌표 621.0 완료 (618/1000, 61.8%)
2026-01-30 04:36:36,784 - INFO - [622/1000] 좌표 622.0 처리 시작: (36.423349, 127.454607), snap_distance_m=25.1
2026-01-30 04:36:36,784 - INFO -   시나리오 생성 중...
2026-01-30 04:37:15,941 - INFO -   시나리오 생성 완료 (39.16초, API 호출: 38회)
2026-01-30 04:37:15,941 - INFO -   시뮬레이션 실행 중...
2026-01-30 04:37:16,626 - INFO -   시뮬레이션 완료 (0.68초)
2026-01-30 04:37:16,626 - INFO - 좌표 622.0 완료 (619/1000, 61.9%)
2026-01-30 04:37:16,626 - INFO - [623/1000] 좌표 623.0 처리 시작: (36.344108, 127.338594), snap_distance_m=12.1
2026-01-30 04:37:16,626 - INFO -   시나리오 생성 중...
2026-01-30 04:37:54,205 - INFO -   시나리오 생성 완료 (37.58초, API 호출: 36회)
2026-01-30 04:37:54,205 - INFO -   시뮬레이션 실행 중...
2026-01-30 04:37:54,887 - INFO -   시뮬레이션 완료 (0.68초)
2026-01-30 04:37:54,887 - INFO - 좌표 623.0 완료 (620/1000, 62.0%)
2026-01-30 04:37:54,903 - INFO - [624/1000] 좌표 624.0 처리 시작: (36.213286, 127.412760), snap_distance_m=156.1
2026-01-30 04:37:54,903 - INFO -   시나리오 생성 중...
2026-01-30 04:38:31,026 - INFO -   시나리오 생성 완료 (36.12초, API 호출: 35회)
2026-01-30 04:38:31,026 - INFO -   시뮬레이션 실행 중...
2026-01-30 04:38:31,716 - INFO -   시뮬레이션 완료 (0.69초)
2026-01-30 04:38:31,716 - INFO - 좌표 624.0 완료 (621/1000, 62.1%)
2026-01-30 04:38:31,716 - INFO - [625/1000] 좌표 625.0 처리 시작: (36.341811, 127.395452), snap_distance_m=39.2
2026-01-30 04:38:31,716 - INFO -   시나리오 생성 중...
2026-01-30 04:39:08,845 - INFO -   시나리오 생성 완료 (37.13초, API 호출: 36회)
2026-01-30 04:39:08,845 - INFO -   시뮬레이션 실행 중...
2026-01-30 04:39:09,550 - INFO -   시뮬레이션 완료 (0.7초)
2026-01-30 04:39:09,550 - INFO - 좌표 625.0 완료 (622/1000, 62.2%)
2026-01-30 04:39:09,550 - INFO - [626/1000] 좌표 626.0 처리 시작: (36.302410, 127.316495), snap_distance_m=3.0
2026-01-30 04:39:09,550 - INFO -   시나리오 생성 중...
2026-01-30 04:39:48,019 - INFO -   시나리오 생성 완료 (38.47초, API 호출: 37회)
2026-01-30 04:39:48,019 - INFO -   시뮬레이션 실행 중...
2026-01-30 04:39:48,723 - INFO -   시뮬레이션 완료 (0.7초)
2026-01-30 04:39:48,723 - INFO - 좌표 626.0 완료 (623/1000, 62.3%)
2026-01-30 04:39:48,723 - INFO - [627/1000] 좌표 627.0 처리 시작: (36.421353, 127.453085), snap_distance_m=109.4
2026-01-30 04:39:48,723 - INFO -   시나리오 생성 중...
2026-01-30 04:40:27,848 - INFO -   시나리오 생성 완료 (39.13초, API 호출: 38회)
2026-01-30 04:40:27,848 - INFO -   시뮬레이션 실행 중...
2026-01-30 04:40:28,531 - INFO -   시뮬레이션 완료 (0.68초)
2026-01-30 04:40:28,531 - INFO - 좌표 627.0 완료 (624/1000, 62.4%)
2026-01-30 04:40:28,531 - INFO - [628/1000] 좌표 628.0 처리 시작: (36.284559, 127.259577), snap_distance_m=34.2
2026-01-30 04:40:28,531 - INFO -   시나리오 생성 중...
2026-01-30 04:41:09,884 - INFO -   시나리오 생성 완료 (41.35초, API 호출: 36회)
2026-01-30 04:41:09,884 - INFO -   시뮬레이션 실행 중...
2026-01-30 04:41:10,587 - INFO -   시뮬레이션 완료 (0.7초)
2026-01-30 04:41:10,587 - INFO - 좌표 628.0 완료 (625/1000, 62.5%)
2026-01-30 04:41:10,587 - INFO - [629/1000] 좌표 629.0 처리 시작: (36.436245, 127.403693), snap_distance_m=4.3
2026-01-30 04:41:10,587 - INFO -   시나리오 생성 중...
2026-01-30 04:41:48,792 - INFO -   시나리오 생성 완료 (38.21초, API 호출: 37회)
2026-01-30 04:41:48,807 - INFO -   시뮬레이션 실행 중...
2026-01-30 04:41:49,509 - INFO -   시뮬레이션 완료 (0.7초)
2026-01-30 04:41:49,509 - INFO - 좌표 629.0 완료 (626/1000, 62.6%)
2026-01-30 04:41:49,509 - INFO - [630/1000] 좌표 630.0 처리 시작: (36.368012, 127.334024), snap_distance_m=32.3
2026-01-30 04:41:49,509 - INFO -   시나리오 생성 중...
2026-01-30 04:42:28,632 - INFO -   시나리오 생성 완료 (39.12초, API 호출: 38회)
2026-01-30 04:42:28,632 - INFO -   시뮬레이션 실행 중...
2026-01-30 04:42:29,319 - INFO -   시뮬레이션 완료 (0.69초)
2026-01-30 04:42:29,319 - INFO - 좌표 630.0 완료 (627/1000, 62.7%)
2026-01-30 04:42:29,319 - INFO - [631/1000] 좌표 631.0 처리 시작: (36.314800, 127.345705), snap_distance_m=58.5
2026-01-30 04:42:29,319 - INFO -   시나리오 생성 중...
2026-01-30 04:43:07,461 - INFO -   시나리오 생성 완료 (38.14초, API 호출: 37회)
2026-01-30 04:43:07,461 - INFO -   시뮬레이션 실행 중...
2026-01-30 04:43:08,165 - INFO -   시뮬레이션 완료 (0.7초)
2026-01-30 04:43:08,165 - INFO - 좌표 631.0 완료 (628/1000, 62.8%)
2026-01-30 04:43:08,165 - INFO - [632/1000] 좌표 632.0 처리 시작: (36.385765, 127.339475), snap_distance_m=156.8
2026-01-30 04:43:08,165 - INFO -   시나리오 생성 중...
2026-01-30 04:43:47,328 - INFO -   시나리오 생성 완료 (39.16초, API 호출: 38회)
2026-01-30 04:43:47,328 - INFO -   시뮬레이션 실행 중...
2026-01-30 04:43:48,008 - INFO -   시뮬레이션 완료 (0.68초)
2026-01-30 04:43:48,008 - INFO - 좌표 632.0 완료 (629/1000, 62.9%)
2026-01-30 04:43:48,008 - INFO - [633/1000] 좌표 633.0 처리 시작: (36.274623, 127.455387), snap_distance_m=238.6
2026-01-30 04:43:48,008 - INFO -   시나리오 생성 중...
2026-01-30 04:44:27,622 - INFO -   시나리오 생성 완료 (39.61초, API 호출: 35회)
2026-01-30 04:44:27,622 - INFO -   시뮬레이션 실행 중...
2026-01-30 04:44:28,304 - INFO -   시뮬레이션 완료 (0.68초)
2026-01-30 04:44:28,304 - INFO - 좌표 633.0 완료 (630/1000, 63.0%)
2026-01-30 04:44:28,304 - INFO - [634/1000] 좌표 634.0 처리 시작: (36.231778, 127.350874), snap_distance_m=216.2
2026-01-30 04:44:28,304 - INFO -   시나리오 생성 중...
2026-01-30 04:45:04,463 - INFO -   시나리오 생성 완료 (36.16초, API 호출: 35회)
2026-01-30 04:45:04,463 - INFO -   시뮬레이션 실행 중...
2026-01-30 04:45:05,158 - INFO -   시뮬레이션 완료 (0.7초)
2026-01-30 04:45:05,158 - INFO - 좌표 634.0 완료 (631/1000, 63.1%)
2026-01-30 04:45:05,158 - INFO - [635/1000] 좌표 635.0 처리 시작: (36.314391, 127.474873), snap_distance_m=134.1
2026-01-30 04:45:05,158 - INFO -   시나리오 생성 중...
2026-01-30 04:45:42,358 - INFO -   시나리오 생성 완료 (37.2초, API 호출: 36회)
2026-01-30 04:45:42,358 - INFO -   시뮬레이션 실행 중...
2026-01-30 04:45:43,054 - INFO -   시뮬레이션 완료 (0.7초)
2026-01-30 04:45:43,054 - INFO - 좌표 635.0 완료 (632/1000, 63.2%)
2026-01-30 04:45:43,054 - INFO - [636/1000] 좌표 636.0 처리 시작: (36.268149, 127.321473), snap_distance_m=153.2
2026-01-30 04:45:43,054 - INFO -   시나리오 생성 중...
2026-01-30 04:46:20,062 - INFO -   시나리오 생성 완료 (37.01초, API 호출: 35회)
2026-01-30 04:46:20,062 - INFO -   시뮬레이션 실행 중...
2026-01-30 04:46:20,737 - INFO -   시뮬레이션 완료 (0.67초)
2026-01-30 04:46:20,737 - INFO - 좌표 636.0 완료 (633/1000, 63.3%)
2026-01-30 04:46:20,737 - INFO - [637/1000] 좌표 637.0 처리 시작: (36.464504, 127.361708), snap_distance_m=0.6
2026-01-30 04:46:20,737 - INFO -   시나리오 생성 중...
2026-01-30 04:46:58,870 - INFO -   시나리오 생성 완료 (38.13초, API 호출: 37회)
2026-01-30 04:46:58,870 - INFO -   시뮬레이션 실행 중...
2026-01-30 04:46:59,552 - INFO -   시뮬레이션 완료 (0.68초)
2026-01-30 04:46:59,552 - INFO - 좌표 637.0 완료 (634/1000, 63.4%)
2026-01-30 04:46:59,552 - INFO - [638/1000] 좌표 638.0 처리 시작: (36.364708, 127.380428), snap_distance_m=18.9
2026-01-30 04:46:59,552 - INFO -   시나리오 생성 중...
2026-01-30 04:47:38,751 - INFO -   시나리오 생성 완료 (39.2초, API 호출: 38회)
2026-01-30 04:47:38,751 - INFO -   시뮬레이션 실행 중...
2026-01-30 04:47:39,474 - INFO -   시뮬레이션 완료 (0.72초)
2026-01-30 04:47:39,474 - INFO - 좌표 638.0 완료 (635/1000, 63.5%)
2026-01-30 04:47:39,475 - INFO - [639/1000] 좌표 639.0 처리 시작: (36.360820, 127.432872), snap_distance_m=15.9
2026-01-30 04:47:39,475 - INFO -   시나리오 생성 중...
2026-01-30 04:48:19,629 - INFO -   시나리오 생성 완료 (40.15초, API 호출: 39회)
2026-01-30 04:48:19,629 - INFO -   시뮬레이션 실행 중...
2026-01-30 04:48:20,325 - INFO -   시뮬레이션 완료 (0.7초)
2026-01-30 04:48:20,325 - INFO - 좌표 639.0 완료 (636/1000, 63.6%)
2026-01-30 04:48:20,325 - INFO - [640/1000] 좌표 640.0 처리 시작: (36.345197, 127.333480), snap_distance_m=81.7
2026-01-30 04:48:20,325 - INFO -   시나리오 생성 중...
2026-01-30 04:48:58,301 - INFO -   시나리오 생성 완료 (37.98초, API 호출: 36회)
2026-01-30 04:48:58,301 - INFO -   시뮬레이션 실행 중...
2026-01-30 04:48:58,968 - INFO -   시뮬레이션 완료 (0.67초)
2026-01-30 04:48:58,968 - INFO - 좌표 640.0 완료 (637/1000, 63.7%)
2026-01-30 04:48:58,968 - INFO - [641/1000] 좌표 641.0 처리 시작: (36.245559, 127.318280), snap_distance_m=90.2
2026-01-30 04:48:58,968 - INFO -   시나리오 생성 중...
2026-01-30 04:49:35,211 - INFO -   시나리오 생성 완료 (36.24초, API 호출: 35회)
2026-01-30 04:49:35,211 - INFO -   시뮬레이션 실행 중...
2026-01-30 04:49:35,903 - INFO -   시뮬레이션 완료 (0.69초)
2026-01-30 04:49:35,903 - INFO - 좌표 641.0 완료 (638/1000, 63.8%)
2026-01-30 04:49:35,903 - INFO - [642/1000] 좌표 642.0 처리 시작: (36.310753, 127.366653), snap_distance_m=40.9
2026-01-30 04:49:35,903 - INFO -   시나리오 생성 중...
2026-01-30 04:50:12,006 - INFO -   시나리오 생성 완료 (36.1초, API 호출: 35회)
2026-01-30 04:50:12,006 - INFO -   시뮬레이션 실행 중...
2026-01-30 04:50:12,704 - INFO -   시뮬레이션 완료 (0.7초)
2026-01-30 04:50:12,704 - INFO - 좌표 642.0 완료 (639/1000, 63.9%)
2026-01-30 04:50:12,704 - INFO - [643/1000] 좌표 643.0 처리 시작: (36.319902, 127.295124), snap_distance_m=179.6
2026-01-30 04:50:12,704 - INFO -   시나리오 생성 중...
2026-01-30 04:51:01,286 - INFO -   시나리오 생성 완료 (48.58초, API 호출: 36회)
2026-01-30 04:51:01,286 - INFO -   시뮬레이션 실행 중...
2026-01-30 04:51:01,985 - INFO -   시뮬레이션 완료 (0.7초)
2026-01-30 04:51:01,985 - INFO - 좌표 643.0 완료 (640/1000, 64.0%)
2026-01-30 04:51:01,985 - INFO - [644/1000] 좌표 644.0 처리 시작: (36.403000, 127.404445), snap_distance_m=14.5
2026-01-30 04:51:01,985 - INFO -   시나리오 생성 중...
2026-01-30 04:51:42,151 - INFO -   시나리오 생성 완료 (40.17초, API 호출: 39회)
2026-01-30 04:51:42,151 - INFO -   시뮬레이션 실행 중...
2026-01-30 04:51:42,829 - INFO -   시뮬레이션 완료 (0.68초)
2026-01-30 04:51:42,829 - INFO - 좌표 644.0 완료 (641/1000, 64.1%)
2026-01-30 04:51:42,829 - INFO - [645/1000] 좌표 645.0 처리 시작: (36.462773, 127.471962), snap_distance_m=73.1
2026-01-30 04:51:42,829 - INFO -   시나리오 생성 중...
2026-01-30 04:52:23,059 - INFO -   시나리오 생성 완료 (40.23초, API 호출: 39회)
2026-01-30 04:52:23,059 - INFO -   시뮬레이션 실행 중...
2026-01-30 04:52:23,755 - INFO -   시뮬레이션 완료 (0.7초)
2026-01-30 04:52:23,755 - INFO - 좌표 645.0 완료 (642/1000, 64.2%)
2026-01-30 04:52:23,755 - INFO - [646/1000] 좌표 646.0 처리 시작: (36.272637, 127.275701), snap_distance_m=37.5
2026-01-30 04:52:23,755 - INFO -   시나리오 생성 중...
2026-01-30 04:53:00,920 - INFO -   시나리오 생성 완료 (37.16초, API 호출: 36회)
2026-01-30 04:53:00,920 - INFO -   시뮬레이션 실행 중...
2026-01-30 04:53:01,595 - INFO -   시뮬레이션 완료 (0.68초)
2026-01-30 04:53:01,595 - INFO - 좌표 646.0 완료 (643/1000, 64.3%)
2026-01-30 04:53:01,595 - INFO - [647/1000] 좌표 647.0 처리 시작: (36.430514, 127.386269), snap_distance_m=23.7
2026-01-30 04:53:01,595 - INFO -   시나리오 생성 중...
2026-01-30 04:53:39,764 - INFO -   시나리오 생성 완료 (38.17초, API 호출: 37회)
2026-01-30 04:53:39,764 - INFO -   시뮬레이션 실행 중...
2026-01-30 04:53:40,460 - INFO -   시뮬레이션 완료 (0.7초)
2026-01-30 04:53:40,460 - INFO - 좌표 647.0 완료 (644/1000, 64.4%)
2026-01-30 04:53:40,460 - INFO - [648/1000] 좌표 648.0 처리 시작: (36.413579, 127.316216), snap_distance_m=242.6
2026-01-30 04:53:40,460 - INFO -   시나리오 생성 중...
2026-01-30 04:54:18,598 - INFO -   시나리오 생성 완료 (38.14초, API 호출: 37회)
2026-01-30 04:54:18,598 - INFO -   시뮬레이션 실행 중...
2026-01-30 04:54:19,293 - INFO -   시뮬레이션 완료 (0.7초)
2026-01-30 04:54:19,293 - INFO - 좌표 648.0 완료 (645/1000, 64.5%)
2026-01-30 04:54:19,293 - INFO - [649/1000] 좌표 649.0 처리 시작: (36.373990, 127.510369), snap_distance_m=25.3
2026-01-30 04:54:19,293 - INFO -   시나리오 생성 중...
2026-01-30 04:54:58,474 - INFO -   시나리오 생성 완료 (39.18초, API 호출: 38회)
2026-01-30 04:54:58,474 - INFO -   시뮬레이션 실행 중...
2026-01-30 04:54:59,165 - INFO -   시뮬레이션 완료 (0.69초)
2026-01-30 04:54:59,165 - INFO - 좌표 649.0 완료 (646/1000, 64.6%)
2026-01-30 04:54:59,165 - INFO - [650/1000] 좌표 650.0 처리 시작: (36.320365, 127.364435), snap_distance_m=168.7
2026-01-30 04:54:59,165 - INFO -   시나리오 생성 중...
2026-01-30 04:55:36,332 - INFO -   시나리오 생성 완료 (37.17초, API 호출: 36회)
2026-01-30 04:55:36,332 - INFO -   시뮬레이션 실행 중...
2026-01-30 04:55:37,040 - INFO -   시뮬레이션 완료 (0.71초)
2026-01-30 04:55:37,040 - INFO - 좌표 650.0 완료 (647/1000, 64.7%)
2026-01-30 04:55:37,040 - INFO - [651/1000] 좌표 651.0 처리 시작: (36.465890, 127.396526), snap_distance_m=13.9
2026-01-30 04:55:37,040 - INFO -   시나리오 생성 중...
2026-01-30 04:56:16,588 - INFO -   시나리오 생성 완료 (39.55초, API 호출: 38회)
2026-01-30 04:56:16,588 - INFO -   시뮬레이션 실행 중...
2026-01-30 04:56:17,288 - INFO -   시뮬레이션 완료 (0.7초)
2026-01-30 04:56:17,288 - INFO - 좌표 651.0 완료 (648/1000, 64.8%)
2026-01-30 04:56:17,288 - INFO - [652/1000] 좌표 652.0 처리 시작: (36.282737, 127.421586), snap_distance_m=94.3
2026-01-30 04:56:17,288 - INFO -   시나리오 생성 중...
2026-01-30 04:56:54,405 - INFO -   시나리오 생성 완료 (37.12초, API 호출: 36회)
2026-01-30 04:56:54,405 - INFO -   시뮬레이션 실행 중...
2026-01-30 04:56:55,083 - INFO -   시뮬레이션 완료 (0.68초)
2026-01-30 04:56:55,083 - INFO - 좌표 652.0 완료 (649/1000, 64.9%)
2026-01-30 04:56:55,083 - INFO - [653/1000] 좌표 653.0 처리 시작: (36.381035, 127.399953), snap_distance_m=78.9
2026-01-30 04:56:55,083 - INFO -   시나리오 생성 중...
2026-01-30 04:57:34,266 - INFO -   시나리오 생성 완료 (39.18초, API 호출: 38회)
2026-01-30 04:57:34,266 - INFO -   시뮬레이션 실행 중...
2026-01-30 04:57:34,965 - INFO -   시뮬레이션 완료 (0.7초)
2026-01-30 04:57:34,965 - INFO - 좌표 653.0 완료 (650/1000, 65.0%)
2026-01-30 04:57:34,965 - INFO - [654/1000] 좌표 654.0 처리 시작: (36.228742, 127.455351), snap_distance_m=2.3
2026-01-30 04:57:34,965 - INFO -   시나리오 생성 중...
2026-01-30 04:58:12,111 - INFO -   시나리오 생성 완료 (37.15초, API 호출: 36회)
2026-01-30 04:58:12,111 - INFO -   시뮬레이션 실행 중...
2026-01-30 04:58:12,804 - INFO -   시뮬레이션 완료 (0.69초)
2026-01-30 04:58:12,804 - INFO - 좌표 654.0 완료 (651/1000, 65.1%)
2026-01-30 04:58:12,804 - INFO - [655/1000] 좌표 655.0 처리 시작: (36.349966, 127.308221), snap_distance_m=242.8
2026-01-30 04:58:12,804 - INFO -   시나리오 생성 중...
2026-01-30 04:58:50,942 - INFO -   시나리오 생성 완료 (38.14초, API 호출: 37회)
2026-01-30 04:58:50,942 - INFO -   시뮬레이션 실행 중...
2026-01-30 04:58:51,628 - INFO -   시뮬레이션 완료 (0.69초)
2026-01-30 04:58:51,628 - INFO - 좌표 655.0 완료 (652/1000, 65.2%)
2026-01-30 04:58:51,628 - INFO - [656/1000] 좌표 656.0 처리 시작: (36.426100, 127.391962), snap_distance_m=4.5
2026-01-30 04:58:51,628 - INFO -   시나리오 생성 중...
2026-01-30 04:59:30,097 - INFO -   시나리오 생성 완료 (38.47초, API 호출: 37회)
2026-01-30 04:59:30,097 - INFO -   시뮬레이션 실행 중...
2026-01-30 04:59:30,787 - INFO -   시뮬레이션 완료 (0.69초)
2026-01-30 04:59:30,787 - INFO - 좌표 656.0 완료 (653/1000, 65.3%)
2026-01-30 04:59:30,787 - INFO - [657/1000] 좌표 657.0 처리 시작: (36.270614, 127.388718), snap_distance_m=128.6
2026-01-30 04:59:30,787 - INFO -   시나리오 생성 중...
2026-01-30 05:00:06,918 - INFO -   시나리오 생성 완료 (36.13초, API 호출: 35회)
2026-01-30 05:00:06,918 - INFO -   시뮬레이션 실행 중...
2026-01-30 05:00:07,617 - INFO -   시뮬레이션 완료 (0.7초)
2026-01-30 05:00:07,617 - INFO - 좌표 657.0 완료 (654/1000, 65.4%)
2026-01-30 05:00:07,617 - INFO - [658/1000] 좌표 658.0 처리 시작: (36.407379, 127.402515), snap_distance_m=1.8
2026-01-30 05:00:07,617 - INFO -   시나리오 생성 중...
2026-01-30 05:00:47,942 - INFO -   시나리오 생성 완료 (40.32초, API 호출: 39회)
2026-01-30 05:00:47,942 - INFO -   시뮬레이션 실행 중...
2026-01-30 05:00:48,643 - INFO -   시뮬레이션 완료 (0.7초)
2026-01-30 05:00:48,643 - INFO - 좌표 658.0 완료 (655/1000, 65.5%)
2026-01-30 05:00:48,643 - INFO - [659/1000] 좌표 659.0 처리 시작: (36.222951, 127.429905), snap_distance_m=49.8
2026-01-30 05:00:48,643 - INFO -   시나리오 생성 중...
2026-01-30 05:01:25,830 - INFO -   시나리오 생성 완료 (37.19초, API 호출: 36회)
2026-01-30 05:01:25,830 - INFO -   시뮬레이션 실행 중...
2026-01-30 05:01:26,545 - INFO -   시뮬레이션 완료 (0.71초)
2026-01-30 05:01:26,545 - INFO - 좌표 659.0 완료 (656/1000, 65.6%)
2026-01-30 05:01:26,545 - INFO - [660/1000] 좌표 660.0 처리 시작: (36.322739, 127.395884), snap_distance_m=17.5
2026-01-30 05:01:26,545 - INFO -   시나리오 생성 중...
2026-01-30 05:02:04,353 - INFO -   시나리오 생성 완료 (37.81초, API 호출: 36회)
2026-01-30 05:02:04,353 - INFO -   시뮬레이션 실행 중...
2026-01-30 05:02:05,111 - INFO -   시뮬레이션 완료 (0.76초)
2026-01-30 05:02:05,111 - INFO - 좌표 660.0 완료 (657/1000, 65.7%)
2026-01-30 05:02:05,111 - INFO - [661/1000] 좌표 661.0 처리 시작: (36.230784, 127.448975), snap_distance_m=72.9
2026-01-30 05:02:05,111 - INFO -   시나리오 생성 중...
2026-01-30 05:02:42,344 - INFO -   시나리오 생성 완료 (37.23초, API 호출: 36회)
2026-01-30 05:02:42,344 - INFO -   시뮬레이션 실행 중...
2026-01-30 05:02:43,037 - INFO -   시뮬레이션 완료 (0.69초)
2026-01-30 05:02:43,037 - INFO - 좌표 661.0 완료 (658/1000, 65.8%)
2026-01-30 05:02:43,037 - INFO - [662/1000] 좌표 662.0 처리 시작: (36.434164, 127.368617), snap_distance_m=17.6
2026-01-30 05:02:43,037 - INFO -   시나리오 생성 중...
2026-01-30 05:03:21,229 - INFO -   시나리오 생성 완료 (38.19초, API 호출: 37회)
2026-01-30 05:03:21,229 - INFO -   시뮬레이션 실행 중...
2026-01-30 05:03:22,001 - INFO -   시뮬레이션 완료 (0.77초)
2026-01-30 05:03:22,001 - INFO - 좌표 662.0 완료 (659/1000, 65.9%)
2026-01-30 05:03:22,001 - INFO - [663/1000] 좌표 663.0 처리 시작: (36.311022, 127.461693), snap_distance_m=46.0
2026-01-30 05:03:22,001 - INFO -   시나리오 생성 중...
2026-01-30 05:03:59,127 - INFO -   시나리오 생성 완료 (37.13초, API 호출: 36회)
2026-01-30 05:03:59,127 - INFO -   시뮬레이션 실행 중...
2026-01-30 05:03:59,875 - INFO -   시뮬레이션 완료 (0.75초)
2026-01-30 05:03:59,875 - INFO - 좌표 663.0 완료 (660/1000, 66.0%)
2026-01-30 05:03:59,875 - INFO - [664/1000] 좌표 664.0 처리 시작: (36.276027, 127.365377), snap_distance_m=92.7
2026-01-30 05:03:59,875 - INFO -   시나리오 생성 중...
2026-01-30 05:04:36,020 - INFO -   시나리오 생성 완료 (36.15초, API 호출: 35회)
2026-01-30 05:04:36,020 - INFO -   시뮬레이션 실행 중...
2026-01-30 05:04:36,733 - INFO -   시뮬레이션 완료 (0.71초)
2026-01-30 05:04:36,733 - INFO - 좌표 664.0 완료 (661/1000, 66.1%)
2026-01-30 05:04:36,733 - INFO - [665/1000] 좌표 665.0 처리 시작: (36.371109, 127.451633), snap_distance_m=14.0
2026-01-30 05:04:36,733 - INFO -   시나리오 생성 중...
2026-01-30 05:05:16,899 - INFO -   시나리오 생성 완료 (40.17초, API 호출: 39회)
2026-01-30 05:05:16,899 - INFO -   시뮬레이션 실행 중...
2026-01-30 05:05:17,615 - INFO -   시뮬레이션 완료 (0.72초)
2026-01-30 05:05:17,615 - INFO - 좌표 665.0 완료 (662/1000, 66.2%)
2026-01-30 05:05:17,615 - INFO - [666/1000] 좌표 666.0 처리 시작: (36.442755, 127.342445), snap_distance_m=238.7
2026-01-30 05:05:17,615 - INFO -   시나리오 생성 중...
2026-01-30 05:05:55,808 - INFO -   시나리오 생성 완료 (38.19초, API 호출: 37회)
2026-01-30 05:05:55,808 - INFO -   시뮬레이션 실행 중...
2026-01-30 05:05:56,506 - INFO -   시뮬레이션 완료 (0.7초)
2026-01-30 05:05:56,506 - INFO - 좌표 666.0 완료 (663/1000, 66.3%)
2026-01-30 05:05:56,506 - INFO - [667/1000] 좌표 667.0 처리 시작: (36.417292, 127.313361), snap_distance_m=62.5
2026-01-30 05:05:56,506 - INFO -   시나리오 생성 중...
2026-01-30 05:06:35,297 - INFO -   시나리오 생성 완료 (38.79초, API 호출: 37회)
2026-01-30 05:06:35,297 - INFO -   시뮬레이션 실행 중...
2026-01-30 05:06:36,179 - INFO -   시뮬레이션 완료 (0.88초)
2026-01-30 05:06:36,179 - INFO - 좌표 667.0 완료 (664/1000, 66.4%)
2026-01-30 05:06:36,179 - INFO - [668/1000] 좌표 668.0 처리 시작: (36.312226, 127.426948), snap_distance_m=76.5
2026-01-30 05:06:36,179 - INFO -   시나리오 생성 중...
2026-01-30 05:07:12,308 - INFO -   시나리오 생성 완료 (36.13초, API 호출: 35회)
2026-01-30 05:07:12,308 - INFO -   시뮬레이션 실행 중...
2026-01-30 05:07:12,967 - INFO -   시뮬레이션 완료 (0.66초)
2026-01-30 05:07:12,967 - INFO - 좌표 668.0 완료 (665/1000, 66.5%)
2026-01-30 05:07:12,982 - INFO - [669/1000] 좌표 669.0 처리 시작: (36.337724, 127.338538), snap_distance_m=2.5
2026-01-30 05:07:12,982 - INFO -   시나리오 생성 중...
2026-01-30 05:07:50,124 - INFO -   시나리오 생성 완료 (37.14초, API 호출: 36회)
2026-01-30 05:07:50,124 - INFO -   시뮬레이션 실행 중...
2026-01-30 05:07:50,798 - INFO -   시뮬레이션 완료 (0.67초)
2026-01-30 05:07:50,798 - INFO - 좌표 669.0 완료 (666/1000, 66.6%)
2026-01-30 05:07:50,798 - INFO - [670/1000] 좌표 670.0 처리 시작: (36.391626, 127.315219), snap_distance_m=194.0
2026-01-30 05:07:50,798 - INFO -   시나리오 생성 중...
2026-01-30 05:08:29,934 - INFO -   시나리오 생성 완료 (39.14초, API 호출: 38회)
2026-01-30 05:08:29,934 - INFO -   시뮬레이션 실행 중...
2026-01-30 05:08:30,621 - INFO -   시뮬레이션 완료 (0.69초)
2026-01-30 05:08:30,621 - INFO - 좌표 670.0 완료 (667/1000, 66.7%)
2026-01-30 05:08:30,621 - INFO - [671/1000] 좌표 671.0 처리 시작: (36.410932, 127.296433), snap_distance_m=21.3
2026-01-30 05:08:30,621 - INFO -   시나리오 생성 중...
2026-01-30 05:09:10,361 - INFO -   시나리오 생성 완료 (39.74초, API 호출: 37회)
2026-01-30 05:09:10,361 - INFO -   시뮬레이션 실행 중...
2026-01-30 05:09:11,030 - INFO -   시뮬레이션 완료 (0.67초)
2026-01-30 05:09:11,030 - INFO - 좌표 671.0 완료 (668/1000, 66.8%)
2026-01-30 05:09:11,030 - INFO - [672/1000] 좌표 672.0 처리 시작: (36.390816, 127.393629), snap_distance_m=1.5
2026-01-30 05:09:11,030 - INFO -   시나리오 생성 중...
2026-01-30 05:09:50,157 - INFO -   시나리오 생성 완료 (39.13초, API 호출: 38회)
2026-01-30 05:09:50,157 - INFO -   시뮬레이션 실행 중...
2026-01-30 05:09:50,858 - INFO -   시뮬레이션 완료 (0.7초)
2026-01-30 05:09:50,858 - INFO - 좌표 672.0 완료 (669/1000, 66.9%)
2026-01-30 05:09:50,858 - INFO - [673/1000] 좌표 673.0 처리 시작: (36.422079, 127.461080), snap_distance_m=249.1
2026-01-30 05:09:50,858 - INFO -   시나리오 생성 중...
2026-01-30 05:10:29,979 - INFO -   시나리오 생성 완료 (39.12초, API 호출: 38회)
2026-01-30 05:10:29,979 - INFO -   시뮬레이션 실행 중...
2026-01-30 05:10:30,645 - INFO -   시뮬레이션 완료 (0.67초)
2026-01-30 05:10:30,645 - INFO - 좌표 673.0 완료 (670/1000, 67.0%)
2026-01-30 05:10:30,645 - INFO - [674/1000] 좌표 674.0 처리 시작: (36.321093, 127.369241), snap_distance_m=24.3
2026-01-30 05:10:30,645 - INFO -   시나리오 생성 중...
2026-01-30 05:11:11,336 - INFO -   시나리오 생성 완료 (40.69초, API 호출: 36회)
2026-01-30 05:11:11,336 - INFO -   시뮬레이션 실행 중...
2026-01-30 05:11:12,002 - INFO -   시뮬레이션 완료 (0.67초)
2026-01-30 05:11:12,002 - INFO - 좌표 674.0 완료 (671/1000, 67.1%)
2026-01-30 05:11:12,002 - INFO - [675/1000] 좌표 675.0 처리 시작: (36.250081, 127.431826), snap_distance_m=236.7
2026-01-30 05:11:12,002 - INFO -   시나리오 생성 중...
2026-01-30 05:11:49,135 - INFO -   시나리오 생성 완료 (37.13초, API 호출: 36회)
2026-01-30 05:11:49,135 - INFO -   시뮬레이션 실행 중...
2026-01-30 05:11:49,825 - INFO -   시뮬레이션 완료 (0.69초)
2026-01-30 05:11:49,825 - INFO - 좌표 675.0 완료 (672/1000, 67.2%)
2026-01-30 05:11:49,825 - INFO - [676/1000] 좌표 676.0 처리 시작: (36.349092, 127.330954), snap_distance_m=9.7
2026-01-30 05:11:49,825 - INFO -   시나리오 생성 중...
2026-01-30 05:12:26,932 - INFO -   시나리오 생성 완료 (37.11초, API 호출: 36회)
2026-01-30 05:12:26,932 - INFO -   시뮬레이션 실행 중...
2026-01-30 05:12:27,601 - INFO -   시뮬레이션 완료 (0.67초)
2026-01-30 05:12:27,601 - INFO - 좌표 676.0 완료 (673/1000, 67.3%)
2026-01-30 05:12:27,601 - INFO - [677/1000] 좌표 677.0 처리 시작: (36.274937, 127.400414), snap_distance_m=15.1
2026-01-30 05:12:27,601 - INFO -   시나리오 생성 중...
2026-01-30 05:13:04,043 - INFO -   시나리오 생성 완료 (36.44초, API 호출: 35회)
2026-01-30 05:13:04,043 - INFO -   시뮬레이션 실행 중...
2026-01-30 05:13:04,824 - INFO -   시뮬레이션 완료 (0.78초)
2026-01-30 05:13:04,824 - INFO - 좌표 677.0 완료 (674/1000, 67.4%)
2026-01-30 05:13:04,824 - INFO - [678/1000] 좌표 678.0 처리 시작: (36.210840, 127.336503), snap_distance_m=149.3
2026-01-30 05:13:04,824 - INFO -   시나리오 생성 중...
2026-01-30 05:13:40,964 - INFO -   시나리오 생성 완료 (36.14초, API 호출: 35회)
2026-01-30 05:13:40,964 - INFO -   시뮬레이션 실행 중...
2026-01-30 05:13:41,628 - INFO -   시뮬레이션 완료 (0.66초)
2026-01-30 05:13:41,628 - INFO - 좌표 678.0 완료 (675/1000, 67.5%)
2026-01-30 05:13:41,628 - INFO - [679/1000] 좌표 679.0 처리 시작: (36.362767, 127.467229), snap_distance_m=205.9
2026-01-30 05:13:41,628 - INFO -   시나리오 생성 중...
2026-01-30 05:14:19,738 - INFO -   시나리오 생성 완료 (38.11초, API 호출: 37회)
2026-01-30 05:14:19,738 - INFO -   시뮬레이션 실행 중...
2026-01-30 05:14:20,423 - INFO -   시뮬레이션 완료 (0.69초)
2026-01-30 05:14:20,423 - INFO - 좌표 679.0 완료 (676/1000, 67.6%)
2026-01-30 05:14:20,423 - INFO - [680/1000] 좌표 680.0 처리 시작: (36.291537, 127.444110), snap_distance_m=5.8
2026-01-30 05:14:20,423 - INFO -   시나리오 생성 중...
2026-01-30 05:14:57,386 - INFO -   시나리오 생성 완료 (36.96초, API 호출: 35회)
2026-01-30 05:14:57,386 - INFO -   시뮬레이션 실행 중...
2026-01-30 05:14:58,065 - INFO -   시뮬레이션 완료 (0.68초)
2026-01-30 05:14:58,065 - INFO - 좌표 680.0 완료 (677/1000, 67.7%)
2026-01-30 05:14:58,065 - INFO - [681/1000] 좌표 681.0 처리 시작: (36.220859, 127.446143), snap_distance_m=35.2
2026-01-30 05:14:58,065 - INFO -   시나리오 생성 중...
2026-01-30 05:15:36,213 - INFO -   시나리오 생성 완료 (38.15초, API 호출: 36회)
2026-01-30 05:15:36,213 - INFO -   시뮬레이션 실행 중...
2026-01-30 05:15:36,915 - INFO -   시뮬레이션 완료 (0.7초)
2026-01-30 05:15:36,915 - INFO - 좌표 681.0 완료 (678/1000, 67.8%)
2026-01-30 05:15:36,915 - INFO - [682/1000] 좌표 682.0 처리 시작: (36.298202, 127.349210), snap_distance_m=9.7
2026-01-30 05:15:36,915 - INFO -   시나리오 생성 중...
2026-01-30 05:16:14,055 - INFO -   시나리오 생성 완료 (37.14초, API 호출: 36회)
2026-01-30 05:16:14,055 - INFO -   시뮬레이션 실행 중...
2026-01-30 05:16:14,736 - INFO -   시뮬레이션 완료 (0.68초)
2026-01-30 05:16:14,736 - INFO - 좌표 682.0 완료 (679/1000, 67.9%)
2026-01-30 05:16:14,736 - INFO - [683/1000] 좌표 683.0 처리 시작: (36.302544, 127.376250), snap_distance_m=11.1
2026-01-30 05:16:14,736 - INFO -   시나리오 생성 중...
2026-01-30 05:16:50,821 - INFO -   시나리오 생성 완료 (36.08초, API 호출: 35회)
2026-01-30 05:16:50,821 - INFO -   시뮬레이션 실행 중...
2026-01-30 05:16:51,509 - INFO -   시뮬레이션 완료 (0.69초)
2026-01-30 05:16:51,509 - INFO - 좌표 683.0 완료 (680/1000, 68.0%)
2026-01-30 05:16:51,509 - INFO - [684/1000] 좌표 684.0 처리 시작: (36.328491, 127.323257), snap_distance_m=97.8
2026-01-30 05:16:51,509 - INFO -   시나리오 생성 중...
2026-01-30 05:17:28,627 - INFO -   시나리오 생성 완료 (37.12초, API 호출: 36회)
2026-01-30 05:17:28,627 - INFO -   시뮬레이션 실행 중...
2026-01-30 05:17:29,296 - INFO -   시뮬레이션 완료 (0.67초)
2026-01-30 05:17:29,296 - INFO - 좌표 684.0 완료 (681/1000, 68.1%)
2026-01-30 05:17:29,296 - INFO - [685/1000] 좌표 685.0 처리 시작: (36.416011, 127.315693), snap_distance_m=156.4
2026-01-30 05:17:29,296 - INFO -   시나리오 생성 중...
2026-01-30 05:18:07,473 - INFO -   시나리오 생성 완료 (38.18초, API 호출: 37회)
2026-01-30 05:18:07,473 - INFO -   시뮬레이션 실행 중...
2026-01-30 05:18:08,155 - INFO -   시뮬레이션 완료 (0.68초)
2026-01-30 05:18:08,155 - INFO - 좌표 685.0 완료 (682/1000, 68.2%)
2026-01-30 05:18:08,155 - INFO - [686/1000] 좌표 686.0 처리 시작: (36.293131, 127.459452), snap_distance_m=38.2
2026-01-30 05:18:08,155 - INFO -   시나리오 생성 중...
2026-01-30 05:18:46,168 - INFO -   시나리오 생성 완료 (38.01초, API 호출: 36회)
2026-01-30 05:18:46,168 - INFO -   시뮬레이션 실행 중...
2026-01-30 05:18:46,862 - INFO -   시뮬레이션 완료 (0.69초)
2026-01-30 05:18:46,862 - INFO - 좌표 686.0 완료 (683/1000, 68.3%)
2026-01-30 05:18:46,862 - INFO - [687/1000] 좌표 687.0 처리 시작: (36.337672, 127.482376), snap_distance_m=151.5
2026-01-30 05:18:46,862 - INFO -   시나리오 생성 중...
2026-01-30 05:19:24,989 - INFO -   시나리오 생성 완료 (38.13초, API 호출: 37회)
2026-01-30 05:19:24,989 - INFO -   시뮬레이션 실행 중...
2026-01-30 05:19:25,657 - INFO -   시뮬레이션 완료 (0.67초)
2026-01-30 05:19:25,657 - INFO - 좌표 687.0 완료 (684/1000, 68.4%)
2026-01-30 05:19:25,673 - INFO - [688/1000] 좌표 688.0 처리 시작: (36.395232, 127.352332), snap_distance_m=3.6
2026-01-30 05:19:25,673 - INFO -   시나리오 생성 중...
2026-01-30 05:20:05,688 - INFO -   시나리오 생성 완료 (40.02초, API 호출: 38회)
2026-01-30 05:20:05,688 - INFO -   시뮬레이션 실행 중...
2026-01-30 05:20:06,370 - INFO -   시뮬레이션 완료 (0.68초)
2026-01-30 05:20:06,370 - INFO - 좌표 688.0 완료 (685/1000, 68.5%)
2026-01-30 05:20:06,370 - INFO - [689/1000] 좌표 689.0 처리 시작: (36.220390, 127.436493), snap_distance_m=165.9
2026-01-30 05:20:06,370 - INFO -   시나리오 생성 중...
2026-01-30 05:20:43,551 - INFO -   시나리오 생성 완료 (37.16초, API 호출: 36회)
2026-01-30 05:20:43,551 - INFO -   시뮬레이션 실행 중...
2026-01-30 05:20:44,240 - INFO -   시뮬레이션 완료 (0.69초)
2026-01-30 05:20:44,240 - INFO - 좌표 689.0 완료 (686/1000, 68.6%)
2026-01-30 05:20:44,240 - INFO - [690/1000] 좌표 690.0 처리 시작: (36.371909, 127.475526), snap_distance_m=11.4
2026-01-30 05:20:44,240 - INFO -   시나리오 생성 중...
2026-01-30 05:21:22,377 - INFO -   시나리오 생성 완료 (38.14초, API 호출: 37회)
2026-01-30 05:21:22,377 - INFO -   시뮬레이션 실행 중...
2026-01-30 05:21:23,044 - INFO -   시뮬레이션 완료 (0.67초)
2026-01-30 05:21:23,044 - INFO - 좌표 690.0 완료 (687/1000, 68.7%)
2026-01-30 05:21:23,044 - INFO - [691/1000] 좌표 691.0 처리 시작: (36.370665, 127.474862), snap_distance_m=37.9
2026-01-30 05:21:23,044 - INFO -   시나리오 생성 중...
2026-01-30 05:22:01,915 - INFO -   시나리오 생성 완료 (38.87초, API 호출: 37회)
2026-01-30 05:22:01,915 - INFO -   시뮬레이션 실행 중...
2026-01-30 05:22:02,609 - INFO -   시뮬레이션 완료 (0.69초)
2026-01-30 05:22:02,609 - INFO - 좌표 691.0 완료 (688/1000, 68.8%)
2026-01-30 05:22:02,609 - INFO - [692/1000] 좌표 692.0 처리 시작: (36.438568, 127.407349), snap_distance_m=37.8
2026-01-30 05:22:02,609 - INFO -   시나리오 생성 중...
2026-01-30 05:22:40,740 - INFO -   시나리오 생성 완료 (38.13초, API 호출: 37회)
2026-01-30 05:22:40,740 - INFO -   시뮬레이션 실행 중...
2026-01-30 05:22:41,426 - INFO -   시뮬레이션 완료 (0.69초)
2026-01-30 05:22:41,426 - INFO - 좌표 692.0 완료 (689/1000, 68.9%)
2026-01-30 05:22:41,426 - INFO - [693/1000] 좌표 693.0 처리 시작: (36.352898, 127.427906), snap_distance_m=10.9
2026-01-30 05:22:41,442 - INFO -   시나리오 생성 중...
2026-01-30 05:23:21,579 - INFO -   시나리오 생성 완료 (40.14초, API 호출: 39회)
2026-01-30 05:23:21,579 - INFO -   시뮬레이션 실행 중...
2026-01-30 05:23:22,274 - INFO -   시뮬레이션 완료 (0.7초)
2026-01-30 05:23:22,274 - INFO - 좌표 693.0 완료 (690/1000, 69.0%)
2026-01-30 05:23:22,274 - INFO - [694/1000] 좌표 694.0 처리 시작: (36.332384, 127.319644), snap_distance_m=92.2
2026-01-30 05:23:22,274 - INFO -   시나리오 생성 중...
2026-01-30 05:23:59,409 - INFO -   시나리오 생성 완료 (37.13초, API 호출: 36회)
2026-01-30 05:23:59,409 - INFO -   시뮬레이션 실행 중...
2026-01-30 05:24:00,090 - INFO -   시뮬레이션 완료 (0.68초)
2026-01-30 05:24:00,090 - INFO - 좌표 694.0 완료 (691/1000, 69.1%)
2026-01-30 05:24:00,090 - INFO - [695/1000] 좌표 695.0 처리 시작: (36.375072, 127.359356), snap_distance_m=38.4
2026-01-30 05:24:00,090 - INFO -   시나리오 생성 중...
2026-01-30 05:24:39,260 - INFO -   시나리오 생성 완료 (39.17초, API 호출: 38회)
2026-01-30 05:24:39,260 - INFO -   시뮬레이션 실행 중...
2026-01-30 05:24:39,940 - INFO -   시뮬레이션 완료 (0.68초)
2026-01-30 05:24:39,940 - INFO - 좌표 695.0 완료 (692/1000, 69.2%)
2026-01-30 05:24:39,940 - INFO - [696/1000] 좌표 696.0 처리 시작: (36.391256, 127.321477), snap_distance_m=114.9
2026-01-30 05:24:39,940 - INFO -   시나리오 생성 중...
2026-01-30 05:25:19,151 - INFO -   시나리오 생성 완료 (39.21초, API 호출: 38회)
2026-01-30 05:25:19,151 - INFO -   시뮬레이션 실행 중...
2026-01-30 05:25:19,845 - INFO -   시뮬레이션 완료 (0.69초)
2026-01-30 05:25:19,845 - INFO - 좌표 696.0 완료 (693/1000, 69.3%)
2026-01-30 05:25:19,845 - INFO - [697/1000] 좌표 697.0 처리 시작: (36.314974, 127.465590), snap_distance_m=3.4
2026-01-30 05:25:19,845 - INFO -   시나리오 생성 중...
2026-01-30 05:25:56,953 - INFO -   시나리오 생성 완료 (37.11초, API 호출: 36회)
2026-01-30 05:25:56,953 - INFO -   시뮬레이션 실행 중...
2026-01-30 05:25:57,632 - INFO -   시뮬레이션 완료 (0.68초)
2026-01-30 05:25:57,632 - INFO - 좌표 697.0 완료 (694/1000, 69.4%)
2026-01-30 05:25:57,632 - INFO - [698/1000] 좌표 698.0 처리 시작: (36.286690, 127.406489), snap_distance_m=3.7
2026-01-30 05:25:57,632 - INFO -   시나리오 생성 중...
2026-01-30 05:26:33,802 - INFO -   시나리오 생성 완료 (36.17초, API 호출: 35회)
2026-01-30 05:26:33,802 - INFO -   시뮬레이션 실행 중...
2026-01-30 05:26:34,505 - INFO -   시뮬레이션 완료 (0.7초)
2026-01-30 05:26:34,505 - INFO - 좌표 698.0 완료 (695/1000, 69.5%)
2026-01-30 05:26:34,505 - INFO - [699/1000] 좌표 699.0 처리 시작: (36.281094, 127.443952), snap_distance_m=51.0
2026-01-30 05:26:34,505 - INFO -   시나리오 생성 중...
2026-01-30 05:27:10,657 - INFO -   시나리오 생성 완료 (36.15초, API 호출: 35회)
2026-01-30 05:27:10,657 - INFO -   시뮬레이션 실행 중...
2026-01-30 05:27:11,340 - INFO -   시뮬레이션 완료 (0.68초)
2026-01-30 05:27:11,340 - INFO - 좌표 699.0 완료 (696/1000, 69.6%)
2026-01-30 05:27:11,340 - INFO - [700/1000] 좌표 700.0 처리 시작: (36.274373, 127.362713), snap_distance_m=222.1
2026-01-30 05:27:11,340 - INFO -   시나리오 생성 중...
2026-01-30 05:27:47,596 - INFO -   시나리오 생성 완료 (36.26초, API 호출: 35회)
2026-01-30 05:27:47,596 - INFO -   시뮬레이션 실행 중...
2026-01-30 05:27:48,292 - INFO -   시뮬레이션 완료 (0.7초)
2026-01-30 05:27:48,292 - INFO - 좌표 700.0 완료 (697/1000, 69.7%)
2026-01-30 05:27:48,292 - INFO - [701/1000] 좌표 701.0 처리 시작: (36.325193, 127.307065), snap_distance_m=45.5
2026-01-30 05:27:48,292 - INFO -   시나리오 생성 중...
2026-01-30 05:28:25,391 - INFO -   시나리오 생성 완료 (37.1초, API 호출: 36회)
2026-01-30 05:28:25,391 - INFO -   시뮬레이션 실행 중...
2026-01-30 05:28:26,070 - INFO -   시뮬레이션 완료 (0.68초)
2026-01-30 05:28:26,070 - INFO - 좌표 701.0 완료 (698/1000, 69.8%)
2026-01-30 05:28:26,070 - INFO - [702/1000] 좌표 702.0 처리 시작: (36.285415, 127.374788), snap_distance_m=32.3
2026-01-30 05:28:26,070 - INFO -   시나리오 생성 중...
2026-01-30 05:29:02,230 - INFO -   시나리오 생성 완료 (36.16초, API 호출: 35회)
2026-01-30 05:29:02,230 - INFO -   시뮬레이션 실행 중...
2026-01-30 05:29:02,920 - INFO -   시뮬레이션 완료 (0.69초)
2026-01-30 05:29:02,920 - INFO - 좌표 702.0 완료 (699/1000, 69.9%)
2026-01-30 05:29:02,920 - INFO - [703/1000] 좌표 703.0 처리 시작: (36.365593, 127.431015), snap_distance_m=15.4
2026-01-30 05:29:02,920 - INFO -   시나리오 생성 중...
2026-01-30 05:29:42,107 - INFO -   시나리오 생성 완료 (39.19초, API 호출: 38회)
2026-01-30 05:29:42,107 - INFO -   시뮬레이션 실행 중...
2026-01-30 05:29:42,792 - INFO -   시뮬레이션 완료 (0.69초)
2026-01-30 05:29:42,792 - INFO - 좌표 703.0 완료 (700/1000, 70.0%)
2026-01-30 05:29:42,792 - INFO - [704/1000] 좌표 704.0 처리 시작: (36.420054, 127.346343), snap_distance_m=17.4
2026-01-30 05:29:42,792 - INFO -   시나리오 생성 중...
2026-01-30 05:30:20,909 - INFO -   시나리오 생성 완료 (38.12초, API 호출: 37회)
2026-01-30 05:30:20,909 - INFO -   시뮬레이션 실행 중...
2026-01-30 05:30:21,617 - INFO -   시뮬레이션 완료 (0.71초)
2026-01-30 05:30:21,617 - INFO - 좌표 704.0 완료 (701/1000, 70.1%)
2026-01-30 05:30:21,617 - INFO - [705/1000] 좌표 705.0 처리 시작: (36.274650, 127.409134), snap_distance_m=130.3
2026-01-30 05:30:21,617 - INFO -   시나리오 생성 중...
2026-01-30 05:31:02,909 - INFO -   시나리오 생성 완료 (41.29초, API 호출: 36회)
2026-01-30 05:31:02,909 - INFO -   시뮬레이션 실행 중...
2026-01-30 05:31:03,619 - INFO -   시뮬레이션 완료 (0.71초)
2026-01-30 05:31:03,620 - INFO - 좌표 705.0 완료 (702/1000, 70.2%)
2026-01-30 05:31:03,620 - INFO - [706/1000] 좌표 706.0 처리 시작: (36.234938, 127.309611), snap_distance_m=30.3
2026-01-30 05:31:03,620 - INFO -   시나리오 생성 중...
2026-01-30 05:31:41,081 - INFO -   시나리오 생성 완료 (37.46초, API 호출: 35회)
2026-01-30 05:31:41,081 - INFO -   시뮬레이션 실행 중...
2026-01-30 05:31:41,783 - INFO -   시뮬레이션 완료 (0.7초)
2026-01-30 05:31:41,783 - INFO - 좌표 706.0 완료 (703/1000, 70.3%)
2026-01-30 05:31:41,783 - INFO - [707/1000] 좌표 707.0 처리 시작: (36.300242, 127.399769), snap_distance_m=62.3
2026-01-30 05:31:41,783 - INFO -   시나리오 생성 중...
2026-01-30 05:32:17,923 - INFO -   시나리오 생성 완료 (36.14초, API 호출: 35회)
2026-01-30 05:32:17,923 - INFO -   시뮬레이션 실행 중...
2026-01-30 05:32:18,598 - INFO -   시뮬레이션 완료 (0.68초)
2026-01-30 05:32:18,598 - INFO - 좌표 707.0 완료 (704/1000, 70.4%)
2026-01-30 05:32:18,598 - INFO - [708/1000] 좌표 708.0 처리 시작: (36.294707, 127.289993), snap_distance_m=28.9
2026-01-30 05:32:18,598 - INFO -   시나리오 생성 중...
2026-01-30 05:32:55,864 - INFO -   시나리오 생성 완료 (37.27초, API 호출: 36회)
2026-01-30 05:32:55,864 - INFO -   시뮬레이션 실행 중...
2026-01-30 05:32:56,542 - INFO -   시뮬레이션 완료 (0.68초)
2026-01-30 05:32:56,542 - INFO - 좌표 708.0 완료 (705/1000, 70.5%)
2026-01-30 05:32:56,542 - INFO - [709/1000] 좌표 709.0 처리 시작: (36.389485, 127.309894), snap_distance_m=8.4
2026-01-30 05:32:56,542 - INFO -   시나리오 생성 중...
2026-01-30 05:33:36,293 - INFO -   시나리오 생성 완료 (39.75초, API 호출: 38회)
2026-01-30 05:33:36,293 - INFO -   시뮬레이션 실행 중...
2026-01-30 05:33:36,975 - INFO -   시뮬레이션 완료 (0.68초)
2026-01-30 05:33:36,975 - INFO - 좌표 709.0 완료 (706/1000, 70.6%)
2026-01-30 05:33:36,975 - INFO - [710/1000] 좌표 710.0 처리 시작: (36.325486, 127.434912), snap_distance_m=0.5
2026-01-30 05:33:36,975 - INFO -   시나리오 생성 중...
2026-01-30 05:34:15,404 - INFO -   시나리오 생성 완료 (38.43초, API 호출: 35회)
2026-01-30 05:34:15,404 - INFO -   시뮬레이션 실행 중...
2026-01-30 05:34:16,072 - INFO -   시뮬레이션 완료 (0.67초)
2026-01-30 05:34:16,072 - INFO - 좌표 710.0 완료 (707/1000, 70.7%)
2026-01-30 05:34:16,072 - INFO - [711/1000] 좌표 711.0 처리 시작: (36.479345, 127.402151), snap_distance_m=88.8
2026-01-30 05:34:16,072 - INFO -   시나리오 생성 중...
2026-01-30 05:34:55,319 - INFO -   시나리오 생성 완료 (39.25초, API 호출: 38회)
2026-01-30 05:34:55,319 - INFO -   시뮬레이션 실행 중...
2026-01-30 05:34:56,009 - INFO -   시뮬레이션 완료 (0.69초)
2026-01-30 05:34:56,009 - INFO - 좌표 711.0 완료 (708/1000, 70.8%)
2026-01-30 05:34:56,009 - INFO - [712/1000] 좌표 712.0 처리 시작: (36.321775, 127.272336), snap_distance_m=81.1
2026-01-30 05:34:56,009 - INFO -   시나리오 생성 중...
2026-01-30 05:35:33,167 - INFO -   시나리오 생성 완료 (37.16초, API 호출: 36회)
2026-01-30 05:35:33,167 - INFO -   시뮬레이션 실행 중...
2026-01-30 05:35:33,856 - INFO -   시뮬레이션 완료 (0.69초)
2026-01-30 05:35:33,856 - INFO - 좌표 712.0 완료 (709/1000, 70.9%)
2026-01-30 05:35:33,856 - INFO - [713/1000] 좌표 713.0 처리 시작: (36.337522, 127.388876), snap_distance_m=31.2
2026-01-30 05:35:33,856 - INFO -   시나리오 생성 중...
2026-01-30 05:36:10,970 - INFO -   시나리오 생성 완료 (37.11초, API 호출: 36회)
2026-01-30 05:36:10,970 - INFO -   시뮬레이션 실행 중...
2026-01-30 05:36:11,656 - INFO -   시뮬레이션 완료 (0.69초)
2026-01-30 05:36:11,656 - INFO - 좌표 713.0 완료 (710/1000, 71.0%)
2026-01-30 05:36:11,657 - INFO - [714/1000] 좌표 714.0 처리 시작: (36.306802, 127.366233), snap_distance_m=19.3
2026-01-30 05:36:11,657 - INFO -   시나리오 생성 중...
2026-01-30 05:36:47,839 - INFO -   시나리오 생성 완료 (36.18초, API 호출: 35회)
2026-01-30 05:36:47,839 - INFO -   시뮬레이션 실행 중...
2026-01-30 05:36:48,520 - INFO -   시뮬레이션 완료 (0.68초)
2026-01-30 05:36:48,520 - INFO - 좌표 714.0 완료 (711/1000, 71.1%)
2026-01-30 05:36:48,520 - INFO - [715/1000] 좌표 715.0 처리 시작: (36.408322, 127.456144), snap_distance_m=51.5
2026-01-30 05:36:48,520 - INFO -   시나리오 생성 중...
2026-01-30 05:37:27,658 - INFO -   시나리오 생성 완료 (39.14초, API 호출: 38회)
2026-01-30 05:37:27,658 - INFO -   시뮬레이션 실행 중...
2026-01-30 05:37:28,355 - INFO -   시뮬레이션 완료 (0.7초)
2026-01-30 05:37:28,355 - INFO - 좌표 715.0 완료 (712/1000, 71.2%)
2026-01-30 05:37:28,355 - INFO - [716/1000] 좌표 716.0 처리 시작: (36.280966, 127.280721), snap_distance_m=200.0
2026-01-30 05:37:28,355 - INFO -   시나리오 생성 중...
2026-01-30 05:38:05,499 - INFO -   시나리오 생성 완료 (37.14초, API 호출: 36회)
2026-01-30 05:38:05,499 - INFO -   시뮬레이션 실행 중...
2026-01-30 05:38:06,190 - INFO -   시뮬레이션 완료 (0.69초)
2026-01-30 05:38:06,190 - INFO - 좌표 716.0 완료 (713/1000, 71.3%)
2026-01-30 05:38:06,190 - INFO - [717/1000] 좌표 717.0 처리 시작: (36.386790, 127.292035), snap_distance_m=5.7
2026-01-30 05:38:06,190 - INFO -   시나리오 생성 중...
2026-01-30 05:38:44,285 - INFO -   시나리오 생성 완료 (38.09초, API 호출: 37회)
2026-01-30 05:38:44,285 - INFO -   시뮬레이션 실행 중...
2026-01-30 05:38:44,960 - INFO -   시뮬레이션 완료 (0.68초)
2026-01-30 05:38:44,960 - INFO - 좌표 717.0 완료 (714/1000, 71.4%)
2026-01-30 05:38:44,960 - INFO - [718/1000] 좌표 718.0 처리 시작: (36.331291, 127.375686), snap_distance_m=22.1
2026-01-30 05:38:44,960 - INFO -   시나리오 생성 중...
2026-01-30 05:39:22,094 - INFO -   시나리오 생성 완료 (37.13초, API 호출: 36회)
2026-01-30 05:39:22,094 - INFO -   시뮬레이션 실행 중...
2026-01-30 05:39:22,789 - INFO -   시뮬레이션 완료 (0.69초)
2026-01-30 05:39:22,789 - INFO - 좌표 718.0 완료 (715/1000, 71.5%)
2026-01-30 05:39:22,789 - INFO - [719/1000] 좌표 719.0 처리 시작: (36.253899, 127.401649), snap_distance_m=3.8
2026-01-30 05:39:22,789 - INFO -   시나리오 생성 중...
2026-01-30 05:39:58,894 - INFO -   시나리오 생성 완료 (36.11초, API 호출: 35회)
2026-01-30 05:39:58,894 - INFO -   시뮬레이션 실행 중...
2026-01-30 05:39:59,574 - INFO -   시뮬레이션 완료 (0.68초)
2026-01-30 05:39:59,574 - INFO - 좌표 719.0 완료 (716/1000, 71.6%)
2026-01-30 05:39:59,574 - INFO - [720/1000] 좌표 720.0 처리 시작: (36.335521, 127.427852), snap_distance_m=21.8
2026-01-30 05:39:59,574 - INFO -   시나리오 생성 중...
2026-01-30 05:40:36,734 - INFO -   시나리오 생성 완료 (37.16초, API 호출: 36회)
2026-01-30 05:40:36,734 - INFO -   시뮬레이션 실행 중...
2026-01-30 05:40:37,435 - INFO -   시뮬레이션 완료 (0.7초)
2026-01-30 05:40:37,435 - INFO - 좌표 720.0 완료 (717/1000, 71.7%)
2026-01-30 05:40:37,435 - INFO - [721/1000] 좌표 721.0 처리 시작: (36.276055, 127.481039), snap_distance_m=184.9
2026-01-30 05:40:37,436 - INFO -   시나리오 생성 중...
2026-01-30 05:41:14,567 - INFO -   시나리오 생성 완료 (37.13초, API 호출: 36회)
2026-01-30 05:41:14,569 - INFO -   시뮬레이션 실행 중...
2026-01-30 05:41:15,256 - INFO -   시뮬레이션 완료 (0.69초)
2026-01-30 05:41:15,256 - INFO - 좌표 721.0 완료 (718/1000, 71.8%)
2026-01-30 05:41:15,256 - INFO - [722/1000] 좌표 722.0 처리 시작: (36.296043, 127.344843), snap_distance_m=212.2
2026-01-30 05:41:15,256 - INFO -   시나리오 생성 중...
2026-01-30 05:41:52,693 - INFO -   시나리오 생성 완료 (37.44초, API 호출: 36회)
2026-01-30 05:41:52,693 - INFO -   시뮬레이션 실행 중...
2026-01-30 05:41:53,377 - INFO -   시뮬레이션 완료 (0.68초)
2026-01-30 05:41:53,377 - INFO - 좌표 722.0 완료 (719/1000, 71.9%)
2026-01-30 05:41:53,377 - INFO - [723/1000] 좌표 723.0 처리 시작: (36.330382, 127.453891), snap_distance_m=117.4
2026-01-30 05:41:53,377 - INFO -   시나리오 생성 중...
2026-01-30 05:42:30,535 - INFO -   시나리오 생성 완료 (37.16초, API 호출: 36회)
2026-01-30 05:42:30,535 - INFO -   시뮬레이션 실행 중...
2026-01-30 05:42:31,232 - INFO -   시뮬레이션 완료 (0.7초)
2026-01-30 05:42:31,232 - INFO - 좌표 723.0 완료 (720/1000, 72.0%)
2026-01-30 05:42:31,232 - INFO - [724/1000] 좌표 724.0 처리 시작: (36.334610, 127.426907), snap_distance_m=15.0
2026-01-30 05:42:31,232 - INFO -   시나리오 생성 중...
2026-01-30 05:43:09,070 - INFO -   시나리오 생성 완료 (37.84초, API 호출: 36회)
2026-01-30 05:43:09,070 - INFO -   시뮬레이션 실행 중...
2026-01-30 05:43:09,770 - INFO -   시뮬레이션 완료 (0.7초)
2026-01-30 05:43:09,770 - INFO - 좌표 724.0 완료 (721/1000, 72.1%)
2026-01-30 05:43:09,770 - INFO - [725/1000] 좌표 725.0 처리 시작: (36.418473, 127.479634), snap_distance_m=12.1
2026-01-30 05:43:09,770 - INFO -   시나리오 생성 중...
2026-01-30 05:43:48,918 - INFO -   시나리오 생성 완료 (39.15초, API 호출: 38회)
2026-01-30 05:43:48,918 - INFO -   시뮬레이션 실행 중...
2026-01-30 05:43:49,604 - INFO -   시뮬레이션 완료 (0.69초)
2026-01-30 05:43:49,604 - INFO - 좌표 725.0 완료 (722/1000, 72.2%)
2026-01-30 05:43:49,604 - INFO - [726/1000] 좌표 726.0 처리 시작: (36.407669, 127.293322), snap_distance_m=140.7
2026-01-30 05:43:49,604 - INFO -   시나리오 생성 중...
2026-01-30 05:44:28,553 - INFO -   시나리오 생성 완료 (38.95초, API 호출: 37회)
2026-01-30 05:44:28,553 - INFO -   시뮬레이션 실행 중...
2026-01-30 05:44:29,228 - INFO -   시뮬레이션 완료 (0.67초)
2026-01-30 05:44:29,228 - INFO - 좌표 726.0 완료 (723/1000, 72.3%)
2026-01-30 05:44:29,228 - INFO - [727/1000] 좌표 727.0 처리 시작: (36.305559, 127.414753), snap_distance_m=115.4
2026-01-30 05:44:29,228 - INFO -   시나리오 생성 중...
2026-01-30 05:45:05,737 - INFO -   시나리오 생성 완료 (36.51초, API 호출: 35회)
2026-01-30 05:45:05,737 - INFO -   시뮬레이션 실행 중...
2026-01-30 05:45:06,461 - INFO -   시뮬레이션 완료 (0.72초)
2026-01-30 05:45:06,461 - INFO - 좌표 727.0 완료 (724/1000, 72.4%)
2026-01-30 05:45:06,461 - INFO - [728/1000] 좌표 728.0 처리 시작: (36.393148, 127.432974), snap_distance_m=155.3
2026-01-30 05:45:06,461 - INFO -   시나리오 생성 중...
2026-01-30 05:45:44,643 - INFO -   시나리오 생성 완료 (38.18초, API 호출: 37회)
2026-01-30 05:45:44,643 - INFO -   시뮬레이션 실행 중...
2026-01-30 05:45:45,324 - INFO -   시뮬레이션 완료 (0.68초)
2026-01-30 05:45:45,324 - INFO - 좌표 728.0 완료 (725/1000, 72.5%)
2026-01-30 05:45:45,324 - INFO - [729/1000] 좌표 729.0 처리 시작: (36.450252, 127.405330), snap_distance_m=5.6
2026-01-30 05:45:45,324 - INFO -   시나리오 생성 중...
2026-01-30 05:46:24,167 - INFO -   시나리오 생성 완료 (38.84초, API 호출: 37회)
2026-01-30 05:46:24,167 - INFO -   시뮬레이션 실행 중...
2026-01-30 05:46:24,853 - INFO -   시뮬레이션 완료 (0.69초)
2026-01-30 05:46:24,853 - INFO - 좌표 729.0 완료 (726/1000, 72.6%)
2026-01-30 05:46:24,853 - INFO - [730/1000] 좌표 730.0 처리 시작: (36.404831, 127.395770), snap_distance_m=36.5
2026-01-30 05:46:24,853 - INFO -   시나리오 생성 중...
2026-01-30 05:47:03,005 - INFO -   시나리오 생성 완료 (38.15초, API 호출: 37회)
2026-01-30 05:47:03,005 - INFO -   시뮬레이션 실행 중...
2026-01-30 05:47:03,706 - INFO -   시뮬레이션 완료 (0.7초)
2026-01-30 05:47:03,706 - INFO - 좌표 730.0 완료 (727/1000, 72.7%)
2026-01-30 05:47:03,706 - INFO - [731/1000] 좌표 731.0 처리 시작: (36.308298, 127.332386), snap_distance_m=9.3
2026-01-30 05:47:03,706 - INFO -   시나리오 생성 중...
2026-01-30 05:47:41,830 - INFO -   시나리오 생성 완료 (38.12초, API 호출: 37회)
2026-01-30 05:47:41,830 - INFO -   시뮬레이션 실행 중...
2026-01-30 05:47:42,503 - INFO -   시뮬레이션 완료 (0.67초)
2026-01-30 05:47:42,503 - INFO - 좌표 731.0 완료 (728/1000, 72.8%)
2026-01-30 05:47:42,503 - INFO - [732/1000] 좌표 732.0 처리 시작: (36.397054, 127.531977), snap_distance_m=72.1
2026-01-30 05:47:42,503 - INFO -   시나리오 생성 중...
2026-01-30 05:48:22,696 - INFO -   시나리오 생성 완료 (40.19초, API 호출: 39회)
2026-01-30 05:48:22,696 - INFO -   시뮬레이션 실행 중...
2026-01-30 05:48:23,382 - INFO -   시뮬레이션 완료 (0.69초)
2026-01-30 05:48:23,382 - INFO - 좌표 732.0 완료 (729/1000, 72.9%)
2026-01-30 05:48:23,382 - INFO - [733/1000] 좌표 733.0 처리 시작: (36.356960, 127.345553), snap_distance_m=2.7
2026-01-30 05:48:23,382 - INFO -   시나리오 생성 중...
2026-01-30 05:49:02,567 - INFO -   시나리오 생성 완료 (39.18초, API 호출: 38회)
2026-01-30 05:49:02,567 - INFO -   시뮬레이션 실행 중...
2026-01-30 05:49:03,278 - INFO -   시뮬레이션 완료 (0.71초)
2026-01-30 05:49:03,279 - INFO - 좌표 733.0 완료 (730/1000, 73.0%)
2026-01-30 05:49:03,279 - INFO - [734/1000] 좌표 734.0 처리 시작: (36.377011, 127.403962), snap_distance_m=73.2
2026-01-30 05:49:03,279 - INFO -   시나리오 생성 중...
2026-01-30 05:49:42,459 - INFO -   시나리오 생성 완료 (39.18초, API 호출: 38회)
2026-01-30 05:49:42,459 - INFO -   시뮬레이션 실행 중...
2026-01-30 05:49:43,161 - INFO -   시뮬레이션 완료 (0.7초)
2026-01-30 05:49:43,161 - INFO - 좌표 734.0 완료 (731/1000, 73.1%)
2026-01-30 05:49:43,161 - INFO - [735/1000] 좌표 735.0 처리 시작: (36.357262, 127.332698), snap_distance_m=14.8
2026-01-30 05:49:43,161 - INFO -   시나리오 생성 중...
2026-01-30 05:50:22,306 - INFO -   시나리오 생성 완료 (39.14초, API 호출: 38회)
2026-01-30 05:50:22,306 - INFO -   시뮬레이션 실행 중...
2026-01-30 05:50:22,988 - INFO -   시뮬레이션 완료 (0.68초)
2026-01-30 05:50:22,988 - INFO - 좌표 735.0 완료 (732/1000, 73.2%)
2026-01-30 05:50:22,988 - INFO - [736/1000] 좌표 736.0 처리 시작: (36.465310, 127.367680), snap_distance_m=16.9
2026-01-30 05:50:22,988 - INFO -   시나리오 생성 중...
2026-01-30 05:51:01,187 - INFO -   시나리오 생성 완료 (38.2초, API 호출: 37회)
2026-01-30 05:51:01,187 - INFO -   시뮬레이션 실행 중...
2026-01-30 05:51:01,886 - INFO -   시뮬레이션 완료 (0.7초)
2026-01-30 05:51:01,886 - INFO - 좌표 736.0 완료 (733/1000, 73.3%)
2026-01-30 05:51:01,886 - INFO - [737/1000] 좌표 737.0 처리 시작: (36.371979, 127.449469), snap_distance_m=51.8
2026-01-30 05:51:01,886 - INFO -   시나리오 생성 중...
2026-01-30 05:51:42,043 - INFO -   시나리오 생성 완료 (40.16초, API 호출: 39회)
2026-01-30 05:51:42,043 - INFO -   시뮬레이션 실행 중...
2026-01-30 05:51:42,724 - INFO -   시뮬레이션 완료 (0.68초)
2026-01-30 05:51:42,724 - INFO - 좌표 737.0 완료 (734/1000, 73.4%)
2026-01-30 05:51:42,724 - INFO - [738/1000] 좌표 738.0 처리 시작: (36.319553, 127.347847), snap_distance_m=77.4
2026-01-30 05:51:42,724 - INFO -   시나리오 생성 중...
2026-01-30 05:52:20,851 - INFO -   시나리오 생성 완료 (38.13초, API 호출: 37회)
2026-01-30 05:52:20,851 - INFO -   시뮬레이션 실행 중...
2026-01-30 05:52:21,544 - INFO -   시뮬레이션 완료 (0.69초)
2026-01-30 05:52:21,544 - INFO - 좌표 738.0 완료 (735/1000, 73.5%)
2026-01-30 05:52:21,544 - INFO - [739/1000] 좌표 739.0 처리 시작: (36.347819, 127.488528), snap_distance_m=56.8
2026-01-30 05:52:21,544 - INFO -   시나리오 생성 중...
2026-01-30 05:52:59,786 - INFO -   시나리오 생성 완료 (38.24초, API 호출: 37회)
2026-01-30 05:52:59,786 - INFO -   시뮬레이션 실행 중...
2026-01-30 05:53:00,480 - INFO -   시뮬레이션 완료 (0.69초)
2026-01-30 05:53:00,480 - INFO - 좌표 739.0 완료 (736/1000, 73.6%)
2026-01-30 05:53:00,480 - INFO - [740/1000] 좌표 740.0 처리 시작: (36.297513, 127.354866), snap_distance_m=7.6
2026-01-30 05:53:00,480 - INFO -   시나리오 생성 중...
2026-01-30 05:53:37,644 - INFO -   시나리오 생성 완료 (37.16초, API 호출: 36회)
2026-01-30 05:53:37,645 - INFO -   시뮬레이션 실행 중...
2026-01-30 05:53:38,343 - INFO -   시뮬레이션 완료 (0.7초)
2026-01-30 05:53:38,343 - INFO - 좌표 740.0 완료 (737/1000, 73.7%)
2026-01-30 05:53:38,343 - INFO - [741/1000] 좌표 741.0 처리 시작: (36.210112, 127.324795), snap_distance_m=78.5
2026-01-30 05:53:38,343 - INFO -   시나리오 생성 중...
2026-01-30 05:54:14,468 - INFO -   시나리오 생성 완료 (36.12초, API 호출: 35회)
2026-01-30 05:54:14,468 - INFO -   시뮬레이션 실행 중...
2026-01-30 05:54:15,147 - INFO -   시뮬레이션 완료 (0.68초)
2026-01-30 05:54:15,147 - INFO - 좌표 741.0 완료 (738/1000, 73.8%)
2026-01-30 05:54:15,163 - INFO - [742/1000] 좌표 742.0 처리 시작: (36.426581, 127.418361), snap_distance_m=3.9
2026-01-30 05:54:15,163 - INFO -   시나리오 생성 중...
2026-01-30 05:54:55,287 - INFO -   시나리오 생성 완료 (40.12초, API 호출: 39회)
2026-01-30 05:54:55,287 - INFO -   시뮬레이션 실행 중...
2026-01-30 05:54:55,969 - INFO -   시뮬레이션 완료 (0.68초)
2026-01-30 05:54:55,969 - INFO - 좌표 742.0 완료 (739/1000, 73.9%)
2026-01-30 05:54:55,969 - INFO - [743/1000] 좌표 743.0 처리 시작: (36.308639, 127.270051), snap_distance_m=100.6
2026-01-30 05:54:55,969 - INFO -   시나리오 생성 중...
2026-01-30 05:55:33,147 - INFO -   시나리오 생성 완료 (37.18초, API 호출: 36회)
2026-01-30 05:55:33,147 - INFO -   시뮬레이션 실행 중...
2026-01-30 05:55:33,829 - INFO -   시뮬레이션 완료 (0.68초)
2026-01-30 05:55:33,829 - INFO - 좌표 743.0 완료 (740/1000, 74.0%)
2026-01-30 05:55:33,829 - INFO - [744/1000] 좌표 744.0 처리 시작: (36.232349, 127.336635), snap_distance_m=198.5
2026-01-30 05:55:33,829 - INFO -   시나리오 생성 중...
2026-01-30 05:56:09,964 - INFO -   시나리오 생성 완료 (36.13초, API 호출: 35회)
2026-01-30 05:56:09,964 - INFO -   시뮬레이션 실행 중...
2026-01-30 05:56:10,659 - INFO -   시뮬레이션 완료 (0.7초)
2026-01-30 05:56:10,659 - INFO - 좌표 744.0 완료 (741/1000, 74.1%)
2026-01-30 05:56:10,659 - INFO - [745/1000] 좌표 745.0 처리 시작: (36.332376, 127.330534), snap_distance_m=140.9
2026-01-30 05:56:10,659 - INFO -   시나리오 생성 중...
2026-01-30 05:56:47,822 - INFO -   시나리오 생성 완료 (37.16초, API 호출: 36회)
2026-01-30 05:56:47,822 - INFO -   시뮬레이션 실행 중...
2026-01-30 05:56:48,502 - INFO -   시뮬레이션 완료 (0.68초)
2026-01-30 05:56:48,502 - INFO - 좌표 745.0 완료 (742/1000, 74.2%)
2026-01-30 05:56:48,502 - INFO - [746/1000] 좌표 746.0 처리 시작: (36.302000, 127.294327), snap_distance_m=20.3
2026-01-30 05:56:48,502 - INFO -   시나리오 생성 중...
2026-01-30 05:57:26,511 - INFO -   시나리오 생성 완료 (38.01초, API 호출: 36회)
2026-01-30 05:57:26,511 - INFO -   시뮬레이션 실행 중...
2026-01-30 05:57:27,188 - INFO -   시뮬레이션 완료 (0.68초)
2026-01-30 05:57:27,188 - INFO - 좌표 746.0 완료 (743/1000, 74.3%)
2026-01-30 05:57:27,188 - INFO - [747/1000] 좌표 747.0 처리 시작: (36.253134, 127.306142), snap_distance_m=6.1
2026-01-30 05:57:27,188 - INFO -   시나리오 생성 중...
2026-01-30 05:58:03,346 - INFO -   시나리오 생성 완료 (36.16초, API 호출: 35회)
2026-01-30 05:58:03,346 - INFO -   시뮬레이션 실행 중...
2026-01-30 05:58:04,040 - INFO -   시뮬레이션 완료 (0.69초)
2026-01-30 05:58:04,040 - INFO - 좌표 747.0 완료 (744/1000, 74.4%)
2026-01-30 05:58:04,040 - INFO - [748/1000] 좌표 748.0 처리 시작: (36.276857, 127.412660), snap_distance_m=41.9
2026-01-30 05:58:04,040 - INFO -   시나리오 생성 중...
2026-01-30 05:58:41,158 - INFO -   시나리오 생성 완료 (37.12초, API 호출: 36회)
2026-01-30 05:58:41,158 - INFO -   시뮬레이션 실행 중...
2026-01-30 05:58:41,834 - INFO -   시뮬레이션 완료 (0.68초)
2026-01-30 05:58:41,834 - INFO - 좌표 748.0 완료 (745/1000, 74.5%)
2026-01-30 05:58:41,834 - INFO - [749/1000] 좌표 749.0 처리 시작: (36.309559, 127.262081), snap_distance_m=57.7
2026-01-30 05:58:41,834 - INFO -   시나리오 생성 중...
2026-01-30 05:59:24,721 - INFO -   시나리오 생성 완료 (42.89초, API 호출: 36회)
2026-01-30 05:59:24,721 - INFO -   시뮬레이션 실행 중...
2026-01-30 05:59:25,425 - INFO -   시뮬레이션 완료 (0.7초)
2026-01-30 05:59:25,425 - INFO - 좌표 749.0 완료 (746/1000, 74.6%)
2026-01-30 05:59:25,425 - INFO - [750/1000] 좌표 750.0 처리 시작: (36.356992, 127.319665), snap_distance_m=64.5
2026-01-30 05:59:25,425 - INFO -   시나리오 생성 중...
2026-01-30 06:00:03,561 - INFO -   시나리오 생성 완료 (38.14초, API 호출: 37회)
2026-01-30 06:00:03,561 - INFO -   시뮬레이션 실행 중...
2026-01-30 06:00:04,262 - INFO -   시뮬레이션 완료 (0.7초)
2026-01-30 06:00:04,262 - INFO - 좌표 750.0 완료 (747/1000, 74.7%)
2026-01-30 06:00:04,262 - INFO - [751/1000] 좌표 751.0 처리 시작: (36.370091, 127.291693), snap_distance_m=44.9
2026-01-30 06:00:04,262 - INFO -   시나리오 생성 중...
2026-01-30 06:00:42,413 - INFO -   시나리오 생성 완료 (38.15초, API 호출: 37회)
2026-01-30 06:00:42,413 - INFO -   시뮬레이션 실행 중...
2026-01-30 06:00:43,105 - INFO -   시뮬레이션 완료 (0.69초)
2026-01-30 06:00:43,105 - INFO - 좌표 751.0 완료 (748/1000, 74.8%)
2026-01-30 06:00:43,105 - INFO - [752/1000] 좌표 752.0 처리 시작: (36.316105, 127.444216), snap_distance_m=1.2
2026-01-30 06:00:43,105 - INFO -   시나리오 생성 중...
2026-01-30 06:01:24,654 - INFO -   시나리오 생성 완료 (41.55초, API 호출: 36회)
2026-01-30 06:01:24,654 - INFO -   시뮬레이션 실행 중...
2026-01-30 06:01:25,344 - INFO -   시뮬레이션 완료 (0.69초)
2026-01-30 06:01:25,344 - INFO - 좌표 752.0 완료 (749/1000, 74.9%)
2026-01-30 06:01:25,344 - INFO - [753/1000] 좌표 753.0 처리 시작: (36.264310, 127.292529), snap_distance_m=5.3
2026-01-30 06:01:25,344 - INFO -   시나리오 생성 중...
2026-01-30 06:02:02,500 - INFO -   시나리오 생성 완료 (37.16초, API 호출: 36회)
2026-01-30 06:02:02,500 - INFO -   시뮬레이션 실행 중...
2026-01-30 06:02:03,186 - INFO -   시뮬레이션 완료 (0.69초)
2026-01-30 06:02:03,186 - INFO - 좌표 753.0 완료 (750/1000, 75.0%)
2026-01-30 06:02:03,186 - INFO - [754/1000] 좌표 754.0 처리 시작: (36.206661, 127.340999), snap_distance_m=40.4
2026-01-30 06:02:03,186 - INFO -   시나리오 생성 중...
2026-01-30 06:02:39,362 - INFO -   시나리오 생성 완료 (36.18초, API 호출: 35회)
2026-01-30 06:02:39,377 - INFO -   시뮬레이션 실행 중...
2026-01-30 06:02:40,057 - INFO -   시뮬레이션 완료 (0.68초)
2026-01-30 06:02:40,057 - INFO - 좌표 754.0 완료 (751/1000, 75.1%)
2026-01-30 06:02:40,057 - INFO - [755/1000] 좌표 755.0 처리 시작: (36.368335, 127.290455), snap_distance_m=85.1
2026-01-30 06:02:40,057 - INFO -   시나리오 생성 중...
2026-01-30 06:03:18,179 - INFO -   시나리오 생성 완료 (38.12초, API 호출: 37회)
2026-01-30 06:03:18,179 - INFO -   시뮬레이션 실행 중...
2026-01-30 06:03:18,887 - INFO -   시뮬레이션 완료 (0.71초)
2026-01-30 06:03:18,887 - INFO - 좌표 755.0 완료 (752/1000, 75.2%)
2026-01-30 06:03:18,887 - INFO - [756/1000] 좌표 756.0 처리 시작: (36.310079, 127.302424), snap_distance_m=13.0
2026-01-30 06:03:18,887 - INFO -   시나리오 생성 중...
2026-01-30 06:03:56,039 - INFO -   시나리오 생성 완료 (37.15초, API 호출: 36회)
2026-01-30 06:03:56,039 - INFO -   시뮬레이션 실행 중...
2026-01-30 06:03:56,711 - INFO -   시뮬레이션 완료 (0.67초)
2026-01-30 06:03:56,711 - INFO - 좌표 756.0 완료 (753/1000, 75.3%)
2026-01-30 06:03:56,711 - INFO - [757/1000] 좌표 757.0 처리 시작: (36.371456, 127.357680), snap_distance_m=39.0
2026-01-30 06:03:56,711 - INFO -   시나리오 생성 중...
2026-01-30 06:04:34,880 - INFO -   시나리오 생성 완료 (38.17초, API 호출: 37회)
2026-01-30 06:04:34,880 - INFO -   시뮬레이션 실행 중...
2026-01-30 06:04:35,594 - INFO -   시뮬레이션 완료 (0.71초)
2026-01-30 06:04:35,594 - INFO - 좌표 757.0 완료 (754/1000, 75.4%)
2026-01-30 06:04:35,594 - INFO - [758/1000] 좌표 758.0 처리 시작: (36.420948, 127.337397), snap_distance_m=146.2
2026-01-30 06:04:35,594 - INFO -   시나리오 생성 중...
2026-01-30 06:05:13,752 - INFO -   시나리오 생성 완료 (38.16초, API 호출: 37회)
2026-01-30 06:05:13,752 - INFO -   시뮬레이션 실행 중...
2026-01-30 06:05:14,429 - INFO -   시뮬레이션 완료 (0.68초)
2026-01-30 06:05:14,429 - INFO - 좌표 758.0 완료 (755/1000, 75.5%)
2026-01-30 06:05:14,429 - INFO - [759/1000] 좌표 759.0 처리 시작: (36.256899, 127.285501), snap_distance_m=9.6
2026-01-30 06:05:14,429 - INFO -   시나리오 생성 중...
2026-01-30 06:05:51,626 - INFO -   시나리오 생성 완료 (37.2초, API 호출: 36회)
2026-01-30 06:05:51,626 - INFO -   시뮬레이션 실행 중...
2026-01-30 06:05:52,301 - INFO -   시뮬레이션 완료 (0.67초)
2026-01-30 06:05:52,301 - INFO - 좌표 759.0 완료 (756/1000, 75.6%)
2026-01-30 06:05:52,301 - INFO - [760/1000] 좌표 760.0 처리 시작: (36.378718, 127.421630), snap_distance_m=0.4
2026-01-30 06:05:52,301 - INFO -   시나리오 생성 중...
2026-01-30 06:06:31,491 - INFO -   시나리오 생성 완료 (39.19초, API 호출: 38회)
2026-01-30 06:06:31,491 - INFO -   시뮬레이션 실행 중...
2026-01-30 06:06:32,278 - INFO -   시뮬레이션 완료 (0.79초)
2026-01-30 06:06:32,278 - INFO - 좌표 760.0 완료 (757/1000, 75.7%)
2026-01-30 06:06:32,278 - INFO - [761/1000] 좌표 761.0 처리 시작: (36.283662, 127.295898), snap_distance_m=86.5
2026-01-30 06:06:32,278 - INFO -   시나리오 생성 중...
2026-01-30 06:07:10,524 - INFO -   시나리오 생성 완료 (38.25초, API 호출: 36회)
2026-01-30 06:07:10,524 - INFO -   시뮬레이션 실행 중...
2026-01-30 06:07:11,197 - INFO -   시뮬레이션 완료 (0.67초)
2026-01-30 06:07:11,197 - INFO - 좌표 761.0 완료 (758/1000, 75.8%)
2026-01-30 06:07:11,197 - INFO - [762/1000] 좌표 762.0 처리 시작: (36.332190, 127.474416), snap_distance_m=173.3
2026-01-30 06:07:11,197 - INFO -   시나리오 생성 중...
2026-01-30 06:07:49,614 - INFO -   시나리오 생성 완료 (38.42초, API 호출: 36회)
2026-01-30 06:07:49,614 - INFO -   시뮬레이션 실행 중...
2026-01-30 06:07:50,276 - INFO -   시뮬레이션 완료 (0.66초)
2026-01-30 06:07:50,276 - INFO - 좌표 762.0 완료 (759/1000, 75.9%)
2026-01-30 06:07:50,276 - INFO - [763/1000] 좌표 763.0 처리 시작: (36.347171, 127.379506), snap_distance_m=9.0
2026-01-30 06:07:50,276 - INFO -   시나리오 생성 중...
2026-01-30 06:08:28,407 - INFO -   시나리오 생성 완료 (38.13초, API 호출: 37회)
2026-01-30 06:08:28,407 - INFO -   시뮬레이션 실행 중...
2026-01-30 06:08:29,095 - INFO -   시뮬레이션 완료 (0.69초)
2026-01-30 06:08:29,095 - INFO - 좌표 763.0 완료 (760/1000, 76.0%)
2026-01-30 06:08:29,095 - INFO - [764/1000] 좌표 764.0 처리 시작: (36.465030, 127.382265), snap_distance_m=72.1
2026-01-30 06:08:29,095 - INFO -   시나리오 생성 중...
2026-01-30 06:09:08,281 - INFO -   시나리오 생성 완료 (39.19초, API 호출: 38회)
2026-01-30 06:09:08,281 - INFO -   시뮬레이션 실행 중...
2026-01-30 06:09:08,973 - INFO -   시뮬레이션 완료 (0.69초)
2026-01-30 06:09:08,973 - INFO - 좌표 764.0 완료 (761/1000, 76.1%)
2026-01-30 06:09:08,973 - INFO - [765/1000] 좌표 765.0 처리 시작: (36.344755, 127.411328), snap_distance_m=9.4
2026-01-30 06:09:08,973 - INFO -   시나리오 생성 중...
2026-01-30 06:09:47,117 - INFO -   시나리오 생성 완료 (38.14초, API 호출: 37회)
2026-01-30 06:09:47,117 - INFO -   시뮬레이션 실행 중...
2026-01-30 06:09:47,895 - INFO -   시뮬레이션 완료 (0.78초)
2026-01-30 06:09:47,895 - INFO - 좌표 765.0 완료 (762/1000, 76.2%)
2026-01-30 06:09:47,895 - INFO - [766/1000] 좌표 766.0 처리 시작: (36.359524, 127.430385), snap_distance_m=15.5
2026-01-30 06:09:47,895 - INFO -   시나리오 생성 중...
2026-01-30 06:10:28,380 - INFO -   시나리오 생성 완료 (40.48초, API 호출: 39회)
2026-01-30 06:10:28,380 - INFO -   시뮬레이션 실행 중...
2026-01-30 06:10:29,077 - INFO -   시뮬레이션 완료 (0.7초)
2026-01-30 06:10:29,077 - INFO - 좌표 766.0 완료 (763/1000, 76.3%)
2026-01-30 06:10:29,077 - INFO - [767/1000] 좌표 767.0 처리 시작: (36.433620, 127.386422), snap_distance_m=13.0
2026-01-30 06:10:29,077 - INFO -   시나리오 생성 중...
2026-01-30 06:11:07,263 - INFO -   시나리오 생성 완료 (38.19초, API 호출: 37회)
2026-01-30 06:11:07,263 - INFO -   시뮬레이션 실행 중...
2026-01-30 06:11:07,963 - INFO -   시뮬레이션 완료 (0.7초)
2026-01-30 06:11:07,964 - INFO - 좌표 767.0 완료 (764/1000, 76.4%)
2026-01-30 06:11:07,964 - INFO - [768/1000] 좌표 768.0 처리 시작: (36.452486, 127.422286), snap_distance_m=17.9
2026-01-30 06:11:07,964 - INFO -   시나리오 생성 중...
2026-01-30 06:11:47,122 - INFO -   시나리오 생성 완료 (39.16초, API 호출: 38회)
2026-01-30 06:11:47,122 - INFO -   시뮬레이션 실행 중...
2026-01-30 06:11:47,809 - INFO -   시뮬레이션 완료 (0.69초)
2026-01-30 06:11:47,809 - INFO - 좌표 768.0 완료 (765/1000, 76.5%)
2026-01-30 06:11:47,809 - INFO - [769/1000] 좌표 769.0 처리 시작: (36.339139, 127.391118), snap_distance_m=25.9
2026-01-30 06:11:47,809 - INFO -   시나리오 생성 중...
2026-01-30 06:12:24,920 - INFO -   시나리오 생성 완료 (37.11초, API 호출: 36회)
2026-01-30 06:12:24,920 - INFO -   시뮬레이션 실행 중...
2026-01-30 06:12:25,602 - INFO -   시뮬레이션 완료 (0.68초)
2026-01-30 06:12:25,602 - INFO - 좌표 769.0 완료 (766/1000, 76.6%)
2026-01-30 06:12:25,602 - INFO - [770/1000] 좌표 770.0 처리 시작: (36.299455, 127.380661), snap_distance_m=35.7
2026-01-30 06:12:25,602 - INFO -   시나리오 생성 중...
2026-01-30 06:13:01,700 - INFO -   시나리오 생성 완료 (36.1초, API 호출: 35회)
2026-01-30 06:13:01,700 - INFO -   시뮬레이션 실행 중...
2026-01-30 06:13:02,403 - INFO -   시뮬레이션 완료 (0.7초)
2026-01-30 06:13:02,403 - INFO - 좌표 770.0 완료 (767/1000, 76.7%)
2026-01-30 06:13:02,403 - INFO - [771/1000] 좌표 771.0 처리 시작: (36.367477, 127.392179), snap_distance_m=19.9
2026-01-30 06:13:02,403 - INFO -   시나리오 생성 중...
2026-01-30 06:13:41,525 - INFO -   시나리오 생성 완료 (39.12초, API 호출: 38회)
2026-01-30 06:13:41,525 - INFO -   시뮬레이션 실행 중...
2026-01-30 06:13:42,211 - INFO -   시뮬레이션 완료 (0.69초)
2026-01-30 06:13:42,211 - INFO - 좌표 771.0 완료 (768/1000, 76.8%)
2026-01-30 06:13:42,211 - INFO - [772/1000] 좌표 772.0 처리 시작: (36.317521, 127.350722), snap_distance_m=31.1
2026-01-30 06:13:42,211 - INFO -   시나리오 생성 중...
2026-01-30 06:14:20,356 - INFO -   시나리오 생성 완료 (38.14초, API 호출: 37회)
2026-01-30 06:14:20,356 - INFO -   시뮬레이션 실행 중...
2026-01-30 06:14:21,040 - INFO -   시뮬레이션 완료 (0.68초)
2026-01-30 06:14:21,040 - INFO - 좌표 772.0 완료 (769/1000, 76.9%)
2026-01-30 06:14:21,040 - INFO - [773/1000] 좌표 773.0 처리 시작: (36.359233, 127.421237), snap_distance_m=15.4
2026-01-30 06:14:21,040 - INFO -   시나리오 생성 중...
2026-01-30 06:15:00,181 - INFO -   시나리오 생성 완료 (39.14초, API 호출: 38회)
2026-01-30 06:15:00,181 - INFO -   시뮬레이션 실행 중...
2026-01-30 06:15:00,870 - INFO -   시뮬레이션 완료 (0.69초)
2026-01-30 06:15:00,870 - INFO - 좌표 773.0 완료 (770/1000, 77.0%)
2026-01-30 06:15:00,870 - INFO - [774/1000] 좌표 774.0 처리 시작: (36.347764, 127.338292), snap_distance_m=2.4
2026-01-30 06:15:00,870 - INFO -   시나리오 생성 중...
2026-01-30 06:15:38,028 - INFO -   시나리오 생성 완료 (37.16초, API 호출: 36회)
2026-01-30 06:15:38,028 - INFO -   시뮬레이션 실행 중...
2026-01-30 06:15:38,735 - INFO -   시뮬레이션 완료 (0.71초)
2026-01-30 06:15:38,735 - INFO - 좌표 774.0 완료 (771/1000, 77.1%)
2026-01-30 06:15:38,735 - INFO - [775/1000] 좌표 775.0 처리 시작: (36.248308, 127.410077), snap_distance_m=156.4
2026-01-30 06:15:38,735 - INFO -   시나리오 생성 중...
2026-01-30 06:16:14,832 - INFO -   시나리오 생성 완료 (36.1초, API 호출: 35회)
2026-01-30 06:16:14,832 - INFO -   시뮬레이션 실행 중...
2026-01-30 06:16:15,519 - INFO -   시뮬레이션 완료 (0.69초)
2026-01-30 06:16:15,519 - INFO - 좌표 775.0 완료 (772/1000, 77.2%)
2026-01-30 06:16:15,519 - INFO - [776/1000] 좌표 776.0 처리 시작: (36.317626, 127.324891), snap_distance_m=159.0
2026-01-30 06:16:15,519 - INFO -   시나리오 생성 중...
2026-01-30 06:16:52,629 - INFO -   시나리오 생성 완료 (37.11초, API 호출: 36회)
2026-01-30 06:16:52,629 - INFO -   시뮬레이션 실행 중...
2026-01-30 06:16:53,329 - INFO -   시뮬레이션 완료 (0.7초)
2026-01-30 06:16:53,329 - INFO - 좌표 776.0 완료 (773/1000, 77.3%)
2026-01-30 06:16:53,329 - INFO - [777/1000] 좌표 777.0 처리 시작: (36.386368, 127.488335), snap_distance_m=167.4
2026-01-30 06:16:53,329 - INFO -   시나리오 생성 중...
2026-01-30 06:17:33,220 - INFO -   시나리오 생성 완료 (39.89초, API 호출: 38회)
2026-01-30 06:17:33,220 - INFO -   시뮬레이션 실행 중...
2026-01-30 06:17:33,915 - INFO -   시뮬레이션 완료 (0.69초)
2026-01-30 06:17:33,915 - INFO - 좌표 777.0 완료 (774/1000, 77.4%)
2026-01-30 06:17:33,915 - INFO - [778/1000] 좌표 778.0 처리 시작: (36.294100, 127.488166), snap_distance_m=232.0
2026-01-30 06:17:33,915 - INFO -   시나리오 생성 중...
2026-01-30 06:18:12,080 - INFO -   시나리오 생성 완료 (38.17초, API 호출: 36회)
2026-01-30 06:18:12,080 - INFO -   시뮬레이션 실행 중...
2026-01-30 06:18:12,771 - INFO -   시뮬레이션 완료 (0.69초)
2026-01-30 06:18:12,771 - INFO - 좌표 778.0 완료 (775/1000, 77.5%)
2026-01-30 06:18:12,771 - INFO - [779/1000] 좌표 779.0 처리 시작: (36.384161, 127.364832), snap_distance_m=21.2
2026-01-30 06:18:12,771 - INFO -   시나리오 생성 중...
2026-01-30 06:18:51,908 - INFO -   시나리오 생성 완료 (39.14초, API 호출: 38회)
2026-01-30 06:18:51,908 - INFO -   시뮬레이션 실행 중...
2026-01-30 06:18:52,591 - INFO -   시뮬레이션 완료 (0.68초)
2026-01-30 06:18:52,591 - INFO - 좌표 779.0 완료 (776/1000, 77.6%)
2026-01-30 06:18:52,591 - INFO - [780/1000] 좌표 780.0 처리 시작: (36.334862, 127.380640), snap_distance_m=7.4
2026-01-30 06:18:52,591 - INFO -   시나리오 생성 중...
2026-01-30 06:19:29,778 - INFO -   시나리오 생성 완료 (37.19초, API 호출: 36회)
2026-01-30 06:19:29,778 - INFO -   시뮬레이션 실행 중...
2026-01-30 06:19:30,471 - INFO -   시뮬레이션 완료 (0.69초)
2026-01-30 06:19:30,471 - INFO - 좌표 780.0 완료 (777/1000, 77.7%)
2026-01-30 06:19:30,471 - INFO - [781/1000] 좌표 781.0 처리 시작: (36.290989, 127.268652), snap_distance_m=69.5
2026-01-30 06:19:30,471 - INFO -   시나리오 생성 중...
2026-01-30 06:20:07,627 - INFO -   시나리오 생성 완료 (37.16초, API 호출: 36회)
2026-01-30 06:20:07,627 - INFO -   시뮬레이션 실행 중...
2026-01-30 06:20:08,317 - INFO -   시뮬레이션 완료 (0.69초)
2026-01-30 06:20:08,317 - INFO - 좌표 781.0 완료 (778/1000, 77.8%)
2026-01-30 06:20:08,317 - INFO - [782/1000] 좌표 782.0 처리 시작: (36.419225, 127.491414), snap_distance_m=234.3
2026-01-30 06:20:08,317 - INFO -   시나리오 생성 중...
2026-01-30 06:20:51,518 - INFO -   시나리오 생성 완료 (43.2초, API 호출: 38회)
2026-01-30 06:20:51,518 - INFO -   시뮬레이션 실행 중...
2026-01-30 06:20:52,214 - INFO -   시뮬레이션 완료 (0.7초)
2026-01-30 06:20:52,214 - INFO - 좌표 782.0 완료 (779/1000, 77.9%)
2026-01-30 06:20:52,214 - INFO - [783/1000] 좌표 783.0 처리 시작: (36.390865, 127.449238), snap_distance_m=125.5
2026-01-30 06:20:52,214 - INFO -   시나리오 생성 중...
2026-01-30 06:21:31,355 - INFO -   시나리오 생성 완료 (39.14초, API 호출: 38회)
2026-01-30 06:21:31,355 - INFO -   시뮬레이션 실행 중...
2026-01-30 06:21:32,061 - INFO -   시뮬레이션 완료 (0.71초)
2026-01-30 06:21:32,061 - INFO - 좌표 783.0 완료 (780/1000, 78.0%)
2026-01-30 06:21:32,061 - INFO - [784/1000] 좌표 784.0 처리 시작: (36.389002, 127.441310), snap_distance_m=84.5
2026-01-30 06:21:32,061 - INFO -   시나리오 생성 중...
2026-01-30 06:22:10,221 - INFO -   시나리오 생성 완료 (38.16초, API 호출: 37회)
2026-01-30 06:22:10,221 - INFO -   시뮬레이션 실행 중...
2026-01-30 06:22:10,920 - INFO -   시뮬레이션 완료 (0.7초)
2026-01-30 06:22:10,920 - INFO - 좌표 784.0 완료 (781/1000, 78.1%)
2026-01-30 06:22:10,920 - INFO - [785/1000] 좌표 785.0 처리 시작: (36.324861, 127.324221), snap_distance_m=18.4
2026-01-30 06:22:10,920 - INFO -   시나리오 생성 중...
2026-01-30 06:22:48,111 - INFO -   시나리오 생성 완료 (37.19초, API 호출: 36회)
2026-01-30 06:22:48,111 - INFO -   시뮬레이션 실행 중...
2026-01-30 06:22:48,795 - INFO -   시뮬레이션 완료 (0.68초)
2026-01-30 06:22:48,795 - INFO - 좌표 785.0 완료 (782/1000, 78.2%)
2026-01-30 06:22:48,795 - INFO - [786/1000] 좌표 786.0 처리 시작: (36.382732, 127.426483), snap_distance_m=16.2
2026-01-30 06:22:48,795 - INFO -   시나리오 생성 중...
2026-01-30 06:23:27,936 - INFO -   시나리오 생성 완료 (39.14초, API 호출: 38회)
2026-01-30 06:23:27,936 - INFO -   시뮬레이션 실행 중...
2026-01-30 06:23:28,631 - INFO -   시뮬레이션 완료 (0.69초)
2026-01-30 06:23:28,631 - INFO - 좌표 786.0 완료 (783/1000, 78.3%)
2026-01-30 06:23:28,631 - INFO - [787/1000] 좌표 787.0 처리 시작: (36.282446, 127.297172), snap_distance_m=165.1
2026-01-30 06:23:28,631 - INFO -   시나리오 생성 중...
2026-01-30 06:24:05,771 - INFO -   시나리오 생성 완료 (37.14초, API 호출: 36회)
2026-01-30 06:24:05,771 - INFO -   시뮬레이션 실행 중...
2026-01-30 06:24:06,463 - INFO -   시뮬레이션 완료 (0.69초)
2026-01-30 06:24:06,463 - INFO - 좌표 787.0 완료 (784/1000, 78.4%)
2026-01-30 06:24:06,463 - INFO - [788/1000] 좌표 788.0 처리 시작: (36.326261, 127.478955), snap_distance_m=28.7
2026-01-30 06:24:06,463 - INFO -   시나리오 생성 중...
2026-01-30 06:24:43,628 - INFO -   시나리오 생성 완료 (37.17초, API 호출: 36회)
2026-01-30 06:24:43,628 - INFO -   시뮬레이션 실행 중...
2026-01-30 06:24:44,315 - INFO -   시뮬레이션 완료 (0.69초)
2026-01-30 06:24:44,315 - INFO - 좌표 788.0 완료 (785/1000, 78.5%)
2026-01-30 06:24:44,315 - INFO - [789/1000] 좌표 789.0 처리 시작: (36.324329, 127.396045), snap_distance_m=3.2
2026-01-30 06:24:44,315 - INFO -   시나리오 생성 중...
2026-01-30 06:25:21,539 - INFO -   시나리오 생성 완료 (37.22초, API 호출: 36회)
2026-01-30 06:25:21,539 - INFO -   시뮬레이션 실행 중...
2026-01-30 06:25:22,218 - INFO -   시뮬레이션 완료 (0.68초)
2026-01-30 06:25:22,218 - INFO - 좌표 789.0 완료 (786/1000, 78.6%)
2026-01-30 06:25:22,218 - INFO - [790/1000] 좌표 790.0 처리 시작: (36.403803, 127.536314), snap_distance_m=149.2
2026-01-30 06:25:22,218 - INFO -   시나리오 생성 중...
2026-01-30 06:26:04,307 - INFO -   시나리오 생성 완료 (42.09초, API 호출: 39회)
2026-01-30 06:26:04,307 - INFO -   시뮬레이션 실행 중...
2026-01-30 06:26:05,005 - INFO -   시뮬레이션 완료 (0.7초)
2026-01-30 06:26:05,005 - INFO - 좌표 790.0 완료 (787/1000, 78.7%)
2026-01-30 06:26:05,005 - INFO - [791/1000] 좌표 791.0 처리 시작: (36.278244, 127.435650), snap_distance_m=163.3
2026-01-30 06:26:05,005 - INFO -   시나리오 생성 중...
2026-01-30 06:26:44,757 - INFO -   시나리오 생성 완료 (39.75초, API 호출: 36회)
2026-01-30 06:26:44,757 - INFO -   시뮬레이션 실행 중...
2026-01-30 06:26:45,452 - INFO -   시뮬레이션 완료 (0.7초)
2026-01-30 06:26:45,452 - INFO - 좌표 791.0 완료 (788/1000, 78.8%)
2026-01-30 06:26:45,452 - INFO - [792/1000] 좌표 792.0 처리 시작: (36.314166, 127.326569), snap_distance_m=162.8
2026-01-30 06:26:45,452 - INFO -   시나리오 생성 중...
2026-01-30 06:27:23,590 - INFO -   시나리오 생성 완료 (38.14초, API 호출: 37회)
2026-01-30 06:27:23,590 - INFO -   시뮬레이션 실행 중...
2026-01-30 06:27:24,276 - INFO -   시뮬레이션 완료 (0.69초)
2026-01-30 06:27:24,276 - INFO - 좌표 792.0 완료 (789/1000, 78.9%)
2026-01-30 06:27:24,276 - INFO - [793/1000] 좌표 793.0 처리 시작: (36.293906, 127.342117), snap_distance_m=82.8
2026-01-30 06:27:24,276 - INFO -   시나리오 생성 중...
2026-01-30 06:28:01,423 - INFO -   시나리오 생성 완료 (37.15초, API 호출: 36회)
2026-01-30 06:28:01,423 - INFO -   시뮬레이션 실행 중...
2026-01-30 06:28:02,093 - INFO -   시뮬레이션 완료 (0.67초)
2026-01-30 06:28:02,093 - INFO - 좌표 793.0 완료 (790/1000, 79.0%)
2026-01-30 06:28:02,093 - INFO - [794/1000] 좌표 794.0 처리 시작: (36.311808, 127.316913), snap_distance_m=38.4
2026-01-30 06:28:02,093 - INFO -   시나리오 생성 중...
2026-01-30 06:28:39,214 - INFO -   시나리오 생성 완료 (37.12초, API 호출: 36회)
2026-01-30 06:28:39,214 - INFO -   시뮬레이션 실행 중...
2026-01-30 06:28:39,890 - INFO -   시뮬레이션 완료 (0.68초)
2026-01-30 06:28:39,890 - INFO - 좌표 794.0 완료 (791/1000, 79.1%)
2026-01-30 06:28:39,890 - INFO - [795/1000] 좌표 795.0 처리 시작: (36.417426, 127.340663), snap_distance_m=47.3
2026-01-30 06:28:39,890 - INFO -   시나리오 생성 중...
2026-01-30 06:29:17,988 - INFO -   시나리오 생성 완료 (38.1초, API 호출: 37회)
2026-01-30 06:29:17,988 - INFO -   시뮬레이션 실행 중...
2026-01-30 06:29:18,672 - INFO -   시뮬레이션 완료 (0.68초)
2026-01-30 06:29:18,672 - INFO - 좌표 795.0 완료 (792/1000, 79.2%)
2026-01-30 06:29:18,672 - INFO - [796/1000] 좌표 796.0 처리 시작: (36.244962, 127.423945), snap_distance_m=94.8
2026-01-30 06:29:18,672 - INFO -   시나리오 생성 중...
2026-01-30 06:29:58,070 - INFO -   시나리오 생성 완료 (39.4초, API 호출: 36회)
2026-01-30 06:29:58,070 - INFO -   시뮬레이션 실행 중...
2026-01-30 06:29:58,748 - INFO -   시뮬레이션 완료 (0.68초)
2026-01-30 06:29:58,748 - INFO - 좌표 796.0 완료 (793/1000, 79.3%)
2026-01-30 06:29:58,748 - INFO - [797/1000] 좌표 797.0 처리 시작: (36.389196, 127.305301), snap_distance_m=49.6
2026-01-30 06:29:58,748 - INFO -   시나리오 생성 중...
2026-01-30 06:30:37,893 - INFO -   시나리오 생성 완료 (39.14초, API 호출: 38회)
2026-01-30 06:30:37,893 - INFO -   시뮬레이션 실행 중...
2026-01-30 06:30:38,567 - INFO -   시뮬레이션 완료 (0.67초)
2026-01-30 06:30:38,568 - INFO - 좌표 797.0 완료 (794/1000, 79.4%)
2026-01-30 06:30:38,568 - INFO - [798/1000] 좌표 798.0 처리 시작: (36.381419, 127.412274), snap_distance_m=12.5
2026-01-30 06:30:38,568 - INFO -   시나리오 생성 중...
2026-01-30 06:31:21,161 - INFO -   시나리오 생성 완료 (42.59초, API 호출: 38회)
2026-01-30 06:31:21,161 - INFO -   시뮬레이션 실행 중...
2026-01-30 06:31:21,836 - INFO -   시뮬레이션 완료 (0.68초)
2026-01-30 06:31:21,836 - INFO - 좌표 798.0 완료 (795/1000, 79.5%)
2026-01-30 06:31:21,836 - INFO - [799/1000] 좌표 799.0 처리 시작: (36.342254, 127.404155), snap_distance_m=27.3
2026-01-30 06:31:21,836 - INFO -   시나리오 생성 중...
2026-01-30 06:31:58,957 - INFO -   시나리오 생성 완료 (37.12초, API 호출: 36회)
2026-01-30 06:31:58,957 - INFO -   시뮬레이션 실행 중...
2026-01-30 06:31:59,641 - INFO -   시뮬레이션 완료 (0.68초)
2026-01-30 06:31:59,641 - INFO - 좌표 799.0 완료 (796/1000, 79.6%)
2026-01-30 06:31:59,641 - INFO - [800/1000] 좌표 800.0 처리 시작: (36.370567, 127.299474), snap_distance_m=64.5
2026-01-30 06:31:59,641 - INFO -   시나리오 생성 중...
2026-01-30 06:32:37,738 - INFO -   시나리오 생성 완료 (38.1초, API 호출: 37회)
2026-01-30 06:32:37,738 - INFO -   시뮬레이션 실행 중...
2026-01-30 06:32:38,417 - INFO -   시뮬레이션 완료 (0.68초)
2026-01-30 06:32:38,417 - INFO - 좌표 800.0 완료 (797/1000, 79.7%)
2026-01-30 06:32:38,417 - INFO - [801/1000] 좌표 801.0 처리 시작: (36.269013, 127.412432), snap_distance_m=196.1
2026-01-30 06:32:38,417 - INFO -   시나리오 생성 중...
2026-01-30 06:33:15,970 - INFO -   시나리오 생성 완료 (37.55초, API 호출: 36회)
2026-01-30 06:33:15,970 - INFO -   시뮬레이션 실행 중...
2026-01-30 06:33:16,646 - INFO -   시뮬레이션 완료 (0.68초)
2026-01-30 06:33:16,646 - INFO - 좌표 801.0 완료 (798/1000, 79.8%)
2026-01-30 06:33:16,646 - INFO - [802/1000] 좌표 802.0 처리 시작: (36.387721, 127.304516), snap_distance_m=4.8
2026-01-30 06:33:16,646 - INFO -   시나리오 생성 중...
2026-01-30 06:33:55,787 - INFO -   시나리오 생성 완료 (39.14초, API 호출: 38회)
2026-01-30 06:33:55,787 - INFO -   시뮬레이션 실행 중...
2026-01-30 06:33:56,467 - INFO -   시뮬레이션 완료 (0.68초)
2026-01-30 06:33:56,467 - INFO - 좌표 802.0 완료 (799/1000, 79.9%)
2026-01-30 06:33:56,467 - INFO - [803/1000] 좌표 803.0 처리 시작: (36.273286, 127.397568), snap_distance_m=59.5
2026-01-30 06:33:56,467 - INFO -   시나리오 생성 중...
2026-01-30 06:34:33,266 - INFO -   시나리오 생성 완료 (36.8초, API 호출: 35회)
2026-01-30 06:34:33,266 - INFO -   시뮬레이션 실행 중...
2026-01-30 06:34:33,946 - INFO -   시뮬레이션 완료 (0.68초)
2026-01-30 06:34:33,946 - INFO - 좌표 803.0 완료 (800/1000, 80.0%)
2026-01-30 06:34:33,946 - INFO - [804/1000] 좌표 804.0 처리 시작: (36.343733, 127.305309), snap_distance_m=12.2
2026-01-30 06:34:33,946 - INFO -   시나리오 생성 중...
2026-01-30 06:35:17,790 - INFO -   시나리오 생성 완료 (43.84초, API 호출: 36회)
2026-01-30 06:35:17,790 - INFO -   시뮬레이션 실행 중...
2026-01-30 06:35:18,473 - INFO -   시뮬레이션 완료 (0.68초)
2026-01-30 06:35:18,473 - INFO - 좌표 804.0 완료 (801/1000, 80.1%)
2026-01-30 06:35:18,473 - INFO - [805/1000] 좌표 805.0 처리 시작: (36.307888, 127.458145), snap_distance_m=13.5
2026-01-30 06:35:18,473 - INFO -   시나리오 생성 중...
2026-01-30 06:35:55,582 - INFO -   시나리오 생성 완료 (37.11초, API 호출: 36회)
2026-01-30 06:35:55,582 - INFO -   시뮬레이션 실행 중...
2026-01-30 06:35:56,258 - INFO -   시뮬레이션 완료 (0.68초)
2026-01-30 06:35:56,258 - INFO - 좌표 805.0 완료 (802/1000, 80.2%)
2026-01-30 06:35:56,258 - INFO - [806/1000] 좌표 806.0 처리 시작: (36.379151, 127.319678), snap_distance_m=6.3
2026-01-30 06:35:56,258 - INFO -   시나리오 생성 중...
2026-01-30 06:36:36,827 - INFO -   시나리오 생성 완료 (40.57초, API 호출: 38회)
2026-01-30 06:36:36,827 - INFO -   시뮬레이션 실행 중...
2026-01-30 06:36:37,761 - INFO -   시뮬레이션 완료 (0.93초)
2026-01-30 06:36:37,761 - INFO - 좌표 806.0 완료 (803/1000, 80.3%)
2026-01-30 06:36:37,761 - INFO - [807/1000] 좌표 807.0 처리 시작: (36.458722, 127.370321), snap_distance_m=209.1
2026-01-30 06:36:37,761 - INFO -   시나리오 생성 중...
2026-01-30 06:37:17,256 - INFO -   시나리오 생성 완료 (39.49초, API 호출: 38회)
2026-01-30 06:37:17,256 - INFO -   시뮬레이션 실행 중...
2026-01-30 06:37:17,940 - INFO -   시뮬레이션 완료 (0.68초)
2026-01-30 06:37:17,940 - INFO - 좌표 807.0 완료 (804/1000, 80.4%)
2026-01-30 06:37:17,940 - INFO - [808/1000] 좌표 808.0 처리 시작: (36.319828, 127.470435), snap_distance_m=47.8
2026-01-30 06:37:17,940 - INFO -   시나리오 생성 중...
2026-01-30 06:37:55,050 - INFO -   시나리오 생성 완료 (37.11초, API 호출: 36회)
2026-01-30 06:37:55,050 - INFO -   시뮬레이션 실행 중...
2026-01-30 06:37:55,736 - INFO -   시뮬레이션 완료 (0.69초)
2026-01-30 06:37:55,736 - INFO - 좌표 808.0 완료 (805/1000, 80.5%)
2026-01-30 06:37:55,736 - INFO - [809/1000] 좌표 809.0 처리 시작: (36.410838, 127.474431), snap_distance_m=17.4
2026-01-30 06:37:55,736 - INFO -   시나리오 생성 중...
2026-01-30 06:38:35,836 - INFO -   시나리오 생성 완료 (40.1초, API 호출: 38회)
2026-01-30 06:38:35,836 - INFO -   시뮬레이션 실행 중...
2026-01-30 06:38:36,520 - INFO -   시뮬레이션 완료 (0.68초)
2026-01-30 06:38:36,520 - INFO - 좌표 809.0 완료 (806/1000, 80.6%)
2026-01-30 06:38:36,520 - INFO - [810/1000] 좌표 810.0 처리 시작: (36.402633, 127.355743), snap_distance_m=24.3
2026-01-30 06:38:36,520 - INFO -   시나리오 생성 중...
2026-01-30 06:39:15,664 - INFO -   시나리오 생성 완료 (39.14초, API 호출: 38회)
2026-01-30 06:39:15,664 - INFO -   시뮬레이션 실행 중...
2026-01-30 06:39:16,355 - INFO -   시뮬레이션 완료 (0.69초)
2026-01-30 06:39:16,355 - INFO - 좌표 810.0 완료 (807/1000, 80.7%)
2026-01-30 06:39:16,355 - INFO - [811/1000] 좌표 811.0 처리 시작: (36.315375, 127.391514), snap_distance_m=21.2
2026-01-30 06:39:16,355 - INFO -   시나리오 생성 중...
2026-01-30 06:39:53,492 - INFO -   시나리오 생성 완료 (37.14초, API 호출: 36회)
2026-01-30 06:39:53,492 - INFO -   시뮬레이션 실행 중...
2026-01-30 06:39:54,170 - INFO -   시뮬레이션 완료 (0.68초)
2026-01-30 06:39:54,170 - INFO - 좌표 811.0 완료 (808/1000, 80.8%)
2026-01-30 06:39:54,170 - INFO - [812/1000] 좌표 812.0 처리 시작: (36.353035, 127.434774), snap_distance_m=9.2
2026-01-30 06:39:54,170 - INFO -   시나리오 생성 중...
2026-01-30 06:40:33,276 - INFO -   시나리오 생성 완료 (39.11초, API 호출: 38회)
2026-01-30 06:40:33,276 - INFO -   시뮬레이션 실행 중...
2026-01-30 06:40:33,960 - INFO -   시뮬레이션 완료 (0.68초)
2026-01-30 06:40:33,960 - INFO - 좌표 812.0 완료 (809/1000, 80.9%)
2026-01-30 06:40:33,960 - INFO - [813/1000] 좌표 813.0 처리 시작: (36.267999, 127.290037), snap_distance_m=97.1
2026-01-30 06:40:33,960 - INFO -   시나리오 생성 중...
2026-01-30 06:41:15,930 - INFO -   시나리오 생성 완료 (41.97초, API 호출: 37회)
2026-01-30 06:41:15,930 - INFO -   시뮬레이션 실행 중...
2026-01-30 06:41:16,625 - INFO -   시뮬레이션 완료 (0.69초)
2026-01-30 06:41:16,625 - INFO - 좌표 813.0 완료 (810/1000, 81.0%)
2026-01-30 06:41:16,625 - INFO - [814/1000] 좌표 814.0 처리 시작: (36.360302, 127.445357), snap_distance_m=12.7
2026-01-30 06:41:16,625 - INFO -   시나리오 생성 중...
2026-01-30 06:41:56,559 - INFO -   시나리오 생성 완료 (39.93초, API 호출: 38회)
2026-01-30 06:41:56,559 - INFO -   시뮬레이션 실행 중...
2026-01-30 06:41:57,236 - INFO -   시뮬레이션 완료 (0.68초)
2026-01-30 06:41:57,236 - INFO - 좌표 814.0 완료 (811/1000, 81.1%)
2026-01-30 06:41:57,236 - INFO - [815/1000] 좌표 815.0 처리 시작: (36.413686, 127.387119), snap_distance_m=4.0
2026-01-30 06:41:57,236 - INFO -   시나리오 생성 중...
2026-01-30 06:42:35,417 - INFO -   시나리오 생성 완료 (38.18초, API 호출: 37회)
2026-01-30 06:42:35,417 - INFO -   시뮬레이션 실행 중...
2026-01-30 06:42:36,092 - INFO -   시뮬레이션 완료 (0.67초)
2026-01-30 06:42:36,092 - INFO - 좌표 815.0 완료 (812/1000, 81.2%)
2026-01-30 06:42:36,092 - INFO - [816/1000] 좌표 816.0 처리 시작: (36.309795, 127.378431), snap_distance_m=7.0
2026-01-30 06:42:36,092 - INFO -   시나리오 생성 중...
2026-01-30 06:43:12,918 - INFO -   시나리오 생성 완료 (36.83초, API 호출: 35회)
2026-01-30 06:43:12,918 - INFO -   시뮬레이션 실행 중...
2026-01-30 06:43:13,611 - INFO -   시뮬레이션 완료 (0.69초)
2026-01-30 06:43:13,611 - INFO - 좌표 816.0 완료 (813/1000, 81.3%)
2026-01-30 06:43:13,611 - INFO - [817/1000] 좌표 817.0 처리 시작: (36.367932, 127.294835), snap_distance_m=20.0
2026-01-30 06:43:13,611 - INFO -   시나리오 생성 중...
2026-01-30 06:43:51,715 - INFO -   시나리오 생성 완료 (38.1초, API 호출: 37회)
2026-01-30 06:43:51,715 - INFO -   시뮬레이션 실행 중...
2026-01-30 06:43:52,396 - INFO -   시뮬레이션 완료 (0.68초)
2026-01-30 06:43:52,396 - INFO - 좌표 817.0 완료 (814/1000, 81.4%)
2026-01-30 06:43:52,396 - INFO - [818/1000] 좌표 818.0 처리 시작: (36.393134, 127.398191), snap_distance_m=20.6
2026-01-30 06:43:52,396 - INFO -   시나리오 생성 중...
2026-01-30 06:44:31,532 - INFO -   시나리오 생성 완료 (39.14초, API 호출: 38회)
2026-01-30 06:44:31,532 - INFO -   시뮬레이션 실행 중...
2026-01-30 06:44:32,208 - INFO -   시뮬레이션 완료 (0.68초)
2026-01-30 06:44:32,208 - INFO - 좌표 818.0 완료 (815/1000, 81.5%)
2026-01-30 06:44:32,208 - INFO - [819/1000] 좌표 819.0 처리 시작: (36.304108, 127.267128), snap_distance_m=91.5
2026-01-30 06:44:32,208 - INFO -   시나리오 생성 중...
2026-01-30 06:45:13,628 - INFO -   시나리오 생성 완료 (41.42초, API 호출: 36회)
2026-01-30 06:45:13,628 - INFO -   시뮬레이션 실행 중...
2026-01-30 06:45:14,307 - INFO -   시뮬레이션 완료 (0.68초)
2026-01-30 06:45:14,307 - INFO - 좌표 819.0 완료 (816/1000, 81.6%)
2026-01-30 06:45:14,307 - INFO - [820/1000] 좌표 820.0 처리 시작: (36.300195, 127.392435), snap_distance_m=126.0
2026-01-30 06:45:14,307 - INFO -   시나리오 생성 중...
2026-01-30 06:45:50,418 - INFO -   시나리오 생성 완료 (36.11초, API 호출: 35회)
2026-01-30 06:45:50,418 - INFO -   시뮬레이션 실행 중...
2026-01-30 06:45:51,099 - INFO -   시뮬레이션 완료 (0.68초)
2026-01-30 06:45:51,099 - INFO - 좌표 820.0 완료 (817/1000, 81.7%)
2026-01-30 06:45:51,099 - INFO - [821/1000] 좌표 821.0 처리 시작: (36.414589, 127.323544), snap_distance_m=53.6
2026-01-30 06:45:51,099 - INFO -   시나리오 생성 중...
2026-01-30 06:46:29,206 - INFO -   시나리오 생성 완료 (38.11초, API 호출: 37회)
2026-01-30 06:46:29,206 - INFO -   시뮬레이션 실행 중...
2026-01-30 06:46:29,896 - INFO -   시뮬레이션 완료 (0.69초)
2026-01-30 06:46:29,896 - INFO - 좌표 821.0 완료 (818/1000, 81.8%)
2026-01-30 06:46:29,896 - INFO - [822/1000] 좌표 822.0 처리 시작: (36.462445, 127.362656), snap_distance_m=4.0
2026-01-30 06:46:29,896 - INFO -   시나리오 생성 중...
2026-01-30 06:47:08,022 - INFO -   시나리오 생성 완료 (38.13초, API 호출: 37회)
2026-01-30 06:47:08,022 - INFO -   시뮬레이션 실행 중...
2026-01-30 06:47:08,693 - INFO -   시뮬레이션 완료 (0.67초)
2026-01-30 06:47:08,693 - INFO - 좌표 822.0 완료 (819/1000, 81.9%)
2026-01-30 06:47:08,693 - INFO - [823/1000] 좌표 823.0 처리 시작: (36.397113, 127.393245), snap_distance_m=19.7
2026-01-30 06:47:08,693 - INFO -   시나리오 생성 중...
2026-01-30 06:47:47,839 - INFO -   시나리오 생성 완료 (39.15초, API 호출: 38회)
2026-01-30 06:47:47,839 - INFO -   시뮬레이션 실행 중...
2026-01-30 06:47:48,530 - INFO -   시뮬레이션 완료 (0.67초)
2026-01-30 06:47:48,530 - INFO - 좌표 823.0 완료 (820/1000, 82.0%)
2026-01-30 06:47:48,530 - INFO - [824/1000] 좌표 824.0 처리 시작: (36.278792, 127.463316), snap_distance_m=69.3
2026-01-30 06:47:48,530 - INFO -   시나리오 생성 중...
2026-01-30 06:48:24,681 - INFO -   시나리오 생성 완료 (36.15초, API 호출: 35회)
2026-01-30 06:48:24,681 - INFO -   시뮬레이션 실행 중...
2026-01-30 06:48:25,343 - INFO -   시뮬레이션 완료 (0.66초)
2026-01-30 06:48:25,343 - INFO - 좌표 824.0 완료 (821/1000, 82.1%)
2026-01-30 06:48:25,343 - INFO - [825/1000] 좌표 825.0 처리 시작: (36.370611, 127.420537), snap_distance_m=26.1
2026-01-30 06:48:25,343 - INFO -   시나리오 생성 중...
2026-01-30 06:49:04,476 - INFO -   시나리오 생성 완료 (39.13초, API 호출: 38회)
2026-01-30 06:49:04,476 - INFO -   시뮬레이션 실행 중...
2026-01-30 06:49:05,151 - INFO -   시뮬레이션 완료 (0.67초)
2026-01-30 06:49:05,151 - INFO - 좌표 825.0 완료 (822/1000, 82.2%)
2026-01-30 06:49:05,151 - INFO - [826/1000] 좌표 826.0 처리 시작: (36.403061, 127.491517), snap_distance_m=50.5
2026-01-30 06:49:05,151 - INFO -   시나리오 생성 중...
2026-01-30 06:49:44,311 - INFO -   시나리오 생성 완료 (39.16초, API 호출: 38회)
2026-01-30 06:49:44,311 - INFO -   시뮬레이션 실행 중...
2026-01-30 06:49:45,044 - INFO -   시뮬레이션 완료 (0.73초)
2026-01-30 06:49:45,044 - INFO - 좌표 826.0 완료 (823/1000, 82.3%)
2026-01-30 06:49:45,044 - INFO - [827/1000] 좌표 827.0 처리 시작: (36.274174, 127.426133), snap_distance_m=84.0
2026-01-30 06:49:45,044 - INFO -   시나리오 생성 중...
2026-01-30 06:50:22,155 - INFO -   시나리오 생성 완료 (37.11초, API 호출: 36회)
2026-01-30 06:50:22,171 - INFO -   시뮬레이션 실행 중...
2026-01-30 06:50:22,830 - INFO -   시뮬레이션 완료 (0.66초)
2026-01-30 06:50:22,830 - INFO - 좌표 827.0 완료 (824/1000, 82.4%)
2026-01-30 06:50:22,830 - INFO - [828/1000] 좌표 828.0 처리 시작: (36.400546, 127.317382), snap_distance_m=17.5
2026-01-30 06:50:22,830 - INFO -   시나리오 생성 중...
2026-01-30 06:51:08,988 - INFO -   시나리오 생성 완료 (46.16초, API 호출: 38회)
2026-01-30 06:51:08,988 - INFO -   시뮬레이션 실행 중...
2026-01-30 06:51:09,667 - INFO -   시뮬레이션 완료 (0.68초)
2026-01-30 06:51:09,667 - INFO - 좌표 828.0 완료 (825/1000, 82.5%)
2026-01-30 06:51:09,667 - INFO - [829/1000] 좌표 829.0 처리 시작: (36.307833, 127.479882), snap_distance_m=54.1
2026-01-30 06:51:09,667 - INFO -   시나리오 생성 중...
2026-01-30 06:51:46,835 - INFO -   시나리오 생성 완료 (37.17초, API 호출: 36회)
2026-01-30 06:51:46,835 - INFO -   시뮬레이션 실행 중...
2026-01-30 06:51:47,525 - INFO -   시뮬레이션 완료 (0.69초)
2026-01-30 06:51:47,525 - INFO - 좌표 829.0 완료 (826/1000, 82.6%)
2026-01-30 06:51:47,525 - INFO - [830/1000] 좌표 830.0 처리 시작: (36.375320, 127.347495), snap_distance_m=234.0
2026-01-30 06:51:47,525 - INFO -   시나리오 생성 중...
2026-01-30 06:52:26,645 - INFO -   시나리오 생성 완료 (39.12초, API 호출: 38회)
2026-01-30 06:52:26,645 - INFO -   시뮬레이션 실행 중...
2026-01-30 06:52:27,324 - INFO -   시뮬레이션 완료 (0.68초)
2026-01-30 06:52:27,324 - INFO - 좌표 830.0 완료 (827/1000, 82.7%)
2026-01-30 06:52:27,324 - INFO - [831/1000] 좌표 831.0 처리 시작: (36.268830, 127.475806), snap_distance_m=21.1
2026-01-30 06:52:27,324 - INFO -   시나리오 생성 중...
2026-01-30 06:53:04,374 - INFO -   시나리오 생성 완료 (37.05초, API 호출: 35회)
2026-01-30 06:53:04,374 - INFO -   시뮬레이션 실행 중...
2026-01-30 06:53:05,044 - INFO -   시뮬레이션 완료 (0.67초)
2026-01-30 06:53:05,044 - INFO - 좌표 831.0 완료 (828/1000, 82.8%)
2026-01-30 06:53:05,044 - INFO - [832/1000] 좌표 832.0 처리 시작: (36.481071, 127.363960), snap_distance_m=135.1
2026-01-30 06:53:05,044 - INFO -   시나리오 생성 중...
2026-01-30 06:53:43,163 - INFO -   시나리오 생성 완료 (38.12초, API 호출: 37회)
2026-01-30 06:53:43,163 - INFO -   시뮬레이션 실행 중...
2026-01-30 06:53:43,853 - INFO -   시뮬레이션 완료 (0.69초)
2026-01-30 06:53:43,853 - INFO - 좌표 832.0 완료 (829/1000, 82.9%)
2026-01-30 06:53:43,853 - INFO - [833/1000] 좌표 833.0 처리 시작: (36.294086, 127.463216), snap_distance_m=142.6
2026-01-30 06:53:43,853 - INFO -   시나리오 생성 중...
2026-01-30 06:54:20,962 - INFO -   시나리오 생성 완료 (37.11초, API 호출: 36회)
2026-01-30 06:54:20,962 - INFO -   시뮬레이션 실행 중...
2026-01-30 06:54:21,692 - INFO -   시뮬레이션 완료 (0.73초)
2026-01-30 06:54:21,692 - INFO - 좌표 833.0 완료 (830/1000, 83.0%)
2026-01-30 06:54:21,692 - INFO - [834/1000] 좌표 834.0 처리 시작: (36.304783, 127.389659), snap_distance_m=2.8
2026-01-30 06:54:21,692 - INFO -   시나리오 생성 중...
2026-01-30 06:54:58,820 - INFO -   시나리오 생성 완료 (37.13초, API 호출: 36회)
2026-01-30 06:54:58,820 - INFO -   시뮬레이션 실행 중...
2026-01-30 06:54:59,496 - INFO -   시뮬레이션 완료 (0.68초)
2026-01-30 06:54:59,496 - INFO - 좌표 834.0 완료 (831/1000, 83.1%)
2026-01-30 06:54:59,496 - INFO - [835/1000] 좌표 835.0 처리 시작: (36.372732, 127.439624), snap_distance_m=22.1
2026-01-30 06:54:59,496 - INFO -   시나리오 생성 중...
2026-01-30 06:55:37,649 - INFO -   시나리오 생성 완료 (38.15초, API 호출: 37회)
2026-01-30 06:55:37,649 - INFO -   시뮬레이션 실행 중...
2026-01-30 06:55:38,335 - INFO -   시뮬레이션 완료 (0.69초)
2026-01-30 06:55:38,335 - INFO - 좌표 835.0 완료 (832/1000, 83.2%)
2026-01-30 06:55:38,351 - INFO - [836/1000] 좌표 836.0 처리 시작: (36.311650, 127.264028), snap_distance_m=5.0
2026-01-30 06:55:38,351 - INFO -   시나리오 생성 중...
2026-01-30 06:56:15,497 - INFO -   시나리오 생성 완료 (37.15초, API 호출: 36회)
2026-01-30 06:56:15,497 - INFO -   시뮬레이션 실행 중...
2026-01-30 06:56:16,169 - INFO -   시뮬레이션 완료 (0.67초)
2026-01-30 06:56:16,169 - INFO - 좌표 836.0 완료 (833/1000, 83.3%)
2026-01-30 06:56:16,169 - INFO - [837/1000] 좌표 837.0 처리 시작: (36.287340, 127.298227), snap_distance_m=45.1
2026-01-30 06:56:16,169 - INFO -   시나리오 생성 중...
2026-01-30 06:56:53,285 - INFO -   시나리오 생성 완료 (37.12초, API 호출: 36회)
2026-01-30 06:56:53,285 - INFO -   시뮬레이션 실행 중...
2026-01-30 06:56:53,969 - INFO -   시뮬레이션 완료 (0.68초)
2026-01-30 06:56:53,969 - INFO - 좌표 837.0 완료 (834/1000, 83.4%)
2026-01-30 06:56:53,969 - INFO - [838/1000] 좌표 838.0 처리 시작: (36.289660, 127.334613), snap_distance_m=100.2
2026-01-30 06:56:53,969 - INFO -   시나리오 생성 중...
2026-01-30 06:57:31,101 - INFO -   시나리오 생성 완료 (37.13초, API 호출: 36회)
2026-01-30 06:57:31,101 - INFO -   시뮬레이션 실행 중...
2026-01-30 06:57:31,794 - INFO -   시뮬레이션 완료 (0.69초)
2026-01-30 06:57:31,794 - INFO - 좌표 838.0 완료 (835/1000, 83.5%)
2026-01-30 06:57:31,794 - INFO - [839/1000] 좌표 839.0 처리 시작: (36.361261, 127.396601), snap_distance_m=64.2
2026-01-30 06:57:31,794 - INFO -   시나리오 생성 중...
2026-01-30 06:58:10,930 - INFO -   시나리오 생성 완료 (39.14초, API 호출: 38회)
2026-01-30 06:58:10,930 - INFO -   시뮬레이션 실행 중...
2026-01-30 06:58:11,715 - INFO -   시뮬레이션 완료 (0.79초)
2026-01-30 06:58:11,715 - INFO - 좌표 839.0 완료 (836/1000, 83.6%)
2026-01-30 06:58:11,715 - INFO - [840/1000] 좌표 840.0 처리 시작: (36.262681, 127.413864), snap_distance_m=109.8
2026-01-30 06:58:11,715 - INFO -   시나리오 생성 중...
2026-01-30 06:58:48,946 - INFO -   시나리오 생성 완료 (37.23초, API 호출: 36회)
2026-01-30 06:58:48,946 - INFO -   시뮬레이션 실행 중...
2026-01-30 06:58:49,638 - INFO -   시뮬레이션 완료 (0.69초)
2026-01-30 06:58:49,638 - INFO - 좌표 840.0 완료 (837/1000, 83.7%)
2026-01-30 06:58:49,638 - INFO - [841/1000] 좌표 841.0 처리 시작: (36.383280, 127.425273), snap_distance_m=131.7
2026-01-30 06:58:49,638 - INFO -   시나리오 생성 중...
2026-01-30 06:59:29,658 - INFO -   시나리오 생성 완료 (40.02초, API 호출: 38회)
2026-01-30 06:59:29,672 - INFO -   시뮬레이션 실행 중...
2026-01-30 06:59:30,355 - INFO -   시뮬레이션 완료 (0.68초)
2026-01-30 06:59:30,355 - INFO - 좌표 841.0 완료 (838/1000, 83.8%)
2026-01-30 06:59:30,355 - INFO - [842/1000] 좌표 842.0 처리 시작: (36.411600, 127.484692), snap_distance_m=189.4
2026-01-30 06:59:30,355 - INFO -   시나리오 생성 중...
2026-01-30 07:00:09,501 - INFO -   시나리오 생성 완료 (39.15초, API 호출: 38회)
2026-01-30 07:00:09,501 - INFO -   시뮬레이션 실행 중...
2026-01-30 07:00:10,246 - INFO -   시뮬레이션 완료 (0.75초)
2026-01-30 07:00:10,246 - INFO - 좌표 842.0 완료 (839/1000, 83.9%)
2026-01-30 07:00:10,246 - INFO - [843/1000] 좌표 843.0 처리 시작: (36.239304, 127.468969), snap_distance_m=38.6
2026-01-30 07:00:10,246 - INFO -   시나리오 생성 중...
2026-01-30 07:00:47,388 - INFO -   시나리오 생성 완료 (37.14초, API 호출: 36회)
2026-01-30 07:00:47,388 - INFO -   시뮬레이션 실행 중...
2026-01-30 07:00:48,066 - INFO -   시뮬레이션 완료 (0.68초)
2026-01-30 07:00:48,066 - INFO - 좌표 843.0 완료 (840/1000, 84.0%)
2026-01-30 07:00:48,066 - INFO - [844/1000] 좌표 844.0 처리 시작: (36.281869, 127.390290), snap_distance_m=246.8
2026-01-30 07:00:48,066 - INFO -   시나리오 생성 중...
2026-01-30 07:01:27,571 - INFO -   시나리오 생성 완료 (39.5초, API 호출: 35회)
2026-01-30 07:01:27,571 - INFO -   시뮬레이션 실행 중...
2026-01-30 07:01:28,277 - INFO -   시뮬레이션 완료 (0.71초)
2026-01-30 07:01:28,277 - INFO - 좌표 844.0 완료 (841/1000, 84.1%)
2026-01-30 07:01:28,277 - INFO - [845/1000] 좌표 845.0 처리 시작: (36.404957, 127.411186), snap_distance_m=0.5
2026-01-30 07:01:28,277 - INFO -   시나리오 생성 중...
2026-01-30 07:02:08,482 - INFO -   시나리오 생성 완료 (40.21초, API 호출: 39회)
2026-01-30 07:02:08,482 - INFO -   시뮬레이션 실행 중...
2026-01-30 07:02:09,169 - INFO -   시뮬레이션 완료 (0.69초)
2026-01-30 07:02:09,169 - INFO - 좌표 845.0 완료 (842/1000, 84.2%)
2026-01-30 07:02:09,169 - INFO - [846/1000] 좌표 846.0 처리 시작: (36.348642, 127.327934), snap_distance_m=28.1
2026-01-30 07:02:09,169 - INFO -   시나리오 생성 중...
2026-01-30 07:02:46,318 - INFO -   시나리오 생성 완료 (37.15초, API 호출: 36회)
2026-01-30 07:02:46,318 - INFO -   시뮬레이션 실행 중...
2026-01-30 07:02:46,989 - INFO -   시뮬레이션 완료 (0.67초)
2026-01-30 07:02:46,989 - INFO - 좌표 846.0 완료 (843/1000, 84.3%)
2026-01-30 07:02:46,989 - INFO - [847/1000] 좌표 847.0 처리 시작: (36.344485, 127.444830), snap_distance_m=16.3
2026-01-30 07:02:46,989 - INFO -   시나리오 생성 중...
2026-01-30 07:03:25,149 - INFO -   시나리오 생성 완료 (38.16초, API 호출: 37회)
2026-01-30 07:03:25,149 - INFO -   시뮬레이션 실행 중...
2026-01-30 07:03:25,834 - INFO -   시뮬레이션 완료 (0.68초)
2026-01-30 07:03:25,834 - INFO - 좌표 847.0 완료 (844/1000, 84.4%)
2026-01-30 07:03:25,834 - INFO - [848/1000] 좌표 848.0 처리 시작: (36.317077, 127.332231), snap_distance_m=18.1
2026-01-30 07:03:25,834 - INFO -   시나리오 생성 중...
2026-01-30 07:04:03,957 - INFO -   시나리오 생성 완료 (38.12초, API 호출: 37회)
2026-01-30 07:04:03,957 - INFO -   시뮬레이션 실행 중...
2026-01-30 07:04:04,665 - INFO -   시뮬레이션 완료 (0.71초)
2026-01-30 07:04:04,665 - INFO - 좌표 848.0 완료 (845/1000, 84.5%)
2026-01-30 07:04:04,665 - INFO - [849/1000] 좌표 849.0 처리 시작: (36.409039, 127.381039), snap_distance_m=55.3
2026-01-30 07:04:04,665 - INFO -   시나리오 생성 중...
2026-01-30 07:04:44,315 - INFO -   시나리오 생성 완료 (39.65초, API 호출: 37회)
2026-01-30 07:04:44,315 - INFO -   시뮬레이션 실행 중...
2026-01-30 07:04:45,021 - INFO -   시뮬레이션 완료 (0.71초)
2026-01-30 07:04:45,021 - INFO - 좌표 849.0 완료 (846/1000, 84.6%)
2026-01-30 07:04:45,021 - INFO - [850/1000] 좌표 850.0 처리 시작: (36.343645, 127.482961), snap_distance_m=111.2
2026-01-30 07:04:45,021 - INFO -   시나리오 생성 중...
2026-01-30 07:05:23,144 - INFO -   시나리오 생성 완료 (38.12초, API 호출: 37회)
2026-01-30 07:05:23,144 - INFO -   시뮬레이션 실행 중...
2026-01-30 07:05:23,840 - INFO -   시뮬레이션 완료 (0.7초)
2026-01-30 07:05:23,840 - INFO - 좌표 850.0 완료 (847/1000, 84.7%)
2026-01-30 07:05:23,840 - INFO - [851/1000] 좌표 851.0 처리 시작: (36.479037, 127.363248), snap_distance_m=9.3
2026-01-30 07:05:23,840 - INFO -   시나리오 생성 중...
2026-01-30 07:06:02,041 - INFO -   시나리오 생성 완료 (38.2초, API 호출: 37회)
2026-01-30 07:06:02,041 - INFO -   시뮬레이션 실행 중...
2026-01-30 07:06:02,732 - INFO -   시뮬레이션 완료 (0.69초)
2026-01-30 07:06:02,732 - INFO - 좌표 851.0 완료 (848/1000, 84.8%)
2026-01-30 07:06:02,732 - INFO - [852/1000] 좌표 852.0 처리 시작: (36.275740, 127.477013), snap_distance_m=23.7
2026-01-30 07:06:02,732 - INFO -   시나리오 생성 중...
2026-01-30 07:06:39,844 - INFO -   시나리오 생성 완료 (37.11초, API 호출: 36회)
2026-01-30 07:06:39,844 - INFO -   시뮬레이션 실행 중...
2026-01-30 07:06:40,557 - INFO -   시뮬레이션 완료 (0.71초)
2026-01-30 07:06:40,557 - INFO - 좌표 852.0 완료 (849/1000, 84.9%)
2026-01-30 07:06:40,557 - INFO - [853/1000] 좌표 853.0 처리 시작: (36.305500, 127.315242), snap_distance_m=58.0
2026-01-30 07:06:40,557 - INFO -   시나리오 생성 중...
2026-01-30 07:07:17,773 - INFO -   시나리오 생성 완료 (37.22초, API 호출: 36회)
2026-01-30 07:07:17,773 - INFO -   시뮬레이션 실행 중...
2026-01-30 07:07:18,474 - INFO -   시뮬레이션 완료 (0.7초)
2026-01-30 07:07:18,474 - INFO - 좌표 853.0 완료 (850/1000, 85.0%)
2026-01-30 07:07:18,474 - INFO - [854/1000] 좌표 854.0 처리 시작: (36.343025, 127.490886), snap_distance_m=88.3
2026-01-30 07:07:18,474 - INFO -   시나리오 생성 중...
2026-01-30 07:07:56,623 - INFO -   시나리오 생성 완료 (38.15초, API 호출: 37회)
2026-01-30 07:07:56,623 - INFO -   시뮬레이션 실행 중...
2026-01-30 07:07:57,314 - INFO -   시뮬레이션 완료 (0.69초)
2026-01-30 07:07:57,314 - INFO - 좌표 854.0 완료 (851/1000, 85.1%)
2026-01-30 07:07:57,314 - INFO - [855/1000] 좌표 855.0 처리 시작: (36.407491, 127.440267), snap_distance_m=118.0
2026-01-30 07:07:57,314 - INFO -   시나리오 생성 중...
2026-01-30 07:08:37,837 - INFO -   시나리오 생성 완료 (40.52초, API 호출: 38회)
2026-01-30 07:08:37,837 - INFO -   시뮬레이션 실행 중...
2026-01-30 07:08:38,529 - INFO -   시뮬레이션 완료 (0.69초)
2026-01-30 07:08:38,529 - INFO - 좌표 855.0 완료 (852/1000, 85.2%)
2026-01-30 07:08:38,529 - INFO - [856/1000] 좌표 856.0 처리 시작: (36.448748, 127.452213), snap_distance_m=0.2
2026-01-30 07:08:38,529 - INFO -   시나리오 생성 중...
2026-01-30 07:09:17,730 - INFO -   시나리오 생성 완료 (39.2초, API 호출: 38회)
2026-01-30 07:09:17,730 - INFO -   시뮬레이션 실행 중...
2026-01-30 07:09:18,432 - INFO -   시뮬레이션 완료 (0.7초)
2026-01-30 07:09:18,432 - INFO - 좌표 856.0 완료 (853/1000, 85.3%)
2026-01-30 07:09:18,432 - INFO - [857/1000] 좌표 857.0 처리 시작: (36.282953, 127.308680), snap_distance_m=27.6
2026-01-30 07:09:18,432 - INFO -   시나리오 생성 중...
2026-01-30 07:09:55,575 - INFO -   시나리오 생성 완료 (37.14초, API 호출: 36회)
2026-01-30 07:09:55,575 - INFO -   시뮬레이션 실행 중...
2026-01-30 07:09:56,264 - INFO -   시뮬레이션 완료 (0.69초)
2026-01-30 07:09:56,264 - INFO - 좌표 857.0 완료 (854/1000, 85.4%)
2026-01-30 07:09:56,264 - INFO - [858/1000] 좌표 858.0 처리 시작: (36.264680, 127.298474), snap_distance_m=115.5
2026-01-30 07:09:56,264 - INFO -   시나리오 생성 중...
2026-01-30 07:10:33,375 - INFO -   시나리오 생성 완료 (37.11초, API 호출: 36회)
2026-01-30 07:10:33,375 - INFO -   시뮬레이션 실행 중...
2026-01-30 07:10:34,062 - INFO -   시뮬레이션 완료 (0.69초)
2026-01-30 07:10:34,062 - INFO - 좌표 858.0 완료 (855/1000, 85.5%)
2026-01-30 07:10:34,062 - INFO - [859/1000] 좌표 859.0 처리 시작: (36.357326, 127.329232), snap_distance_m=33.3
2026-01-30 07:10:34,062 - INFO -   시나리오 생성 중...
2026-01-30 07:11:15,968 - INFO -   시나리오 생성 완료 (41.91초, API 호출: 37회)
2026-01-30 07:11:15,968 - INFO -   시뮬레이션 실행 중...
2026-01-30 07:11:16,660 - INFO -   시뮬레이션 완료 (0.69초)
2026-01-30 07:11:16,660 - INFO - 좌표 859.0 완료 (856/1000, 85.6%)
2026-01-30 07:11:16,660 - INFO - [860/1000] 좌표 860.0 처리 시작: (36.315710, 127.387249), snap_distance_m=1.3
2026-01-30 07:11:16,660 - INFO -   시나리오 생성 중...
2026-01-30 07:11:53,800 - INFO -   시나리오 생성 완료 (37.14초, API 호출: 36회)
2026-01-30 07:11:53,800 - INFO -   시뮬레이션 실행 중...
2026-01-30 07:11:54,493 - INFO -   시뮬레이션 완료 (0.69초)
2026-01-30 07:11:54,493 - INFO - 좌표 860.0 완료 (857/1000, 85.7%)
2026-01-30 07:11:54,493 - INFO - [861/1000] 좌표 861.0 처리 시작: (36.294727, 127.356410), snap_distance_m=11.4
2026-01-30 07:11:54,493 - INFO -   시나리오 생성 중...
2026-01-30 07:12:30,624 - INFO -   시나리오 생성 완료 (36.13초, API 호출: 35회)
2026-01-30 07:12:30,624 - INFO -   시뮬레이션 실행 중...
2026-01-30 07:12:31,314 - INFO -   시뮬레이션 완료 (0.69초)
2026-01-30 07:12:31,314 - INFO - 좌표 861.0 완료 (858/1000, 85.8%)
2026-01-30 07:12:31,314 - INFO - [862/1000] 좌표 862.0 처리 시작: (36.404388, 127.311913), snap_distance_m=3.2
2026-01-30 07:12:31,314 - INFO -   시나리오 생성 중...
2026-01-30 07:13:09,423 - INFO -   시나리오 생성 완료 (38.11초, API 호출: 37회)
2026-01-30 07:13:09,423 - INFO -   시뮬레이션 실행 중...
2026-01-30 07:13:10,124 - INFO -   시뮬레이션 완료 (0.7초)
2026-01-30 07:13:10,124 - INFO - 좌표 862.0 완료 (859/1000, 85.9%)
2026-01-30 07:13:10,124 - INFO - [863/1000] 좌표 863.0 처리 시작: (36.251196, 127.311435), snap_distance_m=36.2
2026-01-30 07:13:10,124 - INFO -   시나리오 생성 중...
2026-01-30 07:13:46,261 - INFO -   시나리오 생성 완료 (36.14초, API 호출: 35회)
2026-01-30 07:13:46,261 - INFO -   시뮬레이션 실행 중...
2026-01-30 07:13:46,939 - INFO -   시뮬레이션 완료 (0.68초)
2026-01-30 07:13:46,939 - INFO - 좌표 863.0 완료 (860/1000, 86.0%)
2026-01-30 07:13:46,939 - INFO - [864/1000] 좌표 864.0 처리 시작: (36.399766, 127.491393), snap_distance_m=174.9
2026-01-30 07:13:46,939 - INFO -   시나리오 생성 중...
2026-01-30 07:14:26,097 - INFO -   시나리오 생성 완료 (39.16초, API 호출: 38회)
2026-01-30 07:14:26,097 - INFO -   시뮬레이션 실행 중...
2026-01-30 07:14:26,797 - INFO -   시뮬레이션 완료 (0.7초)
2026-01-30 07:14:26,797 - INFO - 좌표 864.0 완료 (861/1000, 86.1%)
2026-01-30 07:14:26,797 - INFO - [865/1000] 좌표 865.0 처리 시작: (36.279975, 127.397121), snap_distance_m=5.0
2026-01-30 07:14:26,797 - INFO -   시나리오 생성 중...
2026-01-30 07:15:02,938 - INFO -   시나리오 생성 완료 (36.14초, API 호출: 35회)
2026-01-30 07:15:02,938 - INFO -   시뮬레이션 실행 중...
2026-01-30 07:15:03,642 - INFO -   시뮬레이션 완료 (0.7초)
2026-01-30 07:15:03,642 - INFO - 좌표 865.0 완료 (862/1000, 86.2%)
2026-01-30 07:15:03,642 - INFO - [866/1000] 좌표 866.0 처리 시작: (36.305145, 127.312808), snap_distance_m=17.5
2026-01-30 07:15:03,642 - INFO -   시나리오 생성 중...
2026-01-30 07:15:40,760 - INFO -   시나리오 생성 완료 (37.12초, API 호출: 36회)
2026-01-30 07:15:40,760 - INFO -   시뮬레이션 실행 중...
2026-01-30 07:15:41,452 - INFO -   시뮬레이션 완료 (0.69초)
2026-01-30 07:15:41,453 - INFO - 좌표 866.0 완료 (863/1000, 86.3%)
2026-01-30 07:15:41,453 - INFO - [867/1000] 좌표 867.0 처리 시작: (36.281078, 127.269225), snap_distance_m=3.3
2026-01-30 07:15:41,453 - INFO -   시나리오 생성 중...
2026-01-30 07:16:18,557 - INFO -   시나리오 생성 완료 (37.1초, API 호출: 36회)
2026-01-30 07:16:18,557 - INFO -   시뮬레이션 실행 중...
2026-01-30 07:16:19,250 - INFO -   시뮬레이션 완료 (0.69초)
2026-01-30 07:16:19,250 - INFO - 좌표 867.0 완료 (864/1000, 86.4%)
2026-01-30 07:16:19,250 - INFO - [868/1000] 좌표 868.0 처리 시작: (36.391786, 127.371717), snap_distance_m=65.8
2026-01-30 07:16:19,250 - INFO -   시나리오 생성 중...
2026-01-30 07:16:58,392 - INFO -   시나리오 생성 완료 (39.14초, API 호출: 38회)
2026-01-30 07:16:58,392 - INFO -   시뮬레이션 실행 중...
2026-01-30 07:16:59,100 - INFO -   시뮬레이션 완료 (0.71초)
2026-01-30 07:16:59,100 - INFO - 좌표 868.0 완료 (865/1000, 86.5%)
2026-01-30 07:16:59,100 - INFO - [869/1000] 좌표 869.0 처리 시작: (36.361123, 127.367541), snap_distance_m=23.5
2026-01-30 07:16:59,100 - INFO -   시나리오 생성 중...
2026-01-30 07:17:37,309 - INFO -   시나리오 생성 완료 (38.21초, API 호출: 37회)
2026-01-30 07:17:37,309 - INFO -   시뮬레이션 실행 중...
2026-01-30 07:17:38,002 - INFO -   시뮬레이션 완료 (0.69초)
2026-01-30 07:17:38,002 - INFO - 좌표 869.0 완료 (866/1000, 86.6%)
2026-01-30 07:17:38,002 - INFO - [870/1000] 좌표 870.0 처리 시작: (36.206491, 127.433238), snap_distance_m=11.0
2026-01-30 07:17:38,002 - INFO -   시나리오 생성 중...
2026-01-30 07:18:16,209 - INFO -   시나리오 생성 완료 (38.21초, API 호출: 37회)
2026-01-30 07:18:16,209 - INFO -   시뮬레이션 실행 중...
2026-01-30 07:18:16,898 - INFO -   시뮬레이션 완료 (0.69초)
2026-01-30 07:18:16,898 - INFO - 좌표 870.0 완료 (867/1000, 86.7%)
2026-01-30 07:18:16,898 - INFO - [871/1000] 좌표 871.0 처리 시작: (36.445134, 127.428352), snap_distance_m=2.5
2026-01-30 07:18:16,898 - INFO -   시나리오 생성 중...
2026-01-30 07:18:56,044 - INFO -   시나리오 생성 완료 (39.15초, API 호출: 38회)
2026-01-30 07:18:56,044 - INFO -   시뮬레이션 실행 중...
2026-01-30 07:18:56,738 - INFO -   시뮬레이션 완료 (0.69초)
2026-01-30 07:18:56,738 - INFO - 좌표 871.0 완료 (868/1000, 86.8%)
2026-01-30 07:18:56,738 - INFO - [872/1000] 좌표 872.0 처리 시작: (36.276016, 127.491144), snap_distance_m=181.0
2026-01-30 07:18:56,738 - INFO -   시나리오 생성 중...
2026-01-30 07:19:33,861 - INFO -   시나리오 생성 완료 (37.12초, API 호출: 36회)
2026-01-30 07:19:33,861 - INFO -   시뮬레이션 실행 중...
2026-01-30 07:19:34,598 - INFO -   시뮬레이션 완료 (0.74초)
2026-01-30 07:19:34,598 - INFO - 좌표 872.0 완료 (869/1000, 86.9%)
2026-01-30 07:19:34,598 - INFO - [873/1000] 좌표 873.0 처리 시작: (36.323508, 127.323932), snap_distance_m=47.5
2026-01-30 07:19:34,598 - INFO -   시나리오 생성 중...
2026-01-30 07:20:11,737 - INFO -   시나리오 생성 완료 (37.14초, API 호출: 36회)
2026-01-30 07:20:11,737 - INFO -   시뮬레이션 실행 중...
2026-01-30 07:20:12,421 - INFO -   시뮬레이션 완료 (0.68초)
2026-01-30 07:20:12,421 - INFO - 좌표 873.0 완료 (870/1000, 87.0%)
2026-01-30 07:20:12,421 - INFO - [874/1000] 좌표 874.0 처리 시작: (36.332263, 127.353445), snap_distance_m=7.3
2026-01-30 07:20:12,421 - INFO -   시나리오 생성 중...
2026-01-30 07:20:50,540 - INFO -   시나리오 생성 완료 (38.12초, API 호출: 36회)
2026-01-30 07:20:50,540 - INFO -   시뮬레이션 실행 중...
2026-01-30 07:20:51,220 - INFO -   시뮬레이션 완료 (0.68초)
2026-01-30 07:20:51,220 - INFO - 좌표 874.0 완료 (871/1000, 87.1%)
2026-01-30 07:20:51,220 - INFO - [875/1000] 좌표 875.0 처리 시작: (36.336057, 127.299464), snap_distance_m=21.3
2026-01-30 07:20:51,220 - INFO -   시나리오 생성 중...
2026-01-30 07:21:31,586 - INFO -   시나리오 생성 완료 (40.37초, API 호출: 36회)
2026-01-30 07:21:31,586 - INFO -   시뮬레이션 실행 중...
2026-01-30 07:21:32,277 - INFO -   시뮬레이션 완료 (0.69초)
2026-01-30 07:21:32,277 - INFO - 좌표 875.0 완료 (872/1000, 87.2%)
2026-01-30 07:21:32,277 - INFO - [876/1000] 좌표 876.0 처리 시작: (36.480579, 127.385202), snap_distance_m=5.5
2026-01-30 07:21:32,277 - INFO -   시나리오 생성 중...
2026-01-30 07:22:10,415 - INFO -   시나리오 생성 완료 (38.14초, API 호출: 37회)
2026-01-30 07:22:10,415 - INFO -   시뮬레이션 실행 중...
2026-01-30 07:22:11,128 - INFO -   시뮬레이션 완료 (0.71초)
2026-01-30 07:22:11,128 - INFO - 좌표 876.0 완료 (873/1000, 87.3%)
2026-01-30 07:22:11,128 - INFO - [877/1000] 좌표 877.0 처리 시작: (36.388358, 127.285210), snap_distance_m=41.4
2026-01-30 07:22:11,128 - INFO -   시나리오 생성 중...
2026-01-30 07:22:49,249 - INFO -   시나리오 생성 완료 (38.12초, API 호출: 37회)
2026-01-30 07:22:49,249 - INFO -   시뮬레이션 실행 중...
2026-01-30 07:22:49,946 - INFO -   시뮬레이션 완료 (0.7초)
2026-01-30 07:22:49,946 - INFO - 좌표 877.0 완료 (874/1000, 87.4%)
2026-01-30 07:22:49,946 - INFO - [878/1000] 좌표 878.0 처리 시작: (36.243097, 127.283415), snap_distance_m=142.1
2026-01-30 07:22:49,946 - INFO -   시나리오 생성 중...
2026-01-30 07:23:26,079 - INFO -   시나리오 생성 완료 (36.13초, API 호출: 35회)
2026-01-30 07:23:26,079 - INFO -   시뮬레이션 실행 중...
2026-01-30 07:23:26,765 - INFO -   시뮬레이션 완료 (0.69초)
2026-01-30 07:23:26,765 - INFO - 좌표 878.0 완료 (875/1000, 87.5%)
2026-01-30 07:23:26,765 - INFO - [879/1000] 좌표 879.0 처리 시작: (36.349396, 127.363612), snap_distance_m=48.4
2026-01-30 07:23:26,765 - INFO -   시나리오 생성 중...
2026-01-30 07:24:03,890 - INFO -   시나리오 생성 완료 (37.13초, API 호출: 36회)
2026-01-30 07:24:03,902 - INFO -   시뮬레이션 실행 중...
2026-01-30 07:24:04,592 - INFO -   시뮬레이션 완료 (0.69초)
2026-01-30 07:24:04,592 - INFO - 좌표 879.0 완료 (876/1000, 87.6%)
2026-01-30 07:24:04,592 - INFO - [880/1000] 좌표 880.0 처리 시작: (36.445162, 127.380994), snap_distance_m=61.4
2026-01-30 07:24:04,592 - INFO -   시나리오 생성 중...
2026-01-30 07:24:42,732 - INFO -   시나리오 생성 완료 (38.14초, API 호출: 37회)
2026-01-30 07:24:42,732 - INFO -   시뮬레이션 실행 중...
2026-01-30 07:24:43,420 - INFO -   시뮬레이션 완료 (0.69초)
2026-01-30 07:24:43,422 - INFO - 좌표 880.0 완료 (877/1000, 87.7%)
2026-01-30 07:24:43,422 - INFO - [881/1000] 좌표 881.0 처리 시작: (36.414316, 127.395049), snap_distance_m=88.3
2026-01-30 07:24:43,422 - INFO -   시나리오 생성 중...
2026-01-30 07:25:21,518 - INFO -   시나리오 생성 완료 (38.1초, API 호출: 37회)
2026-01-30 07:25:21,518 - INFO -   시뮬레이션 실행 중...
2026-01-30 07:25:22,222 - INFO -   시뮬레이션 완료 (0.7초)
2026-01-30 07:25:22,222 - INFO - 좌표 881.0 완료 (878/1000, 87.8%)
2026-01-30 07:25:22,222 - INFO - [882/1000] 좌표 882.0 처리 시작: (36.372389, 127.356516), snap_distance_m=0.6
2026-01-30 07:25:22,222 - INFO -   시나리오 생성 중...
2026-01-30 07:26:00,412 - INFO -   시나리오 생성 완료 (38.19초, API 호출: 37회)
2026-01-30 07:26:00,412 - INFO -   시뮬레이션 실행 중...
2026-01-30 07:26:01,101 - INFO -   시뮬레이션 완료 (0.69초)
2026-01-30 07:26:01,101 - INFO - 좌표 882.0 완료 (879/1000, 87.9%)
2026-01-30 07:26:01,101 - INFO - [883/1000] 좌표 883.0 처리 시작: (36.394219, 127.430511), snap_distance_m=40.8
2026-01-30 07:26:01,101 - INFO -   시나리오 생성 중...
2026-01-30 07:26:39,259 - INFO -   시나리오 생성 완료 (38.16초, API 호출: 37회)
2026-01-30 07:26:39,259 - INFO -   시뮬레이션 실행 중...
2026-01-30 07:26:39,961 - INFO -   시뮬레이션 완료 (0.7초)
2026-01-30 07:26:39,961 - INFO - 좌표 883.0 완료 (880/1000, 88.0%)
2026-01-30 07:26:39,961 - INFO - [884/1000] 좌표 884.0 처리 시작: (36.344777, 127.407185), snap_distance_m=77.6
2026-01-30 07:26:39,961 - INFO -   시나리오 생성 중...
2026-01-30 07:27:18,070 - INFO -   시나리오 생성 완료 (38.11초, API 호출: 37회)
2026-01-30 07:27:18,070 - INFO -   시뮬레이션 실행 중...
2026-01-30 07:27:18,762 - INFO -   시뮬레이션 완료 (0.69초)
2026-01-30 07:27:18,762 - INFO - 좌표 884.0 완료 (881/1000, 88.1%)
2026-01-30 07:27:18,762 - INFO - [885/1000] 좌표 885.0 처리 시작: (36.325611, 127.434218), snap_distance_m=15.0
2026-01-30 07:27:18,762 - INFO -   시나리오 생성 중...
2026-01-30 07:27:55,768 - INFO -   시나리오 생성 완료 (37.01초, API 호출: 35회)
2026-01-30 07:27:55,768 - INFO -   시뮬레이션 실행 중...
2026-01-30 07:27:56,476 - INFO -   시뮬레이션 완료 (0.71초)
2026-01-30 07:27:56,476 - INFO - 좌표 885.0 완료 (882/1000, 88.2%)
2026-01-30 07:27:56,476 - INFO - [886/1000] 좌표 886.0 처리 시작: (36.302396, 127.273861), snap_distance_m=180.9
2026-01-30 07:27:56,476 - INFO -   시나리오 생성 중...
2026-01-30 07:28:33,608 - INFO -   시나리오 생성 완료 (37.13초, API 호출: 36회)
2026-01-30 07:28:33,608 - INFO -   시뮬레이션 실행 중...
2026-01-30 07:28:34,290 - INFO -   시뮬레이션 완료 (0.68초)
2026-01-30 07:28:34,290 - INFO - 좌표 886.0 완료 (883/1000, 88.3%)
2026-01-30 07:28:34,290 - INFO - [887/1000] 좌표 887.0 처리 시작: (36.445287, 127.356309), snap_distance_m=81.8
2026-01-30 07:28:34,290 - INFO -   시나리오 생성 중...
2026-01-30 07:29:12,459 - INFO -   시나리오 생성 완료 (38.17초, API 호출: 37회)
2026-01-30 07:29:12,459 - INFO -   시뮬레이션 실행 중...
2026-01-30 07:29:13,152 - INFO -   시뮬레이션 완료 (0.69초)
2026-01-30 07:29:13,152 - INFO - 좌표 887.0 완료 (884/1000, 88.4%)
2026-01-30 07:29:13,152 - INFO - [888/1000] 좌표 888.0 처리 시작: (36.280797, 127.466994), snap_distance_m=4.6
2026-01-30 07:29:13,152 - INFO -   시나리오 생성 중...
2026-01-30 07:29:49,383 - INFO -   시나리오 생성 완료 (36.23초, API 호출: 35회)
2026-01-30 07:29:49,383 - INFO -   시뮬레이션 실행 중...
2026-01-30 07:29:50,068 - INFO -   시뮬레이션 완료 (0.68초)
2026-01-30 07:29:50,068 - INFO - 좌표 888.0 완료 (885/1000, 88.5%)
2026-01-30 07:29:50,068 - INFO - [889/1000] 좌표 889.0 처리 시작: (36.374286, 127.425380), snap_distance_m=9.8
2026-01-30 07:29:50,068 - INFO -   시나리오 생성 중...
2026-01-30 07:30:29,219 - INFO -   시나리오 생성 완료 (39.15초, API 호출: 38회)
2026-01-30 07:30:29,219 - INFO -   시뮬레이션 실행 중...
2026-01-30 07:30:29,925 - INFO -   시뮬레이션 완료 (0.71초)
2026-01-30 07:30:29,925 - INFO - 좌표 889.0 완료 (886/1000, 88.6%)
2026-01-30 07:30:29,925 - INFO - [890/1000] 좌표 890.0 처리 시작: (36.332273, 127.484885), snap_distance_m=7.5
2026-01-30 07:30:29,925 - INFO -   시나리오 생성 중...
2026-01-30 07:31:11,484 - INFO -   시나리오 생성 완료 (41.56초, API 호출: 37회)
2026-01-30 07:31:11,484 - INFO -   시뮬레이션 실행 중...
2026-01-30 07:31:12,175 - INFO -   시뮬레이션 완료 (0.69초)
2026-01-30 07:31:12,175 - INFO - 좌표 890.0 완료 (887/1000, 88.7%)
2026-01-30 07:31:12,175 - INFO - [891/1000] 좌표 891.0 처리 시작: (36.409017, 127.460439), snap_distance_m=50.7
2026-01-30 07:31:12,175 - INFO -   시나리오 생성 중...
2026-01-30 07:31:51,303 - INFO -   시나리오 생성 완료 (39.13초, API 호출: 38회)
2026-01-30 07:31:51,303 - INFO -   시뮬레이션 실행 중...
2026-01-30 07:31:51,998 - INFO -   시뮬레이션 완료 (0.7초)
2026-01-30 07:31:51,998 - INFO - 좌표 891.0 완료 (888/1000, 88.8%)
2026-01-30 07:31:51,998 - INFO - [892/1000] 좌표 892.0 처리 시작: (36.366659, 127.384960), snap_distance_m=43.1
2026-01-30 07:31:51,998 - INFO -   시나리오 생성 중...
2026-01-30 07:32:31,170 - INFO -   시나리오 생성 완료 (39.17초, API 호출: 38회)
2026-01-30 07:32:31,170 - INFO -   시뮬레이션 실행 중...
2026-01-30 07:32:31,870 - INFO -   시뮬레이션 완료 (0.7초)
2026-01-30 07:32:31,870 - INFO - 좌표 892.0 완료 (889/1000, 88.9%)
2026-01-30 07:32:31,870 - INFO - [893/1000] 좌표 893.0 처리 시작: (36.356046, 127.376013), snap_distance_m=12.5
2026-01-30 07:32:31,870 - INFO -   시나리오 생성 중...
2026-01-30 07:33:10,020 - INFO -   시나리오 생성 완료 (38.15초, API 호출: 37회)
2026-01-30 07:33:10,020 - INFO -   시뮬레이션 실행 중...
2026-01-30 07:33:10,716 - INFO -   시뮬레이션 완료 (0.7초)
2026-01-30 07:33:10,716 - INFO - 좌표 893.0 완료 (890/1000, 89.0%)
2026-01-30 07:33:10,716 - INFO - [894/1000] 좌표 894.0 처리 시작: (36.361628, 127.380728), snap_distance_m=37.9
2026-01-30 07:33:10,716 - INFO -   시나리오 생성 중...
2026-01-30 07:33:49,857 - INFO -   시나리오 생성 완료 (39.14초, API 호출: 38회)
2026-01-30 07:33:49,857 - INFO -   시뮬레이션 실행 중...
2026-01-30 07:33:50,541 - INFO -   시뮬레이션 완료 (0.68초)
2026-01-30 07:33:50,541 - INFO - 좌표 894.0 완료 (891/1000, 89.1%)
2026-01-30 07:33:50,541 - INFO - [895/1000] 좌표 895.0 처리 시작: (36.205467, 127.341884), snap_distance_m=246.6
2026-01-30 07:33:50,541 - INFO -   시나리오 생성 중...
2026-01-30 07:34:26,711 - INFO -   시나리오 생성 완료 (36.17초, API 호출: 35회)
2026-01-30 07:34:26,711 - INFO -   시뮬레이션 실행 중...
2026-01-30 07:34:27,398 - INFO -   시뮬레이션 완료 (0.69초)
2026-01-30 07:34:27,398 - INFO - 좌표 895.0 완료 (892/1000, 89.2%)
2026-01-30 07:34:27,398 - INFO - [896/1000] 좌표 896.0 처리 시작: (36.322011, 127.328870), snap_distance_m=62.9
2026-01-30 07:34:27,398 - INFO -   시나리오 생성 중...
2026-01-30 07:35:04,534 - INFO -   시나리오 생성 완료 (37.14초, API 호출: 36회)
2026-01-30 07:35:04,534 - INFO -   시뮬레이션 실행 중...
2026-01-30 07:35:05,221 - INFO -   시뮬레이션 완료 (0.69초)
2026-01-30 07:35:05,221 - INFO - 좌표 896.0 완료 (893/1000, 89.3%)
2026-01-30 07:35:05,221 - INFO - [897/1000] 좌표 897.0 처리 시작: (36.489829, 127.390145), snap_distance_m=179.0
2026-01-30 07:35:05,221 - INFO -   시나리오 생성 중...
2026-01-30 07:35:44,391 - INFO -   시나리오 생성 완료 (39.17초, API 호출: 38회)
2026-01-30 07:35:44,391 - INFO -   시뮬레이션 실행 중...
2026-01-30 07:35:45,073 - INFO -   시뮬레이션 완료 (0.68초)
2026-01-30 07:35:45,073 - INFO - 좌표 897.0 완료 (894/1000, 89.4%)
2026-01-30 07:35:45,073 - INFO - [898/1000] 좌표 898.0 처리 시작: (36.221825, 127.346068), snap_distance_m=48.9
2026-01-30 07:35:45,073 - INFO -   시나리오 생성 중...
2026-01-30 07:36:36,995 - INFO -   시나리오 생성 완료 (51.92초, API 호출: 36회)
2026-01-30 07:36:36,995 - INFO -   시뮬레이션 실행 중...
2026-01-30 07:36:37,670 - INFO -   시뮬레이션 완료 (0.68초)
2026-01-30 07:36:37,670 - INFO - 좌표 898.0 완료 (895/1000, 89.5%)
2026-01-30 07:36:37,670 - INFO - [899/1000] 좌표 899.0 처리 시작: (36.401502, 127.387612), snap_distance_m=48.8
2026-01-30 07:36:37,670 - INFO -   시나리오 생성 중...
2026-01-30 07:37:16,805 - INFO -   시나리오 생성 완료 (39.13초, API 호출: 38회)
2026-01-30 07:37:16,807 - INFO -   시뮬레이션 실행 중...
2026-01-30 07:37:17,483 - INFO -   시뮬레이션 완료 (0.68초)
2026-01-30 07:37:17,483 - INFO - 좌표 899.0 완료 (896/1000, 89.6%)
2026-01-30 07:37:17,483 - INFO - [900/1000] 좌표 900.0 처리 시작: (36.258752, 127.345578), snap_distance_m=179.9
2026-01-30 07:37:17,483 - INFO -   시나리오 생성 중...
2026-01-30 07:37:53,607 - INFO -   시나리오 생성 완료 (36.12초, API 호출: 35회)
2026-01-30 07:37:53,607 - INFO -   시뮬레이션 실행 중...
2026-01-30 07:37:54,293 - INFO -   시뮬레이션 완료 (0.69초)
2026-01-30 07:37:54,293 - INFO - 좌표 900.0 완료 (897/1000, 89.7%)
2026-01-30 07:37:54,293 - INFO - [901/1000] 좌표 901.0 처리 시작: (36.449916, 127.404758), snap_distance_m=50.9
2026-01-30 07:37:54,293 - INFO -   시나리오 생성 중...
2026-01-30 07:38:32,422 - INFO -   시나리오 생성 완료 (38.13초, API 호출: 37회)
2026-01-30 07:38:32,422 - INFO -   시뮬레이션 실행 중...
2026-01-30 07:38:33,106 - INFO -   시뮬레이션 완료 (0.68초)
2026-01-30 07:38:33,106 - INFO - 좌표 901.0 완료 (898/1000, 89.8%)
2026-01-30 07:38:33,106 - INFO - [902/1000] 좌표 902.0 처리 시작: (36.292367, 127.282455), snap_distance_m=104.1
2026-01-30 07:38:33,106 - INFO -   시나리오 생성 중...
2026-01-30 07:39:11,180 - INFO -   시나리오 생성 완료 (38.07초, API 호출: 36회)
2026-01-30 07:39:11,180 - INFO -   시뮬레이션 실행 중...
2026-01-30 07:39:11,857 - INFO -   시뮬레이션 완료 (0.68초)
2026-01-30 07:39:11,857 - INFO - 좌표 902.0 완료 (899/1000, 89.9%)
2026-01-30 07:39:11,857 - INFO - [903/1000] 좌표 903.0 처리 시작: (36.346549, 127.327916), snap_distance_m=87.4
2026-01-30 07:39:11,857 - INFO -   시나리오 생성 중...
2026-01-30 07:39:49,022 - INFO -   시나리오 생성 완료 (37.16초, API 호출: 36회)
2026-01-30 07:39:49,022 - INFO -   시뮬레이션 실행 중...
2026-01-30 07:39:49,685 - INFO -   시뮬레이션 완료 (0.66초)
2026-01-30 07:39:49,685 - INFO - 좌표 903.0 완료 (900/1000, 90.0%)
2026-01-30 07:39:49,685 - INFO - [904/1000] 좌표 904.0 처리 시작: (36.416395, 127.532458), snap_distance_m=98.1
2026-01-30 07:39:49,685 - INFO -   시나리오 생성 중...
2026-01-30 07:40:29,863 - INFO -   시나리오 생성 완료 (40.18초, API 호출: 39회)
2026-01-30 07:40:29,863 - INFO -   시뮬레이션 실행 중...
2026-01-30 07:40:30,551 - INFO -   시뮬레이션 완료 (0.69초)
2026-01-30 07:40:30,551 - INFO - 좌표 904.0 완료 (901/1000, 90.1%)
2026-01-30 07:40:30,551 - INFO - [905/1000] 좌표 905.0 처리 시작: (36.326143, 127.269817), snap_distance_m=78.7
2026-01-30 07:40:30,551 - INFO -   시나리오 생성 중...
2026-01-30 07:41:07,722 - INFO -   시나리오 생성 완료 (37.17초, API 호출: 36회)
2026-01-30 07:41:07,722 - INFO -   시뮬레이션 실행 중...
2026-01-30 07:41:08,382 - INFO -   시뮬레이션 완료 (0.66초)
2026-01-30 07:41:08,382 - INFO - 좌표 905.0 완료 (902/1000, 90.2%)
2026-01-30 07:41:08,382 - INFO - [906/1000] 좌표 906.0 처리 시작: (36.448505, 127.449218), snap_distance_m=60.7
2026-01-30 07:41:08,382 - INFO -   시나리오 생성 중...
2026-01-30 07:41:47,528 - INFO -   시나리오 생성 완료 (39.15초, API 호출: 38회)
2026-01-30 07:41:47,528 - INFO -   시뮬레이션 실행 중...
2026-01-30 07:41:48,188 - INFO -   시뮬레이션 완료 (0.66초)
2026-01-30 07:41:48,188 - INFO - 좌표 906.0 완료 (903/1000, 90.3%)
2026-01-30 07:41:48,188 - INFO - [907/1000] 좌표 907.0 처리 시작: (36.410553, 127.439275), snap_distance_m=4.4
2026-01-30 07:41:48,188 - INFO -   시나리오 생성 중...
2026-01-30 07:42:27,736 - INFO -   시나리오 생성 완료 (39.55초, API 호출: 38회)
2026-01-30 07:42:27,736 - INFO -   시뮬레이션 실행 중...
2026-01-30 07:42:28,553 - INFO -   시뮬레이션 완료 (0.82초)
2026-01-30 07:42:28,553 - INFO - 좌표 907.0 완료 (904/1000, 90.4%)
2026-01-30 07:42:28,553 - INFO - [908/1000] 좌표 908.0 처리 시작: (36.318601, 127.395705), snap_distance_m=20.4
2026-01-30 07:42:28,553 - INFO -   시나리오 생성 중...
2026-01-30 07:43:07,062 - INFO -   시나리오 생성 완료 (38.51초, API 호출: 36회)
2026-01-30 07:43:07,062 - INFO -   시뮬레이션 실행 중...
2026-01-30 07:43:07,745 - INFO -   시뮬레이션 완료 (0.68초)
2026-01-30 07:43:07,745 - INFO - 좌표 908.0 완료 (905/1000, 90.5%)
2026-01-30 07:43:07,745 - INFO - [909/1000] 좌표 909.0 처리 시작: (36.348423, 127.346305), snap_distance_m=105.2
2026-01-30 07:43:07,745 - INFO -   시나리오 생성 중...
2026-01-30 07:43:45,858 - INFO -   시나리오 생성 완료 (38.11초, API 호출: 37회)
2026-01-30 07:43:45,858 - INFO -   시뮬레이션 실행 중...
2026-01-30 07:43:46,551 - INFO -   시뮬레이션 완료 (0.69초)
2026-01-30 07:43:46,551 - INFO - 좌표 909.0 완료 (906/1000, 90.6%)
2026-01-30 07:43:46,551 - INFO - [910/1000] 좌표 910.0 처리 시작: (36.413582, 127.345973), snap_distance_m=20.1
2026-01-30 07:43:46,551 - INFO -   시나리오 생성 중...
2026-01-30 07:44:25,691 - INFO -   시나리오 생성 완료 (39.14초, API 호출: 38회)
2026-01-30 07:44:25,691 - INFO -   시뮬레이션 실행 중...
2026-01-30 07:44:26,387 - INFO -   시뮬레이션 완료 (0.7초)
2026-01-30 07:44:26,387 - INFO - 좌표 910.0 완료 (907/1000, 90.7%)
2026-01-30 07:44:26,387 - INFO - [911/1000] 좌표 911.0 처리 시작: (36.374408, 127.475052), snap_distance_m=79.4
2026-01-30 07:44:26,387 - INFO -   시나리오 생성 중...
2026-01-30 07:45:04,536 - INFO -   시나리오 생성 완료 (38.15초, API 호출: 37회)
2026-01-30 07:45:04,536 - INFO -   시뮬레이션 실행 중...
2026-01-30 07:45:05,227 - INFO -   시뮬레이션 완료 (0.69초)
2026-01-30 07:45:05,227 - INFO - 좌표 911.0 완료 (908/1000, 90.8%)
2026-01-30 07:45:05,227 - INFO - [912/1000] 좌표 912.0 처리 시작: (36.444235, 127.410073), snap_distance_m=0.0
2026-01-30 07:45:05,227 - INFO -   시나리오 생성 중...
2026-01-30 07:45:43,424 - INFO -   시나리오 생성 완료 (38.2초, API 호출: 37회)
2026-01-30 07:45:43,424 - INFO -   시뮬레이션 실행 중...
2026-01-30 07:45:44,096 - INFO -   시뮬레이션 완료 (0.67초)
2026-01-30 07:45:44,096 - INFO - 좌표 912.0 완료 (909/1000, 90.9%)
2026-01-30 07:45:44,096 - INFO - [913/1000] 좌표 913.0 처리 시작: (36.366020, 127.410019), snap_distance_m=38.5
2026-01-30 07:45:44,096 - INFO -   시나리오 생성 중...
2026-01-30 07:46:23,277 - INFO -   시나리오 생성 완료 (39.18초, API 호출: 38회)
2026-01-30 07:46:23,277 - INFO -   시뮬레이션 실행 중...
2026-01-30 07:46:23,970 - INFO -   시뮬레이션 완료 (0.69초)
2026-01-30 07:46:23,970 - INFO - 좌표 913.0 완료 (910/1000, 91.0%)
2026-01-30 07:46:23,970 - INFO - [914/1000] 좌표 914.0 처리 시작: (36.433904, 127.459085), snap_distance_m=89.1
2026-01-30 07:46:23,970 - INFO -   시나리오 생성 중...
2026-01-30 07:47:03,150 - INFO -   시나리오 생성 완료 (39.18초, API 호출: 38회)
2026-01-30 07:47:03,150 - INFO -   시뮬레이션 실행 중...
2026-01-30 07:47:03,820 - INFO -   시뮬레이션 완료 (0.67초)
2026-01-30 07:47:03,820 - INFO - 좌표 914.0 완료 (911/1000, 91.1%)
2026-01-30 07:47:03,820 - INFO - [915/1000] 좌표 915.0 처리 시작: (36.429028, 127.441818), snap_distance_m=146.5
2026-01-30 07:47:03,820 - INFO -   시나리오 생성 중...
2026-01-30 07:47:42,963 - INFO -   시나리오 생성 완료 (39.14초, API 호출: 38회)
2026-01-30 07:47:42,963 - INFO -   시뮬레이션 실행 중...
2026-01-30 07:47:43,658 - INFO -   시뮬레이션 완료 (0.7초)
2026-01-30 07:47:43,658 - INFO - 좌표 915.0 완료 (912/1000, 91.2%)
2026-01-30 07:47:43,674 - INFO - [916/1000] 좌표 916.0 처리 시작: (36.291055, 127.256724), snap_distance_m=72.4
2026-01-30 07:47:43,674 - INFO -   시나리오 생성 중...
2026-01-30 07:48:20,822 - INFO -   시나리오 생성 완료 (37.15초, API 호출: 36회)
2026-01-30 07:48:20,822 - INFO -   시뮬레이션 실행 중...
2026-01-30 07:48:21,492 - INFO -   시뮬레이션 완료 (0.67초)
2026-01-30 07:48:21,492 - INFO - 좌표 916.0 완료 (913/1000, 91.3%)
2026-01-30 07:48:21,492 - INFO - [917/1000] 좌표 917.0 처리 시작: (36.304207, 127.332623), snap_distance_m=110.4
2026-01-30 07:48:21,492 - INFO -   시나리오 생성 중...
2026-01-30 07:49:00,564 - INFO -   시나리오 생성 완료 (39.07초, API 호출: 37회)
2026-01-30 07:49:00,564 - INFO -   시뮬레이션 실행 중...
2026-01-30 07:49:01,225 - INFO -   시뮬레이션 완료 (0.66초)
2026-01-30 07:49:01,225 - INFO - 좌표 917.0 완료 (914/1000, 91.4%)
2026-01-30 07:49:01,225 - INFO - [918/1000] 좌표 918.0 처리 시작: (36.323830, 127.381925), snap_distance_m=20.6
2026-01-30 07:49:01,225 - INFO -   시나리오 생성 중...
2026-01-30 07:49:38,355 - INFO -   시나리오 생성 완료 (37.13초, API 호출: 36회)
2026-01-30 07:49:38,355 - INFO -   시뮬레이션 실행 중...
2026-01-30 07:49:39,060 - INFO -   시뮬레이션 완료 (0.7초)
2026-01-30 07:49:39,060 - INFO - 좌표 918.0 완료 (915/1000, 91.5%)
2026-01-30 07:49:39,060 - INFO - [919/1000] 좌표 919.0 처리 시작: (36.242927, 127.353963), snap_distance_m=210.2
2026-01-30 07:49:39,060 - INFO -   시나리오 생성 중...
2026-01-30 07:50:15,203 - INFO -   시나리오 생성 완료 (36.14초, API 호출: 35회)
2026-01-30 07:50:15,203 - INFO -   시뮬레이션 실행 중...
2026-01-30 07:50:15,882 - INFO -   시뮬레이션 완료 (0.68초)
2026-01-30 07:50:15,882 - INFO - 좌표 919.0 완료 (916/1000, 91.6%)
2026-01-30 07:50:15,882 - INFO - [920/1000] 좌표 920.0 처리 시작: (36.372067, 127.371803), snap_distance_m=3.7
2026-01-30 07:50:15,882 - INFO -   시나리오 생성 중...
2026-01-30 07:50:55,036 - INFO -   시나리오 생성 완료 (39.15초, API 호출: 38회)
2026-01-30 07:50:55,036 - INFO -   시뮬레이션 실행 중...
2026-01-30 07:50:55,759 - INFO -   시뮬레이션 완료 (0.72초)
2026-01-30 07:50:55,759 - INFO - 좌표 920.0 완료 (917/1000, 91.7%)
2026-01-30 07:50:55,759 - INFO - [921/1000] 좌표 921.0 처리 시작: (36.278815, 127.334481), snap_distance_m=54.5
2026-01-30 07:50:55,759 - INFO -   시나리오 생성 중...
2026-01-30 07:51:31,857 - INFO -   시나리오 생성 완료 (36.1초, API 호출: 35회)
2026-01-30 07:51:31,857 - INFO -   시뮬레이션 실행 중...
2026-01-30 07:51:32,533 - INFO -   시뮬레이션 완료 (0.68초)
2026-01-30 07:51:32,533 - INFO - 좌표 921.0 완료 (918/1000, 91.8%)
2026-01-30 07:51:32,533 - INFO - [922/1000] 좌표 922.0 처리 시작: (36.407506, 127.382123), snap_distance_m=72.3
2026-01-30 07:51:32,533 - INFO -   시나리오 생성 중...
2026-01-30 07:52:11,546 - INFO -   시나리오 생성 완료 (39.01초, API 호출: 37회)
2026-01-30 07:52:11,546 - INFO -   시뮬레이션 실행 중...
2026-01-30 07:52:12,240 - INFO -   시뮬레이션 완료 (0.69초)
2026-01-30 07:52:12,240 - INFO - 좌표 922.0 완료 (919/1000, 91.9%)
2026-01-30 07:52:12,240 - INFO - [923/1000] 좌표 923.0 처리 시작: (36.436216, 127.449661), snap_distance_m=8.8
2026-01-30 07:52:12,240 - INFO -   시나리오 생성 중...
2026-01-30 07:52:51,400 - INFO -   시나리오 생성 완료 (39.16초, API 호출: 38회)
2026-01-30 07:52:51,400 - INFO -   시뮬레이션 실행 중...
2026-01-30 07:52:52,073 - INFO -   시뮬레이션 완료 (0.67초)
2026-01-30 07:52:52,073 - INFO - 좌표 923.0 완료 (920/1000, 92.0%)
2026-01-30 07:52:52,073 - INFO - [924/1000] 좌표 924.0 처리 시작: (36.338574, 127.335680), snap_distance_m=62.9
2026-01-30 07:52:52,073 - INFO -   시나리오 생성 중...
2026-01-30 07:53:29,200 - INFO -   시나리오 생성 완료 (37.13초, API 호출: 36회)
2026-01-30 07:53:29,200 - INFO -   시뮬레이션 실행 중...
2026-01-30 07:53:29,892 - INFO -   시뮬레이션 완료 (0.69초)
2026-01-30 07:53:29,892 - INFO - 좌표 924.0 완료 (921/1000, 92.1%)
2026-01-30 07:53:29,892 - INFO - [925/1000] 좌표 925.0 처리 시작: (36.434594, 127.481235), snap_distance_m=69.9
2026-01-30 07:53:29,892 - INFO -   시나리오 생성 중...
2026-01-30 07:54:09,037 - INFO -   시나리오 생성 완료 (39.15초, API 호출: 38회)
2026-01-30 07:54:09,037 - INFO -   시뮬레이션 실행 중...
2026-01-30 07:54:09,769 - INFO -   시뮬레이션 완료 (0.73초)
2026-01-30 07:54:09,769 - INFO - 좌표 925.0 완료 (922/1000, 92.2%)
2026-01-30 07:54:09,769 - INFO - [926/1000] 좌표 926.0 처리 시작: (36.291886, 127.268831), snap_distance_m=187.5
2026-01-30 07:54:09,769 - INFO -   시나리오 생성 중...
2026-01-30 07:54:46,892 - INFO -   시나리오 생성 완료 (37.12초, API 호출: 36회)
2026-01-30 07:54:46,892 - INFO -   시뮬레이션 실행 중...
2026-01-30 07:54:47,570 - INFO -   시뮬레이션 완료 (0.68초)
2026-01-30 07:54:47,570 - INFO - 좌표 926.0 완료 (923/1000, 92.3%)
2026-01-30 07:54:47,570 - INFO - [927/1000] 좌표 927.0 처리 시작: (36.433126, 127.396043), snap_distance_m=9.3
2026-01-30 07:54:47,570 - INFO -   시나리오 생성 중...
2026-01-30 07:55:25,698 - INFO -   시나리오 생성 완료 (38.13초, API 호출: 37회)
2026-01-30 07:55:25,698 - INFO -   시뮬레이션 실행 중...
2026-01-30 07:55:26,378 - INFO -   시뮬레이션 완료 (0.68초)
2026-01-30 07:55:26,378 - INFO - 좌표 927.0 완료 (924/1000, 92.4%)
2026-01-30 07:55:26,378 - INFO - [928/1000] 좌표 928.0 처리 시작: (36.391320, 127.394622), snap_distance_m=10.5
2026-01-30 07:55:26,378 - INFO -   시나리오 생성 중...
2026-01-30 07:56:05,623 - INFO -   시나리오 생성 완료 (39.24초, API 호출: 38회)
2026-01-30 07:56:05,623 - INFO -   시뮬레이션 실행 중...
2026-01-30 07:56:06,297 - INFO -   시뮬레이션 완료 (0.67초)
2026-01-30 07:56:06,297 - INFO - 좌표 928.0 완료 (925/1000, 92.5%)
2026-01-30 07:56:06,297 - INFO - [929/1000] 좌표 929.0 처리 시작: (36.250008, 127.302603), snap_distance_m=221.1
2026-01-30 07:56:06,297 - INFO -   시나리오 생성 중...
2026-01-30 07:56:43,394 - INFO -   시나리오 생성 완료 (37.1초, API 호출: 35회)
2026-01-30 07:56:43,394 - INFO -   시뮬레이션 실행 중...
2026-01-30 07:56:44,053 - INFO -   시뮬레이션 완료 (0.66초)
2026-01-30 07:56:44,053 - INFO - 좌표 929.0 완료 (926/1000, 92.6%)
2026-01-30 07:56:44,053 - INFO - [930/1000] 좌표 930.0 처리 시작: (36.476125, 127.378935), snap_distance_m=58.4
2026-01-30 07:56:44,053 - INFO -   시나리오 생성 중...
2026-01-30 07:57:23,074 - INFO -   시나리오 생성 완료 (39.02초, API 호출: 37회)
2026-01-30 07:57:23,074 - INFO -   시뮬레이션 실행 중...
2026-01-30 07:57:23,735 - INFO -   시뮬레이션 완료 (0.66초)
2026-01-30 07:57:23,735 - INFO - 좌표 930.0 완료 (927/1000, 92.7%)
2026-01-30 07:57:23,735 - INFO - [931/1000] 좌표 931.0 처리 시작: (36.257902, 127.444287), snap_distance_m=69.6
2026-01-30 07:57:23,735 - INFO -   시나리오 생성 중...
2026-01-30 07:58:00,882 - INFO -   시나리오 생성 완료 (37.15초, API 호출: 36회)
2026-01-30 07:58:00,882 - INFO -   시뮬레이션 실행 중...
2026-01-30 07:58:01,567 - INFO -   시뮬레이션 완료 (0.68초)
2026-01-30 07:58:01,567 - INFO - 좌표 931.0 완료 (928/1000, 92.8%)
2026-01-30 07:58:01,567 - INFO - [932/1000] 좌표 932.0 처리 시작: (36.396890, 127.491950), snap_distance_m=189.3
2026-01-30 07:58:01,567 - INFO -   시나리오 생성 중...
2026-01-30 07:58:40,728 - INFO -   시나리오 생성 완료 (39.16초, API 호출: 38회)
2026-01-30 07:58:40,728 - INFO -   시뮬레이션 실행 중...
2026-01-30 07:58:41,459 - INFO -   시뮬레이션 완료 (0.73초)
2026-01-30 07:58:41,459 - INFO - 좌표 932.0 완료 (929/1000, 92.9%)
2026-01-30 07:58:41,459 - INFO - [933/1000] 좌표 933.0 처리 시작: (36.445916, 127.422707), snap_distance_m=4.8
2026-01-30 07:58:41,459 - INFO -   시나리오 생성 중...
2026-01-30 07:59:20,594 - INFO -   시나리오 생성 완료 (39.13초, API 호출: 38회)
2026-01-30 07:59:20,594 - INFO -   시뮬레이션 실행 중...
2026-01-30 07:59:21,279 - INFO -   시뮬레이션 완료 (0.68초)
2026-01-30 07:59:21,279 - INFO - 좌표 933.0 완료 (930/1000, 93.0%)
2026-01-30 07:59:21,279 - INFO - [934/1000] 좌표 934.0 처리 시작: (36.336715, 127.370009), snap_distance_m=55.2
2026-01-30 07:59:21,279 - INFO -   시나리오 생성 중...
2026-01-30 07:59:59,392 - INFO -   시나리오 생성 완료 (38.11초, API 호출: 37회)
2026-01-30 07:59:59,392 - INFO -   시뮬레이션 실행 중...
2026-01-30 08:00:00,074 - INFO -   시뮬레이션 완료 (0.68초)
2026-01-30 08:00:00,074 - INFO - 좌표 934.0 완료 (931/1000, 93.1%)
2026-01-30 08:00:00,074 - INFO - [935/1000] 좌표 935.0 처리 시작: (36.217886, 127.439068), snap_distance_m=75.7
2026-01-30 08:00:00,074 - INFO -   시나리오 생성 중...
2026-01-30 08:00:37,215 - INFO -   시나리오 생성 완료 (37.14초, API 호출: 36회)
2026-01-30 08:00:37,215 - INFO -   시뮬레이션 실행 중...
2026-01-30 08:00:37,891 - INFO -   시뮬레이션 완료 (0.68초)
2026-01-30 08:00:37,891 - INFO - 좌표 935.0 완료 (932/1000, 93.2%)
2026-01-30 08:00:37,891 - INFO - [936/1000] 좌표 936.0 처리 시작: (36.448610, 127.379148), snap_distance_m=177.4
2026-01-30 08:00:37,891 - INFO -   시나리오 생성 중...
2026-01-30 08:01:20,252 - INFO -   시나리오 생성 완료 (42.36초, API 호출: 37회)
2026-01-30 08:01:20,252 - INFO -   시뮬레이션 실행 중...
2026-01-30 08:01:20,925 - INFO -   시뮬레이션 완료 (0.67초)
2026-01-30 08:01:20,925 - INFO - 좌표 936.0 완료 (933/1000, 93.3%)
2026-01-30 08:01:20,925 - INFO - [937/1000] 좌표 937.0 처리 시작: (36.263240, 127.408786), snap_distance_m=13.1
2026-01-30 08:01:20,925 - INFO -   시나리오 생성 중...
2026-01-30 08:01:57,761 - INFO -   시나리오 생성 완료 (36.84초, API 호출: 35회)
2026-01-30 08:01:57,761 - INFO -   시뮬레이션 실행 중...
2026-01-30 08:01:58,445 - INFO -   시뮬레이션 완료 (0.68초)
2026-01-30 08:01:58,445 - INFO - 좌표 937.0 완료 (934/1000, 93.4%)
2026-01-30 08:01:58,445 - INFO - [938/1000] 좌표 938.0 처리 시작: (36.275647, 127.289184), snap_distance_m=33.4
2026-01-30 08:01:58,445 - INFO -   시나리오 생성 중...
2026-01-30 08:02:35,603 - INFO -   시나리오 생성 완료 (37.16초, API 호출: 36회)
2026-01-30 08:02:35,603 - INFO -   시뮬레이션 실행 중...
2026-01-30 08:02:36,263 - INFO -   시뮬레이션 완료 (0.66초)
2026-01-30 08:02:36,263 - INFO - 좌표 938.0 완료 (935/1000, 93.5%)
2026-01-30 08:02:36,263 - INFO - [939/1000] 좌표 939.0 처리 시작: (36.325254, 127.307496), snap_distance_m=36.8
2026-01-30 08:02:36,263 - INFO -   시나리오 생성 중...
2026-01-30 08:03:13,470 - INFO -   시나리오 생성 완료 (37.21초, API 호출: 36회)
2026-01-30 08:03:13,470 - INFO -   시뮬레이션 실행 중...
2026-01-30 08:03:14,146 - INFO -   시뮬레이션 완료 (0.68초)
2026-01-30 08:03:14,146 - INFO - 좌표 939.0 완료 (936/1000, 93.6%)
2026-01-30 08:03:14,146 - INFO - [940/1000] 좌표 940.0 처리 시작: (36.397957, 127.529899), snap_distance_m=137.6
2026-01-30 08:03:14,146 - INFO -   시나리오 생성 중...
2026-01-30 08:03:55,077 - INFO -   시나리오 생성 완료 (40.93초, API 호출: 39회)
2026-01-30 08:03:55,077 - INFO -   시뮬레이션 실행 중...
2026-01-30 08:03:55,746 - INFO -   시뮬레이션 완료 (0.67초)
2026-01-30 08:03:55,746 - INFO - 좌표 940.0 완료 (937/1000, 93.7%)
2026-01-30 08:03:55,746 - INFO - [941/1000] 좌표 941.0 처리 시작: (36.325087, 127.424875), snap_distance_m=25.6
2026-01-30 08:03:55,746 - INFO -   시나리오 생성 중...
2026-01-30 08:04:31,853 - INFO -   시나리오 생성 완료 (36.11초, API 호출: 35회)
2026-01-30 08:04:31,853 - INFO -   시뮬레이션 실행 중...
2026-01-30 08:04:32,526 - INFO -   시뮬레이션 완료 (0.67초)
2026-01-30 08:04:32,526 - INFO - 좌표 941.0 완료 (938/1000, 93.8%)
2026-01-30 08:04:32,526 - INFO - [942/1000] 좌표 942.0 처리 시작: (36.497352, 127.380062), snap_distance_m=44.9
2026-01-30 08:04:32,526 - INFO -   시나리오 생성 중...
2026-01-30 08:05:11,069 - INFO -   시나리오 생성 완료 (38.54초, API 호출: 37회)
2026-01-30 08:05:11,069 - INFO -   시뮬레이션 실행 중...
2026-01-30 08:05:11,741 - INFO -   시뮬레이션 완료 (0.67초)
2026-01-30 08:05:11,741 - INFO - 좌표 942.0 완료 (939/1000, 93.9%)
2026-01-30 08:05:11,741 - INFO - [943/1000] 좌표 943.0 처리 시작: (36.322896, 127.303626), snap_distance_m=58.5
2026-01-30 08:05:11,741 - INFO -   시나리오 생성 중...
2026-01-30 08:05:48,990 - INFO -   시나리오 생성 완료 (37.25초, API 호출: 36회)
2026-01-30 08:05:48,990 - INFO -   시뮬레이션 실행 중...
2026-01-30 08:05:49,658 - INFO -   시뮬레이션 완료 (0.67초)
2026-01-30 08:05:49,658 - INFO - 좌표 943.0 완료 (940/1000, 94.0%)
2026-01-30 08:05:49,658 - INFO - [944/1000] 좌표 944.0 처리 시작: (36.468449, 127.475106), snap_distance_m=183.8
2026-01-30 08:05:49,658 - INFO -   시나리오 생성 중...
2026-01-30 08:06:30,494 - INFO -   시나리오 생성 완료 (40.84초, API 호출: 39회)
2026-01-30 08:06:30,494 - INFO -   시뮬레이션 실행 중...
2026-01-30 08:06:31,280 - INFO -   시뮬레이션 완료 (0.79초)
2026-01-30 08:06:31,280 - INFO - 좌표 944.0 완료 (941/1000, 94.1%)
2026-01-30 08:06:31,280 - INFO - [945/1000] 좌표 945.0 처리 시작: (36.424335, 127.401332), snap_distance_m=38.2
2026-01-30 08:06:31,280 - INFO -   시나리오 생성 중...
2026-01-30 08:07:09,460 - INFO -   시나리오 생성 완료 (38.18초, API 호출: 37회)
2026-01-30 08:07:09,460 - INFO -   시뮬레이션 실행 중...
2026-01-30 08:07:10,152 - INFO -   시뮬레이션 완료 (0.69초)
2026-01-30 08:07:10,152 - INFO - 좌표 945.0 완료 (942/1000, 94.2%)
2026-01-30 08:07:10,152 - INFO - [946/1000] 좌표 946.0 처리 시작: (36.343423, 127.340242), snap_distance_m=4.4
2026-01-30 08:07:10,152 - INFO -   시나리오 생성 중...
2026-01-30 08:07:47,265 - INFO -   시나리오 생성 완료 (37.11초, API 호출: 36회)
2026-01-30 08:07:47,265 - INFO -   시뮬레이션 실행 중...
2026-01-30 08:07:47,934 - INFO -   시뮬레이션 완료 (0.67초)
2026-01-30 08:07:47,934 - INFO - 좌표 946.0 완료 (943/1000, 94.3%)
2026-01-30 08:07:47,934 - INFO - [947/1000] 좌표 947.0 처리 시작: (36.373373, 127.510186), snap_distance_m=185.6
2026-01-30 08:07:47,934 - INFO -   시나리오 생성 중...
2026-01-30 08:08:27,087 - INFO -   시나리오 생성 완료 (39.15초, API 호출: 38회)
2026-01-30 08:08:27,087 - INFO -   시뮬레이션 실행 중...
2026-01-30 08:08:27,749 - INFO -   시뮬레이션 완료 (0.66초)
2026-01-30 08:08:27,749 - INFO - 좌표 947.0 완료 (944/1000, 94.4%)
2026-01-30 08:08:27,749 - INFO - [948/1000] 좌표 948.0 처리 시작: (36.305850, 127.295210), snap_distance_m=55.3
2026-01-30 08:08:27,749 - INFO -   시나리오 생성 중...
2026-01-30 08:09:04,925 - INFO -   시나리오 생성 완료 (37.18초, API 호출: 36회)
2026-01-30 08:09:04,925 - INFO -   시뮬레이션 실행 중...
2026-01-30 08:09:05,578 - INFO -   시뮬레이션 완료 (0.65초)
2026-01-30 08:09:05,578 - INFO - 좌표 948.0 완료 (945/1000, 94.5%)
2026-01-30 08:09:05,578 - INFO - [949/1000] 좌표 949.0 처리 시작: (36.343738, 127.509167), snap_distance_m=246.9
2026-01-30 08:09:05,578 - INFO -   시나리오 생성 중...
2026-01-30 08:09:44,776 - INFO -   시나리오 생성 완료 (39.2초, API 호출: 38회)
2026-01-30 08:09:44,776 - INFO -   시뮬레이션 실행 중...
2026-01-30 08:09:45,459 - INFO -   시뮬레이션 완료 (0.68초)
2026-01-30 08:09:45,459 - INFO - 좌표 949.0 완료 (946/1000, 94.6%)
2026-01-30 08:09:45,459 - INFO - [950/1000] 좌표 950.0 처리 시작: (36.281414, 127.353543), snap_distance_m=32.1
2026-01-30 08:09:45,459 - INFO -   시나리오 생성 중...
2026-01-30 08:10:21,585 - INFO -   시나리오 생성 완료 (36.13초, API 호출: 35회)
2026-01-30 08:10:21,601 - INFO -   시뮬레이션 실행 중...
2026-01-30 08:10:22,261 - INFO -   시뮬레이션 완료 (0.66초)
2026-01-30 08:10:22,261 - INFO - 좌표 950.0 완료 (947/1000, 94.7%)
2026-01-30 08:10:22,261 - INFO - [951/1000] 좌표 951.0 처리 시작: (36.344067, 127.460030), snap_distance_m=241.8
2026-01-30 08:10:22,261 - INFO -   시나리오 생성 중...
2026-01-30 08:11:00,396 - INFO -   시나리오 생성 완료 (38.13초, API 호출: 37회)
2026-01-30 08:11:00,396 - INFO -   시뮬레이션 실행 중...
2026-01-30 08:11:01,070 - INFO -   시뮬레이션 완료 (0.67초)
2026-01-30 08:11:01,070 - INFO - 좌표 951.0 완료 (948/1000, 94.8%)
2026-01-30 08:11:01,070 - INFO - [952/1000] 좌표 952.0 처리 시작: (36.412309, 127.378232), snap_distance_m=13.4
2026-01-30 08:11:01,070 - INFO -   시나리오 생성 중...
2026-01-30 08:11:39,361 - INFO -   시나리오 생성 완료 (38.29초, API 호출: 37회)
2026-01-30 08:11:39,361 - INFO -   시뮬레이션 실행 중...
2026-01-30 08:11:40,049 - INFO -   시뮬레이션 완료 (0.69초)
2026-01-30 08:11:40,049 - INFO - 좌표 952.0 완료 (949/1000, 94.9%)
2026-01-30 08:11:40,049 - INFO - [953/1000] 좌표 953.0 처리 시작: (36.399859, 127.450720), snap_distance_m=84.8
2026-01-30 08:11:40,049 - INFO -   시나리오 생성 중...
2026-01-30 08:12:19,180 - INFO -   시나리오 생성 완료 (39.13초, API 호출: 38회)
2026-01-30 08:12:19,180 - INFO -   시뮬레이션 실행 중...
2026-01-30 08:12:19,865 - INFO -   시뮬레이션 완료 (0.68초)
2026-01-30 08:12:19,865 - INFO - 좌표 953.0 완료 (950/1000, 95.0%)
2026-01-30 08:12:19,865 - INFO - [954/1000] 좌표 954.0 처리 시작: (36.441331, 127.383612), snap_distance_m=23.2
2026-01-30 08:12:19,865 - INFO -   시나리오 생성 중...
2026-01-30 08:12:57,990 - INFO -   시나리오 생성 완료 (38.13초, API 호출: 37회)
2026-01-30 08:12:57,990 - INFO -   시뮬레이션 실행 중...
2026-01-30 08:12:58,673 - INFO -   시뮬레이션 완료 (0.68초)
2026-01-30 08:12:58,673 - INFO - 좌표 954.0 완료 (951/1000, 95.1%)
2026-01-30 08:12:58,673 - INFO - [955/1000] 좌표 955.0 처리 시작: (36.359793, 127.439838), snap_distance_m=104.3
2026-01-30 08:12:58,673 - INFO -   시나리오 생성 중...
2026-01-30 08:13:38,765 - INFO -   시나리오 생성 완료 (40.09초, API 호출: 39회)
2026-01-30 08:13:38,765 - INFO -   시뮬레이션 실행 중...
2026-01-30 08:13:39,448 - INFO -   시뮬레이션 완료 (0.68초)
2026-01-30 08:13:39,448 - INFO - 좌표 955.0 완료 (952/1000, 95.2%)
2026-01-30 08:13:39,448 - INFO - [956/1000] 좌표 956.0 처리 시작: (36.291448, 127.410126), snap_distance_m=0.7
2026-01-30 08:13:39,448 - INFO -   시나리오 생성 중...
2026-01-30 08:14:16,585 - INFO -   시나리오 생성 완료 (37.14초, API 호출: 36회)
2026-01-30 08:14:16,585 - INFO -   시뮬레이션 실행 중...
2026-01-30 08:14:17,265 - INFO -   시뮬레이션 완료 (0.68초)
2026-01-30 08:14:17,265 - INFO - 좌표 956.0 완료 (953/1000, 95.3%)
2026-01-30 08:14:17,265 - INFO - [957/1000] 좌표 957.0 처리 시작: (36.315116, 127.280619), snap_distance_m=100.1
2026-01-30 08:14:17,265 - INFO -   시나리오 생성 중...
2026-01-30 08:14:54,406 - INFO -   시나리오 생성 완료 (37.14초, API 호출: 36회)
2026-01-30 08:14:54,406 - INFO -   시뮬레이션 실행 중...
2026-01-30 08:14:55,070 - INFO -   시뮬레이션 완료 (0.66초)
2026-01-30 08:14:55,070 - INFO - 좌표 957.0 완료 (954/1000, 95.4%)
2026-01-30 08:14:55,070 - INFO - [958/1000] 좌표 958.0 처리 시작: (36.313974, 127.293915), snap_distance_m=164.3
2026-01-30 08:14:55,070 - INFO -   시나리오 생성 중...
2026-01-30 08:15:32,228 - INFO -   시나리오 생성 완료 (37.16초, API 호출: 36회)
2026-01-30 08:15:32,228 - INFO -   시뮬레이션 실행 중...
2026-01-30 08:15:32,888 - INFO -   시뮬레이션 완료 (0.66초)
2026-01-30 08:15:32,888 - INFO - 좌표 958.0 완료 (955/1000, 95.5%)
2026-01-30 08:15:32,888 - INFO - [959/1000] 좌표 959.0 처리 시작: (36.375609, 127.374670), snap_distance_m=42.8
2026-01-30 08:15:32,888 - INFO -   시나리오 생성 중...
2026-01-30 08:16:12,522 - INFO -   시나리오 생성 완료 (39.63초, API 호출: 38회)
2026-01-30 08:16:12,522 - INFO -   시뮬레이션 실행 중...
2026-01-30 08:16:13,202 - INFO -   시뮬레이션 완료 (0.68초)
2026-01-30 08:16:13,202 - INFO - 좌표 959.0 완료 (956/1000, 95.6%)
2026-01-30 08:16:13,205 - INFO - [960/1000] 좌표 960.0 처리 시작: (36.320780, 127.438308), snap_distance_m=1.1
2026-01-30 08:16:13,205 - INFO -   시나리오 생성 중...
2026-01-30 08:16:49,321 - INFO -   시나리오 생성 완료 (36.12초, API 호출: 35회)
2026-01-30 08:16:49,321 - INFO -   시뮬레이션 실행 중...
2026-01-30 08:16:49,990 - INFO -   시뮬레이션 완료 (0.67초)
2026-01-30 08:16:49,990 - INFO - 좌표 960.0 완료 (957/1000, 95.7%)
2026-01-30 08:16:49,990 - INFO - [961/1000] 좌표 961.0 처리 시작: (36.269985, 127.386372), snap_distance_m=71.7
2026-01-30 08:16:49,990 - INFO -   시나리오 생성 중...
2026-01-30 08:17:26,105 - INFO -   시나리오 생성 완료 (36.11초, API 호출: 35회)
2026-01-30 08:17:26,105 - INFO -   시뮬레이션 실행 중...
2026-01-30 08:17:26,782 - INFO -   시뮬레이션 완료 (0.68초)
2026-01-30 08:17:26,782 - INFO - 좌표 961.0 완료 (958/1000, 95.8%)
2026-01-30 08:17:26,782 - INFO - [962/1000] 좌표 962.0 처리 시작: (36.389644, 127.308141), snap_distance_m=19.5
2026-01-30 08:17:26,782 - INFO -   시나리오 생성 중...
2026-01-30 08:18:05,922 - INFO -   시나리오 생성 완료 (39.14초, API 호출: 38회)
2026-01-30 08:18:05,922 - INFO -   시뮬레이션 실행 중...
2026-01-30 08:18:06,582 - INFO -   시뮬레이션 완료 (0.66초)
2026-01-30 08:18:06,582 - INFO - 좌표 962.0 완료 (959/1000, 95.9%)
2026-01-30 08:18:06,582 - INFO - [963/1000] 좌표 963.0 처리 시작: (36.327024, 127.309656), snap_distance_m=5.1
2026-01-30 08:18:06,582 - INFO -   시나리오 생성 중...
2026-01-30 08:18:43,726 - INFO -   시나리오 생성 완료 (37.13초, API 호출: 36회)
2026-01-30 08:18:43,726 - INFO -   시뮬레이션 실행 중...
2026-01-30 08:18:44,393 - INFO -   시뮬레이션 완료 (0.67초)
2026-01-30 08:18:44,393 - INFO - 좌표 963.0 완료 (960/1000, 96.0%)
2026-01-30 08:18:44,393 - INFO - [964/1000] 좌표 964.0 처리 시작: (36.258562, 127.346537), snap_distance_m=39.3
2026-01-30 08:18:44,393 - INFO -   시나리오 생성 중...
2026-01-30 08:19:20,482 - INFO -   시나리오 생성 완료 (36.09초, API 호출: 35회)
2026-01-30 08:19:20,482 - INFO -   시뮬레이션 실행 중...
2026-01-30 08:19:21,156 - INFO -   시뮬레이션 완료 (0.67초)
2026-01-30 08:19:21,156 - INFO - 좌표 964.0 완료 (961/1000, 96.1%)
2026-01-30 08:19:21,156 - INFO - [965/1000] 좌표 965.0 처리 시작: (36.375654, 127.296678), snap_distance_m=24.6
2026-01-30 08:19:21,156 - INFO -   시나리오 생성 중...
2026-01-30 08:19:59,429 - INFO -   시나리오 생성 완료 (38.27초, API 호출: 37회)
2026-01-30 08:19:59,429 - INFO -   시뮬레이션 실행 중...
2026-01-30 08:20:00,108 - INFO -   시뮬레이션 완료 (0.68초)
2026-01-30 08:20:00,108 - INFO - 좌표 965.0 완료 (962/1000, 96.2%)
2026-01-30 08:20:00,108 - INFO - [966/1000] 좌표 966.0 처리 시작: (36.278689, 127.441669), snap_distance_m=17.3
2026-01-30 08:20:00,108 - INFO -   시나리오 생성 중...
2026-01-30 08:20:36,315 - INFO -   시나리오 생성 완료 (36.21초, API 호출: 35회)
2026-01-30 08:20:36,315 - INFO -   시뮬레이션 실행 중...
2026-01-30 08:20:36,976 - INFO -   시뮬레이션 완료 (0.66초)
2026-01-30 08:20:36,976 - INFO - 좌표 966.0 완료 (963/1000, 96.3%)
2026-01-30 08:20:36,976 - INFO - [967/1000] 좌표 967.0 처리 시작: (36.485465, 127.395351), snap_distance_m=19.6
2026-01-30 08:20:36,976 - INFO -   시나리오 생성 중...
2026-01-30 08:21:19,943 - INFO -   시나리오 생성 완료 (42.97초, API 호출: 38회)
2026-01-30 08:21:19,943 - INFO -   시뮬레이션 실행 중...
2026-01-30 08:21:20,618 - INFO -   시뮬레이션 완료 (0.68초)
2026-01-30 08:21:20,618 - INFO - 좌표 967.0 완료 (964/1000, 96.4%)
2026-01-30 08:21:20,618 - INFO - [968/1000] 좌표 968.0 처리 시작: (36.236863, 127.455127), snap_distance_m=135.1
2026-01-30 08:21:20,618 - INFO -   시나리오 생성 중...
2026-01-30 08:21:57,767 - INFO -   시나리오 생성 완료 (37.15초, API 호출: 36회)
2026-01-30 08:21:57,767 - INFO -   시뮬레이션 실행 중...
2026-01-30 08:21:58,455 - INFO -   시뮬레이션 완료 (0.69초)
2026-01-30 08:21:58,455 - INFO - 좌표 968.0 완료 (965/1000, 96.5%)
2026-01-30 08:21:58,455 - INFO - [969/1000] 좌표 969.0 처리 시작: (36.419377, 127.299516), snap_distance_m=18.7
2026-01-30 08:21:58,455 - INFO -   시나리오 생성 중...
2026-01-30 08:22:36,590 - INFO -   시나리오 생성 완료 (38.14초, API 호출: 37회)
2026-01-30 08:22:36,590 - INFO -   시뮬레이션 실행 중...
2026-01-30 08:22:37,254 - INFO -   시뮬레이션 완료 (0.66초)
2026-01-30 08:22:37,254 - INFO - 좌표 969.0 완료 (966/1000, 96.6%)
2026-01-30 08:22:37,254 - INFO - [970/1000] 좌표 970.0 처리 시작: (36.269886, 127.348452), snap_distance_m=68.8
2026-01-30 08:22:37,254 - INFO -   시나리오 생성 중...
2026-01-30 08:23:13,409 - INFO -   시나리오 생성 완료 (36.15초, API 호출: 35회)
2026-01-30 08:23:13,409 - INFO -   시뮬레이션 실행 중...
2026-01-30 08:23:14,076 - INFO -   시뮬레이션 완료 (0.67초)
2026-01-30 08:23:14,076 - INFO - 좌표 970.0 완료 (967/1000, 96.7%)
2026-01-30 08:23:14,076 - INFO - [971/1000] 좌표 971.0 처리 시작: (36.379019, 127.453024), snap_distance_m=22.1
2026-01-30 08:23:14,076 - INFO -   시나리오 생성 중...
2026-01-30 08:23:53,261 - INFO -   시나리오 생성 완료 (39.18초, API 호출: 38회)
2026-01-30 08:23:53,261 - INFO -   시뮬레이션 실행 중...
2026-01-30 08:23:53,934 - INFO -   시뮬레이션 완료 (0.67초)
2026-01-30 08:23:53,934 - INFO - 좌표 971.0 완료 (968/1000, 96.8%)
2026-01-30 08:23:53,934 - INFO - [972/1000] 좌표 972.0 처리 시작: (36.270806, 127.354616), snap_distance_m=156.8
2026-01-30 08:23:53,934 - INFO -   시나리오 생성 중...
2026-01-30 08:24:30,074 - INFO -   시나리오 생성 완료 (36.14초, API 호출: 35회)
2026-01-30 08:24:30,074 - INFO -   시뮬레이션 실행 중...
2026-01-30 08:24:30,754 - INFO -   시뮬레이션 완료 (0.68초)
2026-01-30 08:24:30,754 - INFO - 좌표 972.0 완료 (969/1000, 96.9%)
2026-01-30 08:24:30,754 - INFO - [973/1000] 좌표 973.0 처리 시작: (36.333589, 127.449256), snap_distance_m=16.3
2026-01-30 08:24:30,754 - INFO -   시나리오 생성 중...
2026-01-30 08:25:07,881 - INFO -   시나리오 생성 완료 (37.13초, API 호출: 36회)
2026-01-30 08:25:07,881 - INFO -   시뮬레이션 실행 중...
2026-01-30 08:25:08,572 - INFO -   시뮬레이션 완료 (0.69초)
2026-01-30 08:25:08,572 - INFO - 좌표 973.0 완료 (970/1000, 97.0%)
2026-01-30 08:25:08,572 - INFO - [974/1000] 좌표 974.0 처리 시작: (36.344768, 127.306789), snap_distance_m=16.9
2026-01-30 08:25:08,572 - INFO -   시나리오 생성 중...
2026-01-30 08:25:45,671 - INFO -   시나리오 생성 완료 (37.1초, API 호출: 36회)
2026-01-30 08:25:45,671 - INFO -   시뮬레이션 실행 중...
2026-01-30 08:25:46,360 - INFO -   시뮬레이션 완료 (0.69초)
2026-01-30 08:25:46,360 - INFO - 좌표 974.0 완료 (971/1000, 97.1%)
2026-01-30 08:25:46,360 - INFO - [975/1000] 좌표 975.0 처리 시작: (36.283257, 127.471843), snap_distance_m=6.3
2026-01-30 08:25:46,360 - INFO -   시나리오 생성 중...
2026-01-30 08:26:23,504 - INFO -   시나리오 생성 완료 (37.14초, API 호출: 36회)
2026-01-30 08:26:23,504 - INFO -   시뮬레이션 실행 중...
2026-01-30 08:26:24,181 - INFO -   시뮬레이션 완료 (0.68초)
2026-01-30 08:26:24,181 - INFO - 좌표 975.0 완료 (972/1000, 97.2%)
2026-01-30 08:26:24,181 - INFO - [976/1000] 좌표 976.0 처리 시작: (36.321446, 127.446794), snap_distance_m=17.2
2026-01-30 08:26:24,181 - INFO -   시나리오 생성 중...
2026-01-30 08:27:02,719 - INFO -   시나리오 생성 완료 (38.54초, API 호출: 36회)
2026-01-30 08:27:02,719 - INFO -   시뮬레이션 실행 중...
2026-01-30 08:27:03,482 - INFO -   시뮬레이션 완료 (0.76초)
2026-01-30 08:27:03,482 - INFO - 좌표 976.0 완료 (973/1000, 97.3%)
2026-01-30 08:27:03,482 - INFO - [977/1000] 좌표 977.0 처리 시작: (36.426609, 127.404008), snap_distance_m=135.9
2026-01-30 08:27:03,482 - INFO -   시나리오 생성 중...
2026-01-30 08:27:42,440 - INFO -   시나리오 생성 완료 (38.96초, API 호출: 37회)
2026-01-30 08:27:42,440 - INFO -   시뮬레이션 실행 중...
2026-01-30 08:27:43,124 - INFO -   시뮬레이션 완료 (0.68초)
2026-01-30 08:27:43,124 - INFO - 좌표 977.0 완료 (974/1000, 97.4%)
2026-01-30 08:27:43,124 - INFO - [978/1000] 좌표 978.0 처리 시작: (36.322344, 127.313693), snap_distance_m=54.8
2026-01-30 08:27:43,124 - INFO -   시나리오 생성 중...
2026-01-30 08:28:20,252 - INFO -   시나리오 생성 완료 (37.13초, API 호출: 36회)
2026-01-30 08:28:20,252 - INFO -   시뮬레이션 실행 중...
2026-01-30 08:28:20,927 - INFO -   시뮬레이션 완료 (0.67초)
2026-01-30 08:28:20,927 - INFO - 좌표 978.0 완료 (975/1000, 97.5%)
2026-01-30 08:28:20,927 - INFO - [979/1000] 좌표 979.0 처리 시작: (36.385568, 127.431134), snap_distance_m=64.9
2026-01-30 08:28:20,927 - INFO -   시나리오 생성 중...
2026-01-30 08:29:00,101 - INFO -   시나리오 생성 완료 (39.17초, API 호출: 38회)
2026-01-30 08:29:00,101 - INFO -   시뮬레이션 실행 중...
2026-01-30 08:29:00,777 - INFO -   시뮬레이션 완료 (0.68초)
2026-01-30 08:29:00,777 - INFO - 좌표 979.0 완료 (976/1000, 97.6%)
2026-01-30 08:29:00,777 - INFO - [980/1000] 좌표 980.0 처리 시작: (36.275769, 127.455801), snap_distance_m=152.9
2026-01-30 08:29:00,777 - INFO -   시나리오 생성 중...
2026-01-30 08:29:36,916 - INFO -   시나리오 생성 완료 (36.14초, API 호출: 35회)
2026-01-30 08:29:36,916 - INFO -   시뮬레이션 실행 중...
2026-01-30 08:29:37,592 - INFO -   시뮬레이션 완료 (0.68초)
2026-01-30 08:29:37,592 - INFO - 좌표 980.0 완료 (977/1000, 97.7%)
2026-01-30 08:29:37,592 - INFO - [981/1000] 좌표 981.0 처리 시작: (36.367840, 127.323425), snap_distance_m=27.8
2026-01-30 08:29:37,592 - INFO -   시나리오 생성 중...
2026-01-30 08:30:16,732 - INFO -   시나리오 생성 완료 (39.14초, API 호출: 38회)
2026-01-30 08:30:16,732 - INFO -   시뮬레이션 실행 중...
2026-01-30 08:30:17,406 - INFO -   시뮬레이션 완료 (0.67초)
2026-01-30 08:30:17,406 - INFO - 좌표 981.0 완료 (978/1000, 97.8%)
2026-01-30 08:30:17,406 - INFO - [982/1000] 좌표 982.0 처리 시작: (36.417160, 127.443587), snap_distance_m=39.3
2026-01-30 08:30:17,406 - INFO -   시나리오 생성 중...
2026-01-30 08:30:57,355 - INFO -   시나리오 생성 완료 (39.95초, API 호출: 38회)
2026-01-30 08:30:57,355 - INFO -   시뮬레이션 실행 중...
2026-01-30 08:30:58,025 - INFO -   시뮬레이션 완료 (0.67초)
2026-01-30 08:30:58,025 - INFO - 좌표 982.0 완료 (979/1000, 97.9%)
2026-01-30 08:30:58,025 - INFO - [983/1000] 좌표 983.0 처리 시작: (36.331683, 127.307130), snap_distance_m=42.3
2026-01-30 08:30:58,025 - INFO -   시나리오 생성 중...
2026-01-30 08:31:35,169 - INFO -   시나리오 생성 완료 (37.14초, API 호출: 36회)
2026-01-30 08:31:35,169 - INFO -   시뮬레이션 실행 중...
2026-01-30 08:31:35,871 - INFO -   시뮬레이션 완료 (0.7초)
2026-01-30 08:31:35,871 - INFO - 좌표 983.0 완료 (980/1000, 98.0%)
2026-01-30 08:31:35,871 - INFO - [984/1000] 좌표 984.0 처리 시작: (36.437500, 127.397750), snap_distance_m=29.3
2026-01-30 08:31:35,871 - INFO -   시나리오 생성 중...
2026-01-30 08:32:13,995 - INFO -   시나리오 생성 완료 (38.12초, API 호출: 37회)
2026-01-30 08:32:13,995 - INFO -   시뮬레이션 실행 중...
2026-01-30 08:32:14,672 - INFO -   시뮬레이션 완료 (0.68초)
2026-01-30 08:32:14,672 - INFO - 좌표 984.0 완료 (981/1000, 98.1%)
2026-01-30 08:32:14,672 - INFO - [985/1000] 좌표 985.0 처리 시작: (36.307789, 127.442056), snap_distance_m=9.5
2026-01-30 08:32:14,672 - INFO -   시나리오 생성 중...
2026-01-30 08:32:56,997 - INFO -   시나리오 생성 완료 (42.33초, API 호출: 35회)
2026-01-30 08:32:56,997 - INFO -   시뮬레이션 실행 중...
2026-01-30 08:32:57,674 - INFO -   시뮬레이션 완료 (0.68초)
2026-01-30 08:32:57,674 - INFO - 좌표 985.0 완료 (982/1000, 98.2%)
2026-01-30 08:32:57,674 - INFO - [986/1000] 좌표 986.0 처리 시작: (36.327295, 127.265766), snap_distance_m=59.6
2026-01-30 08:32:57,674 - INFO -   시나리오 생성 중...
2026-01-30 08:33:35,773 - INFO -   시나리오 생성 완료 (38.1초, API 호출: 36회)
2026-01-30 08:33:35,773 - INFO -   시뮬레이션 실행 중...
2026-01-30 08:33:36,451 - INFO -   시뮬레이션 완료 (0.68초)
2026-01-30 08:33:36,451 - INFO - 좌표 986.0 완료 (983/1000, 98.3%)
2026-01-30 08:33:36,451 - INFO - [987/1000] 좌표 987.0 처리 시작: (36.340555, 127.298670), snap_distance_m=82.5
2026-01-30 08:33:36,451 - INFO -   시나리오 생성 중...
2026-01-30 08:34:13,582 - INFO -   시나리오 생성 완료 (37.13초, API 호출: 36회)
2026-01-30 08:34:13,582 - INFO -   시뮬레이션 실행 중...
2026-01-30 08:34:14,255 - INFO -   시뮬레이션 완료 (0.67초)
2026-01-30 08:34:14,255 - INFO - 좌표 987.0 완료 (984/1000, 98.4%)
2026-01-30 08:34:14,255 - INFO - [988/1000] 좌표 988.0 처리 시작: (36.406590, 127.384024), snap_distance_m=1.9
2026-01-30 08:34:14,255 - INFO -   시나리오 생성 중...
2026-01-30 08:34:52,413 - INFO -   시나리오 생성 완료 (38.16초, API 호출: 37회)
2026-01-30 08:34:52,413 - INFO -   시뮬레이션 실행 중...
2026-01-30 08:34:53,106 - INFO -   시뮬레이션 완료 (0.69초)
2026-01-30 08:34:53,106 - INFO - 좌표 988.0 완료 (985/1000, 98.5%)
2026-01-30 08:34:53,106 - INFO - [989/1000] 좌표 989.0 처리 시작: (36.381003, 127.343576), snap_distance_m=81.5
2026-01-30 08:34:53,106 - INFO -   시나리오 생성 중...
2026-01-30 08:35:32,235 - INFO -   시나리오 생성 완료 (39.13초, API 호출: 38회)
2026-01-30 08:35:32,235 - INFO -   시뮬레이션 실행 중...
2026-01-30 08:35:32,907 - INFO -   시뮬레이션 완료 (0.67초)
2026-01-30 08:35:32,907 - INFO - 좌표 989.0 완료 (986/1000, 98.6%)
2026-01-30 08:35:32,907 - INFO - [990/1000] 좌표 990.0 처리 시작: (36.321038, 127.445570), snap_distance_m=19.3
2026-01-30 08:35:32,907 - INFO -   시나리오 생성 중...
2026-01-30 08:36:10,051 - INFO -   시나리오 생성 완료 (37.14초, API 호출: 36회)
2026-01-30 08:36:10,051 - INFO -   시뮬레이션 실행 중...
2026-01-30 08:36:10,719 - INFO -   시뮬레이션 완료 (0.67초)
2026-01-30 08:36:10,719 - INFO - 좌표 990.0 완료 (987/1000, 98.7%)
2026-01-30 08:36:10,719 - INFO - [991/1000] 좌표 991.0 처리 시작: (36.308246, 127.462007), snap_distance_m=74.1
2026-01-30 08:36:10,719 - INFO -   시나리오 생성 중...
2026-01-30 08:36:47,865 - INFO -   시나리오 생성 완료 (37.15초, API 호출: 36회)
2026-01-30 08:36:47,865 - INFO -   시뮬레이션 실행 중...
2026-01-30 08:36:48,558 - INFO -   시뮬레이션 완료 (0.69초)
2026-01-30 08:36:48,558 - INFO - 좌표 991.0 완료 (988/1000, 98.8%)
2026-01-30 08:36:48,558 - INFO - [992/1000] 좌표 992.0 처리 시작: (36.433454, 127.445017), snap_distance_m=41.4
2026-01-30 08:36:48,558 - INFO -   시나리오 생성 중...
2026-01-30 08:37:27,738 - INFO -   시나리오 생성 완료 (39.18초, API 호출: 38회)
2026-01-30 08:37:27,738 - INFO -   시뮬레이션 실행 중...
2026-01-30 08:37:28,411 - INFO -   시뮬레이션 완료 (0.67초)
2026-01-30 08:37:28,411 - INFO - 좌표 992.0 완료 (989/1000, 98.9%)
2026-01-30 08:37:28,411 - INFO - [993/1000] 좌표 993.0 처리 시작: (36.295452, 127.362410), snap_distance_m=204.2
2026-01-30 08:37:28,411 - INFO -   시나리오 생성 중...
2026-01-30 08:38:05,567 - INFO -   시나리오 생성 완료 (37.16초, API 호출: 35회)
2026-01-30 08:38:05,567 - INFO -   시뮬레이션 실행 중...
2026-01-30 08:38:06,245 - INFO -   시뮬레이션 완료 (0.68초)
2026-01-30 08:38:06,245 - INFO - 좌표 993.0 완료 (990/1000, 99.0%)
2026-01-30 08:38:06,245 - INFO - [994/1000] 좌표 994.0 처리 시작: (36.238654, 127.479783), snap_distance_m=236.1
2026-01-30 08:38:06,245 - INFO -   시나리오 생성 중...
2026-01-30 08:38:43,379 - INFO -   시나리오 생성 완료 (37.13초, API 호출: 36회)
2026-01-30 08:38:43,379 - INFO -   시뮬레이션 실행 중...
2026-01-30 08:38:44,071 - INFO -   시뮬레이션 완료 (0.69초)
2026-01-30 08:38:44,071 - INFO - 좌표 994.0 완료 (991/1000, 99.1%)
2026-01-30 08:38:44,071 - INFO - [995/1000] 좌표 995.0 처리 시작: (36.341318, 127.320633), snap_distance_m=190.8
2026-01-30 08:38:44,071 - INFO -   시나리오 생성 중...
2026-01-30 08:39:21,223 - INFO -   시나리오 생성 완료 (37.15초, API 호출: 36회)
2026-01-30 08:39:21,223 - INFO -   시뮬레이션 실행 중...
2026-01-30 08:39:21,905 - INFO -   시뮬레이션 완료 (0.68초)
2026-01-30 08:39:21,905 - INFO - 좌표 995.0 완료 (992/1000, 99.2%)
2026-01-30 08:39:21,905 - INFO - [996/1000] 좌표 996.0 처리 시작: (36.434756, 127.426460), snap_distance_m=36.3
2026-01-30 08:39:21,905 - INFO -   시나리오 생성 중...
2026-01-30 08:40:02,074 - INFO -   시나리오 생성 완료 (40.17초, API 호출: 39회)
2026-01-30 08:40:02,074 - INFO -   시뮬레이션 실행 중...
2026-01-30 08:40:02,759 - INFO -   시뮬레이션 완료 (0.69초)
2026-01-30 08:40:02,759 - INFO - 좌표 996.0 완료 (993/1000, 99.3%)
2026-01-30 08:40:02,759 - INFO - [997/1000] 좌표 997.0 처리 시작: (36.436326, 127.456629), snap_distance_m=185.7
2026-01-30 08:40:02,759 - INFO -   시나리오 생성 중...
2026-01-30 08:40:42,687 - INFO -   시나리오 생성 완료 (39.93초, API 호출: 38회)
2026-01-30 08:40:42,687 - INFO -   시뮬레이션 실행 중...
2026-01-30 08:40:43,358 - INFO -   시뮬레이션 완료 (0.67초)
2026-01-30 08:40:43,358 - INFO - 좌표 997.0 완료 (994/1000, 99.4%)
2026-01-30 08:40:43,358 - INFO - [998/1000] 좌표 998.0 처리 시작: (36.361235, 127.272708), snap_distance_m=243.1
2026-01-30 08:40:43,358 - INFO -   시나리오 생성 중...
2026-01-30 08:41:21,464 - INFO -   시나리오 생성 완료 (38.11초, API 호출: 37회)
2026-01-30 08:41:21,464 - INFO -   시뮬레이션 실행 중...
2026-01-30 08:41:22,159 - INFO -   시뮬레이션 완료 (0.7초)
2026-01-30 08:41:22,159 - INFO - 좌표 998.0 완료 (995/1000, 99.5%)
2026-01-30 08:41:22,159 - INFO - [999/1000] 좌표 999.0 처리 시작: (36.284036, 127.389889), snap_distance_m=33.3
2026-01-30 08:41:22,159 - INFO -   시나리오 생성 중...
2026-01-30 08:41:58,254 - INFO -   시나리오 생성 완료 (36.1초, API 호출: 35회)
2026-01-30 08:41:58,254 - INFO -   시뮬레이션 실행 중...
2026-01-30 08:41:58,929 - INFO -   시뮬레이션 완료 (0.67초)
2026-01-30 08:41:58,929 - INFO - 좌표 999.0 완료 (996/1000, 99.6%)
2026-01-30 08:41:58,929 - INFO - [1000/1000] 좌표 1000.0 처리 시작: (36.243108, 127.308893), snap_distance_m=140.1
2026-01-30 08:41:58,929 - INFO -   시나리오 생성 중...
2026-01-30 08:42:35,042 - INFO -   시나리오 생성 완료 (36.11초, API 호출: 35회)
2026-01-30 08:42:35,042 - INFO -   시뮬레이션 실행 중...
2026-01-30 08:42:35,707 - INFO -   시뮬레이션 완료 (0.67초)
2026-01-30 08:42:35,707 - INFO - 좌표 1000.0 완료 (997/1000, 99.7%)
2026-01-30 08:42:35,707 - INFO - ======================================================================
2026-01-30 08:42:35,707 - INFO - 실험 요약: daejeon_exp_20260129_205304
2026-01-30 08:42:35,707 - INFO - ======================================================================
2026-01-30 08:42:35,707 - INFO - 성공: 997/1000
2026-01-30 08:42:35,707 - INFO - 실패: 3
2026-01-30 08:42:35,707 - INFO - 실패 유형:
2026-01-30 08:42:35,707 - INFO -   - 기타 오류: 3건
2026-01-30 08:42:35,707 - INFO - 실패 좌표 예시 (최대 10건):
2026-01-30 08:42:35,707 - INFO -   - 23.0 (36.200526, 127.442316): API error limit exceeded (3). Last error: 예외 발생: API error limit exceeded (3). Last error: HTTP 400 ...
2026-01-30 08:42:35,707 - INFO -   - 97.0 (36.233064, 127.330563): API error limit exceeded (3). Last error: 예외 발생: API error limit exceeded (3). Last error: HTTP 400 ...
2026-01-30 08:42:35,707 - INFO -   - 160.0 (36.234872, 127.427357): API error limit exceeded (3). Last error: 예외 발생: API error limit exceeded (3). Last error: HTTP 400 ...
2026-01-30 08:42:35,707 - INFO - 성공률: 99.7%
2026-01-30 08:42:35,707 - INFO - ======================================================================
2026-01-30 08:42:35,707 - INFO - 
[종료] 성능 메트릭 포함 메타데이터 저장 중...
2026-01-30 08:42:35,723 - INFO - 실험 메타데이터 저장: C:\Users\User\MCI_Diffusion\MCI_ADV2\scenarios\daejeon_exp_20260129_205304\experiment_metadata.csv
2026-01-30 13:48:19,531 - INFO - ======================================================================
2026-01-30 13:48:19,531 - INFO - 실험 시작: daejeon_exp_20260129_205304
2026-01-30 13:48:19,531 - INFO - ======================================================================
2026-01-30 13:48:19,531 - INFO - 총 좌표 수: 1000
2026-01-30 13:48:19,531 - INFO - 시나리오 폴더: C:\Users\User\MCI_Diffusion\MCI_ADV2\scenarios\daejeon_exp_20260129_205304
2026-01-30 13:48:19,531 - INFO - 결과 폴더: C:\Users\User\MCI_Diffusion\MCI_ADV2\results\daejeon_exp_20260129_205304
2026-01-30 13:48:19,531 - INFO - 로그 파일: C:\Users\User\MCI_Diffusion\MCI_ADV2\experiment_logs\daejeon_exp_20260129_205304.log
2026-01-30 13:48:19,531 - INFO - ======================================================================
2026-01-30 13:48:19,531 - INFO - [1/3] 좌표 23.0 처리 시작: (36.200526, 127.442316), snap_distance_m=17.5
2026-01-30 13:48:19,531 - INFO -   시나리오 생성 중...
2026-01-30 13:48:36,606 - ERROR - 좌표 23.0 실패 [기타 오류]: API error limit exceeded (3). Last error: 예외 발생: API error limit exceeded (3). Last error: HTTP 400 Bad Request - 좌표 형식 오류 가능성
2026-01-30 13:48:36,606 - INFO - [1/3] 좌표 97.0 처리 시작: (36.233064, 127.330563), snap_distance_m=143.8
2026-01-30 13:48:36,606 - INFO -   시나리오 생성 중...
2026-01-30 13:48:39,612 - ERROR - 좌표 97.0 실패 [기타 오류]: API error limit exceeded (3). Last error: 예외 발생: API error limit exceeded (3). Last error: HTTP 400 Bad Request - 좌표 형식 오류 가능성
2026-01-30 13:48:39,612 - INFO - [1/3] 좌표 160.0 처리 시작: (36.234872, 127.427357), snap_distance_m=161.6
2026-01-30 13:48:39,612 - INFO -   시나리오 생성 중...
2026-01-30 13:48:42,614 - ERROR - 좌표 160.0 실패 [기타 오류]: API error limit exceeded (3). Last error: 예외 발생: API error limit exceeded (3). Last error: HTTP 400 Bad Request - 좌표 형식 오류 가능성
2026-01-30 13:48:42,614 - INFO - ======================================================================
2026-01-30 13:48:42,614 - INFO - 실험 요약: daejeon_exp_20260129_205304
2026-01-30 13:48:42,614 - INFO - ======================================================================
2026-01-30 13:48:42,614 - INFO - 성공: 0/3
2026-01-30 13:48:42,614 - INFO - 실패: 3
2026-01-30 13:48:42,614 - INFO - 실패 유형:
2026-01-30 13:48:42,614 - INFO -   - 기타 오류: 3건
2026-01-30 13:48:42,614 - INFO - 실패 좌표 예시 (최대 10건):
2026-01-30 13:48:42,614 - INFO -   - 23.0 (36.200526, 127.442316): API error limit exceeded (3). Last error: 예외 발생: API error limit exceeded (3). Last error: HTTP 400 ...
2026-01-30 13:48:42,614 - INFO -   - 97.0 (36.233064, 127.330563): API error limit exceeded (3). Last error: 예외 발생: API error limit exceeded (3). Last error: HTTP 400 ...
2026-01-30 13:48:42,614 - INFO -   - 160.0 (36.234872, 127.427357): API error limit exceeded (3). Last error: 예외 발생: API error limit exceeded (3). Last error: HTTP 400 ...
2026-01-30 13:48:42,614 - INFO - 성공률: 0.0%
2026-01-30 13:48:42,614 - INFO - ======================================================================
2026-01-30 13:48:42,614 - INFO - 
[종료] 성능 메트릭 포함 메타데이터 저장 중...
2026-01-30 14:01:58,231 - INFO - ======================================================================
2026-01-30 14:01:58,231 - INFO - 실험 시작: daejeon_exp_20260129_205304
2026-01-30 14:01:58,231 - INFO - ======================================================================
2026-01-30 14:01:58,231 - INFO - 총 좌표 수: 1000
2026-01-30 14:01:58,231 - INFO - 시나리오 폴더: C:\Users\User\MCI_Diffusion\MCI_ADV2\scenarios\daejeon_exp_20260129_205304
2026-01-30 14:01:58,231 - INFO - 결과 폴더: C:\Users\User\MCI_Diffusion\MCI_ADV2\results\daejeon_exp_20260129_205304
2026-01-30 14:01:58,231 - INFO - 로그 파일: C:\Users\User\MCI_Diffusion\MCI_ADV2\experiment_logs\daejeon_exp_20260129_205304.log
2026-01-30 14:01:58,231 - INFO - ======================================================================
2026-01-30 14:01:58,231 - INFO - [1/3] 좌표 23.0 처리 시작: (36.463425, 127.470544), snap_distance_m=60.2
2026-01-30 14:01:58,231 - INFO -   시나리오 생성 중...
2026-01-30 14:02:38,669 - INFO -   시나리오 생성 완료 (40.44초, API 호출: 39회)
2026-01-30 14:02:38,669 - INFO -   시뮬레이션 실행 중...
2026-01-30 14:02:39,393 - INFO -   시뮬레이션 완료 (0.72초)
2026-01-30 14:02:39,393 - INFO - 좌표 23.0 완료 (1/3, 33.3%)
2026-01-30 14:02:39,393 - INFO - [2/3] 좌표 97.0 처리 시작: (36.309542, 127.383317), snap_distance_m=4.5
2026-01-30 14:02:39,393 - INFO -   시나리오 생성 중...
2026-01-30 14:03:16,550 - INFO -   시나리오 생성 완료 (37.16초, API 호출: 36회)
2026-01-30 14:03:16,550 - INFO -   시뮬레이션 실행 중...
2026-01-30 14:03:17,245 - INFO -   시뮬레이션 완료 (0.69초)
2026-01-30 14:03:17,245 - INFO - 좌표 97.0 완료 (2/3, 66.7%)
2026-01-30 14:03:17,245 - INFO - [3/3] 좌표 160.0 처리 시작: (36.347792, 127.460563), snap_distance_m=211.0
2026-01-30 14:03:17,245 - INFO -   시나리오 생성 중...
2026-01-30 14:03:55,698 - INFO -   시나리오 생성 완료 (38.45초, API 호출: 37회)
2026-01-30 14:03:55,706 - INFO -   시뮬레이션 실행 중...
2026-01-30 14:03:56,438 - INFO -   시뮬레이션 완료 (0.73초)
2026-01-30 14:03:56,438 - INFO - 좌표 160.0 완료 (3/3, 100.0%)
2026-01-30 14:03:56,438 - INFO - ======================================================================
2026-01-30 14:03:56,438 - INFO - 실험 요약: daejeon_exp_20260129_205304
2026-01-30 14:03:56,438 - INFO - ======================================================================
2026-01-30 14:03:56,438 - INFO - 성공: 3/3
2026-01-30 14:03:56,438 - INFO - 실패: 0
2026-01-30 14:03:56,438 - INFO - 성공률: 100.0%
2026-01-30 14:03:56,438 - INFO - ======================================================================
2026-01-30 14:03:56,438 - INFO - 
[종료] 성능 메트릭 포함 메타데이터 저장 중...
2026-01-30 14:03:56,458 - INFO - 실험 메타데이터 저장: C:\Users\User\MCI_Diffusion\MCI_ADV2\scenarios\daejeon_exp_20260129_205304\experiment_metadata.csv
