index,random_latitude,random_longitude,snapped_latitude,snapped_longitude,snap_distance_m,experiment_id,incident_size,amb_velocity,uav_velocity,total_samples,random_seed,is_use_time,uav_size,scenario_gen_time_sec,simulation_time_sec,api_call_count,status,failure_reason,평균 시나리오 생성 시간(초),평균 시뮬레이션 실행 시간(초),평균 API 호출 수,전체 좌표 수,실험 성공 수,성공률(%)
1,36.20807639,127.4349315,36.207724,127.435489,63.54079729,daejeon_exp_20260129_205304,30,40,80,30,0,TRUE,0,38.3,0.69,37,success,,38.20191,0.69003,36.692,1000,1000,100
2,36.29972934,127.4725372,36.299785,127.472564,6.639125635,daejeon_exp_20260129_205304,30,40,80,30,0,TRUE,0,37.14,0.71,36,success,,,,,,,
3,36.4307888,127.4540432,36.430765,127.454044,2.647155634,daejeon_exp_20260129_205304,30,40,80,30,0,TRUE,0,39.2,0.72,38,success,,,,,,,
4,36.39980861,127.4507031,36.39986,127.450711,5.758514612,daejeon_exp_20260129_205304,30,40,80,30,0,TRUE,0,39.1,0.72,38,success,,,,,,,
5,36.35437121,127.4302883,36.354363,127.430407,10.66816848,daejeon_exp_20260129_205304,30,40,80,30,0,TRUE,0,40.26,0.7,39,success,,,,,,,
6,36.4449977,127.362072,36.445128,127.361052,92.37929889,daejeon_exp_20260129_205304,30,40,80,30,0,TRUE,0,38.48,0.76,37,success,,,,,,,
7,36.33973936,127.3535156,36.340436,127.354744,134.5625614,daejeon_exp_20260129_205304,30,40,80,30,0,TRUE,0,37.27,0.75,36,success,,,,,,,
8,36.44346216,127.4684923,36.44387,127.467533,97.0562111,daejeon_exp_20260129_205304,30,40,80,30,0,TRUE,0,39.16,0.7,38,success,,,,,,,
9,36.3791132,127.3926815,36.378939,127.392571,21.75115703,daejeon_exp_20260129_205304,30,40,80,30,0,TRUE,0,39.26,0.71,38,success,,,,,,,
10,36.37494306,127.387526,36.374283,127.387529,73.39614637,daejeon_exp_20260129_205304,30,40,80,30,0,TRUE,0,39.23,0.73,38,success,,,,,,,
11,36.35944207,127.4510197,36.359576,127.4511,16.53648142,daejeon_exp_20260129_205304,30,40,80,30,0,TRUE,0,38.18,0.71,37,success,,,,,,,
12,36.37770832,127.4110655,36.377687,127.411103,4.110756962,daejeon_exp_20260129_205304,30,40,80,30,0,TRUE,0,39.18,0.69,38,success,,,,,,,
13,36.32869599,127.331579,36.328695,127.33176,16.21458581,daejeon_exp_20260129_205304,30,40,80,30,0,TRUE,0,37.15,0.69,36,success,,,,,,,
14,36.31636985,127.3479791,36.316481,127.348379,37.90228517,daejeon_exp_20260129_205304,30,40,80,30,0,TRUE,0,38.15,0.69,37,success,,,,,,,
15,36.36219585,127.4145053,36.3622,127.415679,105.09475,daejeon_exp_20260129_205304,30,40,80,30,0,TRUE,0,39.28,0.73,38,success,,,,,,,
16,36.2388766,127.4810579,36.238378,127.479979,111.5218123,daejeon_exp_20260129_205304,30,40,80,30,0,TRUE,0,37.43,0.7,36,success,,,,,,,
17,36.27689355,127.4271048,36.278333,127.427108,160.0604422,daejeon_exp_20260129_205304,30,40,80,30,0,TRUE,0,37.13,0.67,36,success,,,,,,,
18,36.25936609,127.4541451,36.258721,127.452477,165.8770829,daejeon_exp_20260129_205304,30,40,80,30,0,TRUE,0,37.21,0.69,36,success,,,,,,,
19,36.30515198,127.2924139,36.305073,127.292097,29.72730535,daejeon_exp_20260129_205304,30,40,80,30,0,TRUE,0,37.12,0.72,36,success,,,,,,,
20,36.47930333,127.3808756,36.479337,127.380912,4.959226975,daejeon_exp_20260129_205304,30,40,80,30,0,TRUE,0,38.32,0.77,37,success,,,,,,,
21,36.34881525,127.2998865,36.348763,127.299802,9.543454606,daejeon_exp_20260129_205304,30,40,80,30,0,TRUE,0,38.23,0.73,37,success,,,,,,,
22,36.42977003,127.3687308,36.429756,127.36885,10.77934196,daejeon_exp_20260129_205304,30,40,80,30,0,TRUE,0,38.45,0.75,37,success,,,,,,,
23,36.46304357,127.4700658,36.463425,127.470544,60.2278895,daejeon_exp_20260129_205304,30,40,80,30,0,TRUE,0,40.44,0.72,39,success,,,,,,,
24,36.42953931,127.414017,36.430062,127.414017,58.12058523,daejeon_exp_20260129_205304,30,40,80,30,0,TRUE,0,39.46,0.69,38,success,,,,,,,
25,36.49290106,127.3801774,36.494232,127.380829,159.0437023,daejeon_exp_20260129_205304,30,40,80,30,0,TRUE,0,38.16,0.73,37,success,,,,,,,
26,36.39348434,127.3172539,36.394613,127.318173,150.0617032,daejeon_exp_20260129_205304,30,40,80,30,0,TRUE,0,39.16,0.7,38,success,,,,,,,
27,36.36111738,127.4061496,36.360509,127.405966,69.61871124,daejeon_exp_20260129_205304,30,40,80,30,0,TRUE,0,39.15,0.7,38,success,,,,,,,
28,36.35063315,127.30927,36.349966,127.308221,119.7025914,daejeon_exp_20260129_205304,30,40,80,30,0,TRUE,0,38.2,0.7,37,success,,,,,,,
29,36.31639255,127.401076,36.316289,127.401118,12.11343646,daejeon_exp_20260129_205304,30,40,80,30,0,TRUE,0,37.14,0.69,36,success,,,,,,,
30,36.33401518,127.2947708,36.335142,127.295796,155.3471422,daejeon_exp_20260129_205304,30,40,80,30,0,TRUE,0,37.14,0.7,36,success,,,,,,,
31,36.21535108,127.3525128,36.214354,127.352051,118.3574529,daejeon_exp_20260129_205304,30,40,80,30,0,TRUE,0,36.16,0.69,35,success,,,,,,,
32,36.24008285,127.345551,36.239533,127.345238,67.27874271,daejeon_exp_20260129_205304,30,40,80,30,0,TRUE,0,36.16,0.75,35,success,,,,,,,
33,36.36574986,127.3397316,36.365823,127.339795,9.918733984,daejeon_exp_20260129_205304,30,40,80,30,0,TRUE,0,39.16,0.73,38,success,,,,,,,
34,36.28966523,127.2548792,36.291195,127.255132,171.6051079,daejeon_exp_20260129_205304,30,40,80,30,0,TRUE,0,37.17,0.75,36,success,,,,,,,
35,36.28256435,127.3046962,36.281522,127.304757,116.0327456,daejeon_exp_20260129_205304,30,40,80,30,0,TRUE,0,38.15,0.75,37,success,,,,,,,
36,36.44521989,127.3743585,36.445383,127.3745,22.11811175,daejeon_exp_20260129_205304,30,40,80,30,0,TRUE,0,38.23,0.75,37,success,,,,,,,
37,36.27693499,127.2594212,36.276969,127.25944,4.138719759,daejeon_exp_20260129_205304,30,40,80,30,0,TRUE,0,37.16,0.69,36,success,,,,,,,
38,36.40144328,127.4325706,36.400266,127.433375,149.3989364,daejeon_exp_20260129_205304,30,40,80,30,0,TRUE,0,38.25,0.68,37,success,,,,,,,
39,36.41833614,127.3068711,36.418796,127.306769,51.9433078,daejeon_exp_20260129_205304,30,40,80,30,0,TRUE,0,38.26,0.72,37,success,,,,,,,
40,36.361441,127.4535232,36.36121,127.453104,45.48047059,daejeon_exp_20260129_205304,30,40,80,30,0,TRUE,0,38.17,0.75,37,success,,,,,,,
41,36.32496868,127.3857937,36.325325,127.386066,46.53000497,daejeon_exp_20260129_205304,30,40,80,30,0,TRUE,0,37.19,0.78,36,success,,,,,,,
42,36.43364901,127.3959232,36.433462,127.395666,31.01460537,daejeon_exp_20260129_205304,30,40,80,30,0,TRUE,0,38.14,0.71,37,success,,,,,,,
43,36.35317619,127.3232933,36.352697,127.322994,59.64600114,daejeon_exp_20260129_205304,30,40,80,30,0,TRUE,0,37.29,0.73,36,success,,,,,,,
44,36.29363224,127.3702529,36.293748,127.370245,12.89132218,daejeon_exp_20260129_205304,30,40,80,30,0,TRUE,0,36.18,0.75,35,success,,,,,,,
45,36.32841367,127.3825004,36.328377,127.382489,4.204884359,daejeon_exp_20260129_205304,30,40,80,30,0,TRUE,0,37.15,0.69,36,success,,,,,,,
46,36.26802825,127.3463741,36.268161,127.347082,65.15957836,daejeon_exp_20260129_205304,30,40,80,30,0,TRUE,0,36.13,0.69,35,success,,,,,,,
47,36.25515206,127.3252462,36.254966,127.325701,45.72640269,daejeon_exp_20260129_205304,30,40,80,30,0,TRUE,0,36.18,0.74,35,success,,,,,,,
48,36.43023018,127.3957638,36.430307,127.395859,12.06116869,daejeon_exp_20260129_205304,30,40,80,30,0,TRUE,0,38.12,0.74,37,success,,,,,,,
49,36.26423879,127.4102439,36.26437,127.410365,18.18577623,daejeon_exp_20260129_205304,30,40,80,30,0,TRUE,0,37.1,0.69,36,success,,,,,,,
50,36.35296835,127.4921483,36.353021,127.491807,31.11728549,daejeon_exp_20260129_205304,30,40,80,30,0,TRUE,0,38.11,0.68,37,success,,,,,,,
51,36.28675834,127.2516787,36.286762,127.251676,0.474800977,daejeon_exp_20260129_205304,30,40,80,30,0,TRUE,0,37.11,0.67,36,success,,,,,,,
52,36.35467356,127.5144322,36.353266,127.515561,186.322393,daejeon_exp_20260129_205304,30,40,80,30,0,TRUE,0,39.18,0.7,38,success,,,,,,,
53,36.30749642,127.3052918,36.30811,127.305762,80.18860589,daejeon_exp_20260129_205304,30,40,80,30,0,TRUE,0,37.12,0.69,36,success,,,,,,,
54,36.34246368,127.3290782,36.342106,127.329741,71.45263193,daejeon_exp_20260129_205304,30,40,80,30,0,TRUE,0,37.11,0.71,36,success,,,,,,,
55,36.3896957,127.4580196,36.389468,127.457232,74.90568325,daejeon_exp_20260129_205304,30,40,80,30,0,TRUE,0,39.32,0.7,38,success,,,,,,,
56,36.32866484,127.3835119,36.328419,127.38352,27.34614282,daejeon_exp_20260129_205304,30,40,80,30,0,TRUE,0,37.11,0.69,36,success,,,,,,,
57,36.44725132,127.4150525,36.447329,127.415013,9.332015132,daejeon_exp_20260129_205304,30,40,80,30,0,TRUE,0,39.16,0.7,38,success,,,,,,,
58,36.29770489,127.3440822,36.297577,127.344142,15.196148,daejeon_exp_20260129_205304,30,40,80,30,0,TRUE,0,37.14,0.7,36,success,,,,,,,
59,36.3767684,127.5225072,36.378878,127.522785,235.8912608,daejeon_exp_20260129_205304,30,40,80,30,0,TRUE,0,40.2,0.76,39,success,,,,,,,
60,36.4474283,127.4330354,36.447337,127.433058,10.3517973,daejeon_exp_20260129_205304,30,40,80,30,0,TRUE,0,40.16,0.7,39,success,,,,,,,
61,36.27530026,127.4008186,36.27513,127.400452,37.92448428,daejeon_exp_20260129_205304,30,40,80,30,0,TRUE,0,36.19,0.71,35,success,,,,,,,
62,36.38513085,127.3564152,36.385395,127.356495,30.22844126,daejeon_exp_20260129_205304,30,40,80,30,0,TRUE,0,39.3,0.69,38,success,,,,,,,
63,36.40672542,127.3775391,36.40664,127.377782,23.72416028,daejeon_exp_20260129_205304,30,40,80,30,0,TRUE,0,38.13,0.69,37,success,,,,,,,
64,36.34345796,127.3237452,36.344003,127.323869,61.61261334,daejeon_exp_20260129_205304,30,40,80,30,0,TRUE,0,37.11,0.68,36,success,,,,,,,
65,36.28662198,127.4763183,36.285415,127.476754,139.7760788,daejeon_exp_20260129_205304,30,40,80,30,0,TRUE,0,37.23,0.72,36,success,,,,,,,
66,36.43136959,127.448733,36.431046,127.449275,60.37812115,daejeon_exp_20260129_205304,30,40,80,30,0,TRUE,0,39.26,0.73,38,success,,,,,,,
67,36.37246823,127.3286267,36.372431,127.328502,11.90720354,daejeon_exp_20260129_205304,30,40,80,30,0,TRUE,0,39.18,0.7,38,success,,,,,,,
68,36.32243823,127.323891,36.323393,127.32349,112.0805348,daejeon_exp_20260129_205304,30,40,80,30,0,TRUE,0,37.24,0.69,36,success,,,,,,,
69,36.3445918,127.4863827,36.344951,127.486868,59.03051551,daejeon_exp_20260129_205304,30,40,80,30,0,TRUE,0,42.8,0.71,37,success,,,,,,,
70,36.44831042,127.4425726,36.448715,127.443084,64.15640011,daejeon_exp_20260129_205304,30,40,80,30,0,TRUE,0,39.11,0.73,38,success,,,,,,,
71,36.35196748,127.4318739,36.352048,127.431887,9.029757044,daejeon_exp_20260129_205304,30,40,80,30,0,TRUE,0,39.9,0.84,38,success,,,,,,,
72,36.31404331,127.4501075,36.313905,127.450775,61.74944075,daejeon_exp_20260129_205304,30,40,80,30,0,TRUE,0,37.2,0.71,36,success,,,,,,,
73,36.30291614,127.2763947,36.302396,127.273861,234.3047873,daejeon_exp_20260129_205304,30,40,80,30,0,TRUE,0,37.21,0.72,36,success,,,,,,,
74,36.43492996,127.3865768,36.434956,127.386616,4.547589046,daejeon_exp_20260129_205304,30,40,80,30,0,TRUE,0,39.23,0.68,37,success,,,,,,,
75,36.44781681,127.4690022,36.446541,127.466876,237.2622976,daejeon_exp_20260129_205304,30,40,80,30,0,TRUE,0,39.16,0.69,38,success,,,,,,,
76,36.23089065,127.3487457,36.231819,127.349375,117.6515531,daejeon_exp_20260129_205304,30,40,80,30,0,TRUE,0,36.14,0.7,35,success,,,,,,,
77,36.28527867,127.4294805,36.284149,127.427186,240.98634,daejeon_exp_20260129_205304,30,40,80,30,0,TRUE,0,37.38,0.76,36,success,,,,,,,
78,36.34311211,127.3418294,36.343467,127.341292,62.23939652,daejeon_exp_20260129_205304,30,40,80,30,0,TRUE,0,37.14,0.72,36,success,,,,,,,
79,36.28310956,127.2809308,36.283504,127.281169,48.78114054,daejeon_exp_20260129_205304,30,40,80,30,0,TRUE,0,37.13,0.7,36,success,,,,,,,
80,36.48300157,127.3991067,36.482444,127.39904,62.28494557,daejeon_exp_20260129_205304,30,40,80,30,0,TRUE,0,39.1,0.71,38,success,,,,,,,
81,36.29712798,127.2728079,36.297257,127.272769,14.7647508,daejeon_exp_20260129_205304,30,40,80,30,0,TRUE,0,37.15,0.7,36,success,,,,,,,
82,36.35313604,127.3198502,36.353437,127.319601,40.22156402,daejeon_exp_20260129_205304,30,40,80,30,0,TRUE,0,37.2,0.73,36,success,,,,,,,
83,36.25816449,127.3522887,36.260087,127.352782,218.3014182,daejeon_exp_20260129_205304,30,40,80,30,0,TRUE,0,36.23,0.83,35,success,,,,,,,
84,36.32453511,127.3411403,36.324523,127.340247,80.04229075,daejeon_exp_20260129_205304,30,40,80,30,0,TRUE,0,46.53,0.7,37,success,,,,,,,
85,36.40940866,127.4264939,36.409775,127.425322,112.5042026,daejeon_exp_20260129_205304,30,40,80,30,0,TRUE,0,39.15,0.69,38,success,,,,,,,
86,36.20884058,127.4335306,36.207273,127.434386,190.4564658,daejeon_exp_20260129_205304,30,40,80,30,0,TRUE,0,42.57,0.68,37,success,,,,,,,
87,36.32562701,127.3885824,36.326168,127.387624,104.8320361,daejeon_exp_20260129_205304,30,40,80,30,0,TRUE,0,37.11,0.69,36,success,,,,,,,
88,36.45094534,127.3947318,36.451667,127.394295,89.24944617,daejeon_exp_20260129_205304,30,40,80,30,0,TRUE,0,38.15,0.67,37,success,,,,,,,
89,36.21749075,127.3418223,36.217121,127.340797,100.7512454,daejeon_exp_20260129_205304,30,40,80,30,0,TRUE,0,36.13,0.7,35,success,,,,,,,
90,36.26949058,127.4781721,36.269457,127.478129,5.370415934,daejeon_exp_20260129_205304,30,40,80,30,0,TRUE,0,37.11,0.67,36,success,,,,,,,
91,36.46290927,127.4680163,36.463672,127.467558,94.19576035,daejeon_exp_20260129_205304,30,40,80,30,0,TRUE,0,40.16,0.71,39,success,,,,,,,
92,36.36389353,127.4063438,36.36281,127.406373,120.5111036,daejeon_exp_20260129_205304,30,40,80,30,0,TRUE,0,39.1,0.69,38,success,,,,,,,
93,36.36089088,127.3219716,36.360576,127.321498,54.99386085,daejeon_exp_20260129_205304,30,40,80,30,0,TRUE,0,38.12,0.68,37,success,,,,,,,
94,36.29258899,127.301726,36.292302,127.30145,40.37474005,daejeon_exp_20260129_205304,30,40,80,30,0,TRUE,0,37.13,0.69,36,success,,,,,,,
95,36.35450278,127.3151165,36.354929,127.315589,63.53332112,daejeon_exp_20260129_205304,30,40,80,30,0,TRUE,0,38.18,0.69,37,success,,,,,,,
96,36.39237727,127.499547,36.392377,127.499547,0.030102249,daejeon_exp_20260129_205304,30,40,80,30,0,TRUE,0,39.13,0.7,38,success,,,,,,,
97,36.30950892,127.3832875,36.309542,127.383317,4.528570372,daejeon_exp_20260129_205304,30,40,80,30,0,TRUE,0,37.16,0.69,36,success,,,,,,,
98,36.44137739,127.489976,36.440562,127.489396,104.4629776,daejeon_exp_20260129_205304,30,40,80,30,0,TRUE,0,39.47,0.69,38,success,,,,,,,
99,36.42123454,127.3818694,36.421314,127.381732,15.14292978,daejeon_exp_20260129_205304,30,40,80,30,0,TRUE,0,38.19,0.7,37,success,,,,,,,
100,36.35384662,127.4328588,36.353865,127.432636,20.0595254,daejeon_exp_20260129_205304,30,40,80,30,0,TRUE,0,42.84,0.71,38,success,,,,,,,
101,36.39187122,127.521683,36.391353,127.521869,59.97936576,daejeon_exp_20260129_205304,30,40,80,30,0,TRUE,0,40.19,0.68,39,success,,,,,,,
102,36.42605281,127.3759306,36.425935,127.375164,69.83134989,daejeon_exp_20260129_205304,30,40,80,30,0,TRUE,0,38.12,0.69,37,success,,,,,,,
103,36.27391204,127.4726562,36.273979,127.47271,8.870827402,daejeon_exp_20260129_205304,30,40,80,30,0,TRUE,0,36.11,0.7,35,success,,,,,,,
104,36.442269,127.4533885,36.443661,127.452372,179.5135237,daejeon_exp_20260129_205304,30,40,80,30,0,TRUE,0,39.15,0.68,38,success,,,,,,,
105,36.3196117,127.4314306,36.319645,127.43151,8.016978078,daejeon_exp_20260129_205304,30,40,80,30,0,TRUE,0,36.13,0.7,35,success,,,,,,,
106,36.37006125,127.3894445,36.370804,127.389383,82.77274997,daejeon_exp_20260129_205304,30,40,80,30,0,TRUE,0,39.29,0.69,38,success,,,,,,,
107,36.37403542,127.3403503,36.373833,127.341293,87.3504477,daejeon_exp_20260129_205304,30,40,80,30,0,TRUE,0,39.11,0.68,38,success,,,,,,,
108,36.39971973,127.5313627,36.399046,127.530498,107.7114431,daejeon_exp_20260129_205304,30,40,80,30,0,TRUE,0,40.19,0.67,39,success,,,,,,,
109,36.28366956,127.3072412,36.282635,127.308062,136.5523184,daejeon_exp_20260129_205304,30,40,80,30,0,TRUE,0,37.58,0.67,36,success,,,,,,,
110,36.3562782,127.4433273,36.356194,127.443652,30.55156357,daejeon_exp_20260129_205304,30,40,80,30,0,TRUE,0,39.17,0.69,38,success,,,,,,,
111,36.44038556,127.4526698,36.438387,127.453079,225.2238217,daejeon_exp_20260129_205304,30,40,80,30,0,TRUE,0,39.16,0.68,38,success,,,,,,,
112,36.26910006,127.4454205,36.26725,127.446529,228.4649344,daejeon_exp_20260129_205304,30,40,80,30,0,TRUE,0,37.33,0.68,36,success,,,,,,,
113,36.41765147,127.2944349,36.417586,127.29415,26.51021929,daejeon_exp_20260129_205304,30,40,80,30,0,TRUE,0,38.13,0.68,37,success,,,,,,,
114,36.23880001,127.3498532,36.240083,127.349646,143.8676476,daejeon_exp_20260129_205304,30,40,80,30,0,TRUE,0,36.1,0.68,35,success,,,,,,,
115,36.30097234,127.2657879,36.301456,127.268136,217.1830253,daejeon_exp_20260129_205304,30,40,80,30,0,TRUE,0,37.19,0.69,36,success,,,,,,,
116,36.39400812,127.4764626,36.392643,127.476679,153.0253452,daejeon_exp_20260129_205304,30,40,80,30,0,TRUE,0,39.14,0.73,38,success,,,,,,,
117,36.42356344,127.3030096,36.423572,127.303009,0.953424836,daejeon_exp_20260129_205304,30,40,80,30,0,TRUE,0,38.1,0.67,37,success,,,,,,,
118,36.4385247,127.465147,36.438968,127.464358,86.09023886,daejeon_exp_20260129_205304,30,40,80,30,0,TRUE,0,39.15,0.68,38,success,,,,,,,
119,36.32965506,127.3040766,36.329712,127.304332,23.73551086,daejeon_exp_20260129_205304,30,40,80,30,0,TRUE,0,37.12,0.69,36,success,,,,,,,
120,36.22555933,127.2991614,36.225116,127.299396,53.60076873,daejeon_exp_20260129_205304,30,40,80,30,0,TRUE,0,36.12,0.68,35,success,,,,,,,
121,36.45039439,127.3953184,36.451747,127.394499,167.3094183,daejeon_exp_20260129_205304,30,40,80,30,0,TRUE,0,38.13,0.69,37,success,,,,,,,
122,36.43085677,127.384129,36.430867,127.384099,2.915061429,daejeon_exp_20260129_205304,30,40,80,30,0,TRUE,0,38.15,0.68,37,success,,,,,,,
123,36.27830686,127.4051163,36.278051,127.405621,53.44670554,daejeon_exp_20260129_205304,30,40,80,30,0,TRUE,0,37.15,0.72,36,success,,,,,,,
124,36.44576967,127.3679636,36.446171,127.368005,44.7786749,daejeon_exp_20260129_205304,30,40,80,30,0,TRUE,0,38.1,0.72,37,success,,,,,,,
125,36.32903279,127.4522922,36.328964,127.452702,37.50344477,daejeon_exp_20260129_205304,30,40,80,30,0,TRUE,0,37.13,0.69,36,success,,,,,,,
126,36.40953111,127.4976264,36.409612,127.497762,15.10119996,daejeon_exp_20260129_205304,30,40,80,30,0,TRUE,0,39.16,0.67,38,success,,,,,,,
127,36.4032332,127.2973352,36.403642,127.297598,51.18291529,daejeon_exp_20260129_205304,30,40,80,30,0,TRUE,0,38.11,0.68,37,success,,,,,,,
128,36.32135783,127.4780027,36.321869,127.47931,130.1871582,daejeon_exp_20260129_205304,30,40,80,30,0,TRUE,0,37.15,0.66,36,success,,,,,,,
129,36.21939939,127.4364403,36.219389,127.436059,34.22241963,daejeon_exp_20260129_205304,30,40,80,30,0,TRUE,0,37.14,0.69,36,success,,,,,,,
130,36.42838123,127.4297491,36.428132,127.430484,71.3480111,daejeon_exp_20260129_205304,30,40,80,30,0,TRUE,0,40.14,0.67,39,success,,,,,,,
131,36.42024004,127.3489753,36.420408,127.346397,231.4529724,daejeon_exp_20260129_205304,30,40,80,30,0,TRUE,0,38.17,0.68,37,success,,,,,,,
132,36.24599217,127.3146085,36.246042,127.314574,6.344364453,daejeon_exp_20260129_205304,30,40,80,30,0,TRUE,0,36.14,0.67,35,success,,,,,,,
133,36.27404152,127.4747766,36.273229,127.474121,107.7815429,daejeon_exp_20260129_205304,30,40,80,30,0,TRUE,0,37.17,0.68,36,success,,,,,,,
134,36.30350165,127.2688497,36.303412,127.269771,83.16238678,daejeon_exp_20260129_205304,30,40,80,30,0,TRUE,0,37.14,0.68,36,success,,,,,,,
135,36.25682058,127.3448797,36.256936,127.344562,31.24729516,daejeon_exp_20260129_205304,30,40,80,30,0,TRUE,0,36.13,0.67,35,success,,,,,,,
136,36.45068562,127.3806214,36.449335,127.379895,163.6335374,daejeon_exp_20260129_205304,30,40,80,30,0,TRUE,0,38.14,0.69,37,success,,,,,,,
137,36.48111494,127.3907773,36.481494,127.392488,158.65119,daejeon_exp_20260129_205304,30,40,80,30,0,TRUE,0,39.15,0.67,38,success,,,,,,,
138,36.26200955,127.340385,36.261961,127.340539,14.82256969,daejeon_exp_20260129_205304,30,40,80,30,0,TRUE,0,36.12,0.68,35,success,,,,,,,
139,36.40160892,127.4386084,36.401397,127.437886,68.81468761,daejeon_exp_20260129_205304,30,40,80,30,0,TRUE,0,38.16,0.67,37,success,,,,,,,
140,36.37865548,127.4826825,36.379011,127.480154,229.7872985,daejeon_exp_20260129_205304,30,40,80,30,0,TRUE,0,39.11,0.67,38,success,,,,,,,
141,36.40378393,127.5285007,36.402593,127.529225,147.4395088,daejeon_exp_20260129_205304,30,40,80,30,0,TRUE,0,40.15,0.66,39,success,,,,,,,
142,36.45272803,127.3913438,36.450963,127.392562,224.4788751,daejeon_exp_20260129_205304,30,40,80,30,0,TRUE,0,38.11,0.67,37,success,,,,,,,
143,36.4189917,127.3896327,36.418749,127.389523,28.7149555,daejeon_exp_20260129_205304,30,40,80,30,0,TRUE,0,38.13,0.67,37,success,,,,,,,
144,36.36790919,127.44722,36.367844,127.447143,10.00299908,daejeon_exp_20260129_205304,30,40,80,30,0,TRUE,0,40.14,0.67,39,success,,,,,,,
145,36.48815357,127.3783037,36.487696,127.377718,73.01161393,daejeon_exp_20260129_205304,30,40,80,30,0,TRUE,0,38.15,0.67,37,success,,,,,,,
146,36.36756961,127.4157087,36.367769,127.415712,22.17339116,daejeon_exp_20260129_205304,30,40,80,30,0,TRUE,0,39.14,0.71,38,success,,,,,,,
147,36.38737593,127.3458076,36.38731,127.346289,43.71461254,daejeon_exp_20260129_205304,30,40,80,30,0,TRUE,0,43.11,0.7,38,success,,,,,,,
148,36.33311102,127.418027,36.333334,127.41774,35.71536804,daejeon_exp_20260129_205304,30,40,80,30,0,TRUE,0,36.32,0.68,35,success,,,,,,,
149,36.2848999,127.3697211,36.285603,127.370104,85.38388957,daejeon_exp_20260129_205304,30,40,80,30,0,TRUE,0,36.14,0.67,35,success,,,,,,,
150,36.29218299,127.3853972,36.29376,127.38379,226.9326963,daejeon_exp_20260129_205304,30,40,80,30,0,TRUE,0,36.15,0.67,35,success,,,,,,,
151,36.38607558,127.3274397,36.386019,127.327414,6.698795095,daejeon_exp_20260129_205304,30,40,80,30,0,TRUE,0,39.12,0.68,38,success,,,,,,,
152,36.35648899,127.3528406,36.356469,127.352862,2.937348712,daejeon_exp_20260129_205304,30,40,80,30,0,TRUE,0,39.9,0.7,38,success,,,,,,,
153,36.22313326,127.3367579,36.222073,127.33626,126.0737466,daejeon_exp_20260129_205304,30,40,80,30,0,TRUE,0,36.12,0.66,35,success,,,,,,,
154,36.33825812,127.3538122,36.340333,127.354895,250.2735177,daejeon_exp_20260129_205304,30,40,80,30,0,TRUE,0,37.15,0.68,36,success,,,,,,,
155,36.261835,127.4709852,36.262873,127.469407,182.6050777,daejeon_exp_20260129_205304,30,40,80,30,0,TRUE,0,36.09,0.69,35,success,,,,,,,
156,36.28826045,127.3813239,36.288136,127.381089,25.19198222,daejeon_exp_20260129_205304,30,40,80,30,0,TRUE,0,36.11,0.68,35,success,,,,,,,
157,36.28565503,127.3473433,36.284971,127.349506,208.2337207,daejeon_exp_20260129_205304,30,40,80,30,0,TRUE,0,36.13,0.68,35,success,,,,,,,
158,36.31407532,127.3602769,36.314526,127.359723,70.52897561,daejeon_exp_20260129_205304,30,40,80,30,0,TRUE,0,37.12,0.69,36,success,,,,,,,
159,36.34508037,127.4750093,36.34533,127.475153,30.59482863,daejeon_exp_20260129_205304,30,40,80,30,0,TRUE,0,38.17,0.68,37,success,,,,,,,
160,36.34759075,127.4629054,36.347792,127.460563,210.9727438,daejeon_exp_20260129_205304,30,40,80,30,0,TRUE,0,38.45,0.73,37,success,,,,,,,
161,36.35446622,127.3183367,36.354412,127.318298,6.953340211,daejeon_exp_20260129_205304,30,40,80,30,0,TRUE,0,38.43,0.69,37,success,,,,,,,
162,36.38409707,127.4157395,36.382495,127.414654,202.9220466,daejeon_exp_20260129_205304,30,40,80,30,0,TRUE,0,39.14,0.68,38,success,,,,,,,
163,36.29043662,127.3225008,36.289216,127.322372,136.2168856,daejeon_exp_20260129_205304,30,40,80,30,0,TRUE,0,37.2,0.68,36,success,,,,,,,
164,36.46066817,127.4721801,36.460326,127.473976,165.05224,daejeon_exp_20260129_205304,30,40,80,30,0,TRUE,0,40.53,0.68,39,success,,,,,,,
165,36.35483871,127.4593352,36.354843,127.45942,7.611640826,daejeon_exp_20260129_205304,30,40,80,30,0,TRUE,0,38.19,0.68,37,success,,,,,,,
166,36.25493142,127.3392969,36.25513,127.33939,23.60643901,daejeon_exp_20260129_205304,30,40,80,30,0,TRUE,0,36.13,0.67,35,success,,,,,,,
167,36.37620714,127.3416391,36.376135,127.342017,34.77320346,daejeon_exp_20260129_205304,30,40,80,30,0,TRUE,0,39.14,0.7,38,success,,,,,,,
168,36.31669238,127.3196242,36.316482,127.319753,26.08477058,daejeon_exp_20260129_205304,30,40,80,30,0,TRUE,0,37.12,0.67,36,success,,,,,,,
169,36.33008024,127.4661729,36.330102,127.466245,6.893109685,daejeon_exp_20260129_205304,30,40,80,30,0,TRUE,0,37.1,0.7,36,success,,,,,,,
170,36.25002902,127.346982,36.25203,127.34688,222.6866042,daejeon_exp_20260129_205304,30,40,80,30,0,TRUE,0,36.12,0.67,35,success,,,,,,,
171,36.36066713,127.2727089,36.361168,127.272936,59.29144015,daejeon_exp_20260129_205304,30,40,80,30,0,TRUE,0,38.16,0.69,37,success,,,,,,,
172,36.27310317,127.3274446,36.2725,127.327097,73.95672356,daejeon_exp_20260129_205304,30,40,80,30,0,TRUE,0,36.13,0.68,35,success,,,,,,,
173,36.24123856,127.4661271,36.242989,127.465816,196.6293669,daejeon_exp_20260129_205304,30,40,80,30,0,TRUE,0,37.13,0.69,36,success,,,,,,,
174,36.45220128,127.4034843,36.452731,127.403312,60.88510767,daejeon_exp_20260129_205304,30,40,80,30,0,TRUE,0,38.11,0.69,37,success,,,,,,,
175,36.32055806,127.2941782,36.321126,127.294745,81.03705099,daejeon_exp_20260129_205304,30,40,80,30,0,TRUE,0,37.14,0.68,36,success,,,,,,,
176,36.24042243,127.4072424,36.239635,127.406031,139.5323247,daejeon_exp_20260129_205304,30,40,80,30,0,TRUE,0,36.11,0.68,35,success,,,,,,,
177,36.28631785,127.3817025,36.286049,127.381542,33.17578769,daejeon_exp_20260129_205304,30,40,80,30,0,TRUE,0,36.14,0.69,35,success,,,,,,,
178,36.36556687,127.375484,36.365568,127.375365,10.65400637,daejeon_exp_20260129_205304,30,40,80,30,0,TRUE,0,38.17,0.68,37,success,,,,,,,
179,36.2599684,127.3330222,36.262,127.332494,230.8141191,daejeon_exp_20260129_205304,30,40,80,30,0,TRUE,0,40.35,0.68,35,success,,,,,,,
180,36.41098701,127.3359815,36.411043,127.335912,8.798101232,daejeon_exp_20260129_205304,30,40,80,30,0,TRUE,0,39.14,0.67,38,success,,,,,,,
181,36.39199259,127.4104786,36.392046,127.409786,62.27930616,daejeon_exp_20260129_205304,30,40,80,30,0,TRUE,0,39.13,0.69,38,success,,,,,,,
182,36.28539086,127.4448733,36.285734,127.444891,38.18862263,daejeon_exp_20260129_205304,30,40,80,30,0,TRUE,0,36.2,0.68,35,success,,,,,,,
183,36.47037753,127.3879289,36.470818,127.389052,111.7324726,daejeon_exp_20260129_205304,30,40,80,30,0,TRUE,0,39.15,0.68,38,success,,,,,,,
184,36.45518064,127.3982167,36.454971,127.398786,56.00247744,daejeon_exp_20260129_205304,30,40,80,30,0,TRUE,0,38.14,0.67,37,success,,,,,,,
185,36.27718497,127.3309282,36.277733,127.331506,79.97550396,daejeon_exp_20260129_205304,30,40,80,30,0,TRUE,0,36.12,0.68,35,success,,,,,,,
186,36.36668495,127.4129761,36.366342,127.412087,88.27503346,daejeon_exp_20260129_205304,30,40,80,30,0,TRUE,0,39.22,0.67,38,success,,,,,,,
187,36.42035817,127.4891479,36.420552,127.489859,67.17818867,daejeon_exp_20260129_205304,30,40,80,30,0,TRUE,0,39.64,0.7,38,success,,,,,,,
188,36.35605179,127.4304374,36.356064,127.430844,36.43373806,daejeon_exp_20260129_205304,30,40,80,30,0,TRUE,0,40.13,0.69,39,success,,,,,,,
189,36.30846427,127.3081003,36.308464,127.308097,0.293349004,daejeon_exp_20260129_205304,30,40,80,30,0,TRUE,0,37.57,0.68,36,success,,,,,,,
190,36.3964105,127.3617942,36.397507,127.3615,124.7353401,daejeon_exp_20260129_205304,30,40,80,30,0,TRUE,0,39.12,0.69,38,success,,,,,,,
191,36.26091333,127.438028,36.26085,127.438081,8.496299006,daejeon_exp_20260129_205304,30,40,80,30,0,TRUE,0,37.12,0.67,36,success,,,,,,,
192,36.32500037,127.3819408,36.325036,127.381834,10.35681693,daejeon_exp_20260129_205304,30,40,80,30,0,TRUE,0,37.14,0.7,36,success,,,,,,,
193,36.28374295,127.4793457,36.284449,127.478513,108.3243886,daejeon_exp_20260129_205304,30,40,80,30,0,TRUE,0,37.1,0.68,36,success,,,,,,,
194,36.31363304,127.2984531,36.313989,127.30109,239.5582824,daejeon_exp_20260129_205304,30,40,80,30,0,TRUE,0,37.13,0.69,36,success,,,,,,,
195,36.29380271,127.3745438,36.295197,127.374235,157.4890077,daejeon_exp_20260129_205304,30,40,80,30,0,TRUE,0,40.15,0.66,35,success,,,,,,,
196,36.27710473,127.3088059,36.275904,127.309672,154.4469036,daejeon_exp_20260129_205304,30,40,80,30,0,TRUE,0,37.18,0.69,36,success,,,,,,,
197,36.43459266,127.434528,36.434469,127.435276,68.31632432,daejeon_exp_20260129_205304,30,40,80,30,0,TRUE,0,39.12,0.66,38,success,,,,,,,
198,36.35135694,127.4878375,36.351183,127.487876,19.64558741,daejeon_exp_20260129_205304,30,40,80,30,0,TRUE,0,38.17,0.67,37,success,,,,,,,
199,36.3608909,127.3866298,36.359897,127.386621,110.5200279,daejeon_exp_20260129_205304,30,40,80,30,0,TRUE,0,39.17,0.71,38,success,,,,,,,
200,36.38431136,127.3038667,36.384422,127.303949,14.34081335,daejeon_exp_20260129_205304,30,40,80,30,0,TRUE,0,39.18,0.68,38,success,,,,,,,
201,36.31919431,127.4050559,36.319082,127.404632,39.98189435,daejeon_exp_20260129_205304,30,40,80,30,0,TRUE,0,37.12,0.72,36,success,,,,,,,
202,36.31930603,127.285154,36.318409,127.283231,199.0798929,daejeon_exp_20260129_205304,30,40,80,30,0,TRUE,0,37.21,0.68,36,success,,,,,,,
203,36.31820297,127.4270281,36.318255,127.426998,6.383135359,daejeon_exp_20260129_205304,30,40,80,30,0,TRUE,0,36.29,0.67,35,success,,,,,,,
204,36.37342074,127.3732442,36.372286,127.372207,156.6633479,daejeon_exp_20260129_205304,30,40,80,30,0,TRUE,0,39.16,0.68,38,success,,,,,,,
205,36.28904076,127.3633127,36.289466,127.363655,56.36309138,daejeon_exp_20260129_205304,30,40,80,30,0,TRUE,0,36.13,0.68,35,success,,,,,,,
206,36.4056286,127.4035183,36.405428,127.403357,26.57142754,daejeon_exp_20260129_205304,30,40,80,30,0,TRUE,0,40.16,0.72,39,success,,,,,,,
207,36.37563852,127.2898241,36.376849,127.290996,170.6572859,daejeon_exp_20260129_205304,30,40,80,30,0,TRUE,0,38.1,0.68,37,success,,,,,,,
208,36.27934353,127.3549539,36.279291,127.355304,31.91776485,daejeon_exp_20260129_205304,30,40,80,30,0,TRUE,0,36.3,0.69,35,success,,,,,,,
209,36.41683874,127.4813338,36.416915,127.480241,98.1509638,daejeon_exp_20260129_205304,30,40,80,30,0,TRUE,0,39.19,0.74,38,success,,,,,,,
210,36.23183029,127.4815598,36.231773,127.481377,17.59010056,daejeon_exp_20260129_205304,30,40,80,30,0,TRUE,0,41.53,0.7,36,success,,,,,,,
211,36.33950609,127.4534338,36.3394,127.453334,14.79889543,daejeon_exp_20260129_205304,30,40,80,30,0,TRUE,0,38.12,0.67,37,success,,,,,,,
212,36.30555909,127.3995133,36.30574,127.399486,20.26399984,daejeon_exp_20260129_205304,30,40,80,30,0,TRUE,0,36.17,0.68,35,success,,,,,,,
213,36.27045559,127.4746866,36.270831,127.475125,57.33293434,daejeon_exp_20260129_205304,30,40,80,30,0,TRUE,0,36.17,0.71,35,success,,,,,,,
214,36.39793379,127.3139044,36.397449,127.313721,56.34945025,daejeon_exp_20260129_205304,30,40,80,30,0,TRUE,0,39.11,0.67,38,success,,,,,,,
215,36.34750151,127.3341276,36.347486,127.334121,1.82389832,daejeon_exp_20260129_205304,30,40,80,30,0,TRUE,0,37.15,0.68,36,success,,,,,,,
216,36.22078724,127.3483559,36.222101,127.346323,233.6608112,daejeon_exp_20260129_205304,30,40,80,30,0,TRUE,0,36.13,0.7,35,success,,,,,,,
217,36.31827914,127.4571561,36.317906,127.457156,41.49114354,daejeon_exp_20260129_205304,30,40,80,30,0,TRUE,0,37.15,0.67,36,success,,,,,,,
218,36.30968575,127.2614097,36.309559,127.262081,61.77967806,daejeon_exp_20260129_205304,30,40,80,30,0,TRUE,0,37.14,0.67,36,success,,,,,,,
219,36.27628376,127.3441392,36.275941,127.343501,68.74039929,daejeon_exp_20260129_205304,30,40,80,30,0,TRUE,0,36.09,0.67,35,success,,,,,,,
220,36.42092081,127.4867157,36.421869,127.486214,114.5920843,daejeon_exp_20260129_205304,30,40,80,30,0,TRUE,0,39.18,0.7,38,success,,,,,,,
221,36.28944995,127.4375291,36.289233,127.43832,74.87568702,daejeon_exp_20260129_205304,30,40,80,30,0,TRUE,0,36.1,0.67,35,success,,,,,,,
222,36.44829979,127.4379267,36.448414,127.437873,13.57837935,daejeon_exp_20260129_205304,30,40,80,30,0,TRUE,0,39.21,0.68,38,success,,,,,,,
223,36.45752158,127.3923847,36.457538,127.390993,124.478932,daejeon_exp_20260129_205304,30,40,80,30,0,TRUE,0,38.13,0.7,37,success,,,,,,,
224,36.36168852,127.3911774,36.361577,127.391177,12.39999618,daejeon_exp_20260129_205304,30,40,80,30,0,TRUE,0,39.13,0.68,38,success,,,,,,,
225,36.38715763,127.371033,36.387147,127.371492,41.10115533,daejeon_exp_20260129_205304,30,40,80,30,0,TRUE,0,39.11,0.69,38,success,,,,,,,
226,36.35710128,127.4699214,36.357331,127.468483,131.3205946,daejeon_exp_20260129_205304,30,40,80,30,0,TRUE,0,38.16,0.68,37,success,,,,,,,
227,36.28488495,127.2526576,36.284914,127.252548,10.33791393,daejeon_exp_20260129_205304,30,40,80,30,0,TRUE,0,37.19,0.67,36,success,,,,,,,
228,36.40090564,127.4118541,36.400992,127.411092,68.88253483,daejeon_exp_20260129_205304,30,40,80,30,0,TRUE,0,40.17,0.7,39,success,,,,,,,
229,36.28264535,127.3048187,36.281534,127.304965,124.2709981,daejeon_exp_20260129_205304,30,40,80,30,0,TRUE,0,38.11,0.66,37,success,,,,,,,
230,36.36112422,127.4827825,36.360134,127.48131,171.7816331,daejeon_exp_20260129_205304,30,40,80,30,0,TRUE,0,38.17,0.68,37,success,,,,,,,
231,36.43510128,127.4490233,36.435081,127.448911,10.29541675,daejeon_exp_20260129_205304,30,40,80,30,0,TRUE,0,39.14,0.67,38,success,,,,,,,
232,36.32485065,127.2708164,36.324823,127.270778,4.611206307,daejeon_exp_20260129_205304,30,40,80,30,0,TRUE,0,37.15,0.69,36,success,,,,,,,
233,36.31340849,127.4494079,36.313969,127.449271,63.52123538,daejeon_exp_20260129_205304,30,40,80,30,0,TRUE,0,37.1,0.7,36,success,,,,,,,
234,36.36503757,127.3961858,36.36541,127.395921,47.72069343,daejeon_exp_20260129_205304,30,40,80,30,0,TRUE,0,39.12,0.67,38,success,,,,,,,
235,36.24128915,127.466373,36.243003,127.465892,195.3923293,daejeon_exp_20260129_205304,30,40,80,30,0,TRUE,0,37.11,0.66,36,success,,,,,,,
236,36.35309427,127.5189009,36.353716,127.518502,77.81520598,daejeon_exp_20260129_205304,30,40,80,30,0,TRUE,0,39.18,0.76,38,success,,,,,,,
237,36.32797678,127.2901051,36.328444,127.29053,64.40632451,daejeon_exp_20260129_205304,30,40,80,30,0,TRUE,0,37.22,0.69,36,success,,,,,,,
238,36.33375608,127.3654169,36.334082,127.365353,36.68999101,daejeon_exp_20260129_205304,30,40,80,30,0,TRUE,0,37.11,0.69,36,success,,,,,,,
239,36.34896055,127.5076141,36.350763,127.507952,202.6956739,daejeon_exp_20260129_205304,30,40,80,30,0,TRUE,0,39.19,0.67,38,success,,,,,,,
240,36.31270881,127.4707647,36.31194,127.4699,115.3707739,daejeon_exp_20260129_205304,30,40,80,30,0,TRUE,0,37.1,0.68,36,success,,,,,,,
241,36.31276044,127.4531733,36.312879,127.453276,16.07791585,daejeon_exp_20260129_205304,30,40,80,30,0,TRUE,0,37.14,0.67,36,success,,,,,,,
242,36.32522673,127.3026486,36.32513,127.30279,16.61488995,daejeon_exp_20260129_205304,30,40,80,30,0,TRUE,0,37.16,0.68,36,success,,,,,,,
243,36.34285472,127.4862159,36.340814,127.486121,227.0773627,daejeon_exp_20260129_205304,30,40,80,30,0,TRUE,0,38.7,0.68,37,success,,,,,,,
244,36.27199579,127.3763529,36.272011,127.37667,28.47964164,daejeon_exp_20260129_205304,30,40,80,30,0,TRUE,0,36.14,0.69,35,success,,,,,,,
245,36.31547709,127.2638853,36.315452,127.264283,35.74228464,daejeon_exp_20260129_205304,30,40,80,30,0,TRUE,0,37.14,0.68,36,success,,,,,,,
246,36.45096209,127.4160446,36.451192,127.417501,132.7485504,daejeon_exp_20260129_205304,30,40,80,30,0,TRUE,0,39.14,0.68,38,success,,,,,,,
247,36.3123851,127.4354648,36.31234,127.435556,9.590585005,daejeon_exp_20260129_205304,30,40,80,30,0,TRUE,0,36.14,0.67,35,success,,,,,,,
248,36.33693363,127.3923077,36.337087,127.392481,23.06236178,daejeon_exp_20260129_205304,30,40,80,30,0,TRUE,0,37.18,0.75,36,success,,,,,,,
249,36.29736988,127.3543037,36.297451,127.354321,9.152080789,daejeon_exp_20260129_205304,30,40,80,30,0,TRUE,0,37.12,0.69,36,success,,,,,,,
250,36.40979988,127.5399083,36.409953,127.540401,47.26037922,daejeon_exp_20260129_205304,30,40,80,30,0,TRUE,0,40.18,0.68,39,success,,,,,,,
251,36.27508353,127.4069944,36.276012,127.406805,104.6279667,daejeon_exp_20260129_205304,30,40,80,30,0,TRUE,0,37.13,0.7,36,success,,,,,,,
252,36.3911626,127.4529842,36.391107,127.452357,56.48021405,daejeon_exp_20260129_205304,30,40,80,30,0,TRUE,0,39.18,0.68,38,success,,,,,,,
253,36.41238634,127.418616,36.411862,127.420067,142.3347977,daejeon_exp_20260129_205304,30,40,80,30,0,TRUE,0,40.15,0.69,39,success,,,,,,,
254,36.36076737,127.3296051,36.360807,127.329602,4.414801891,daejeon_exp_20260129_205304,30,40,80,30,0,TRUE,0,39.12,0.68,38,success,,,,,,,
255,36.40427081,127.4708301,36.403731,127.471884,111.802821,daejeon_exp_20260129_205304,30,40,80,30,0,TRUE,0,39.15,0.68,38,success,,,,,,,
256,36.29080304,127.2925288,36.290749,127.294305,159.3106526,daejeon_exp_20260129_205304,30,40,80,30,0,TRUE,0,37.16,0.68,36,success,,,,,,,
257,36.32338811,127.3960018,36.323312,127.395677,30.30128404,daejeon_exp_20260129_205304,30,40,80,30,0,TRUE,0,37.1,0.67,36,success,,,,,,,
258,36.21553251,127.4492818,36.216521,127.449384,110.2967603,daejeon_exp_20260129_205304,30,40,80,30,0,TRUE,0,38.17,0.7,37,success,,,,,,,
259,36.24723961,127.3274547,36.246235,127.328611,152.413804,daejeon_exp_20260129_205304,30,40,80,30,0,TRUE,0,36.11,0.67,35,success,,,,,,,
260,36.30624377,127.3854572,36.30624,127.385454,0.506280518,daejeon_exp_20260129_205304,30,40,80,30,0,TRUE,0,37.11,0.71,36,success,,,,,,,
261,36.43032398,127.3696096,36.430247,127.370038,39.27184481,daejeon_exp_20260129_205304,30,40,80,30,0,TRUE,0,38.15,0.68,37,success,,,,,,,
262,36.34172566,127.4440658,36.341581,127.444286,25.44734463,daejeon_exp_20260129_205304,30,40,80,30,0,TRUE,0,38.91,0.68,37,success,,,,,,,
263,36.26143435,127.29555,36.2616,127.295096,44.68141908,daejeon_exp_20260129_205304,30,40,80,30,0,TRUE,0,37.13,0.67,36,success,,,,,,,
264,36.27861905,127.4417258,36.278567,127.441731,5.806627063,daejeon_exp_20260129_205304,30,40,80,30,0,TRUE,0,36.94,0.68,35,success,,,,,,,
265,36.35991119,127.2989934,36.360334,127.298971,47.05751213,daejeon_exp_20260129_205304,30,40,80,30,0,TRUE,0,38.16,0.69,37,success,,,,,,,
266,36.34373402,127.4335816,36.34409,127.433374,43.73305824,daejeon_exp_20260129_205304,30,40,80,30,0,TRUE,0,38.1,0.68,37,success,,,,,,,
267,36.35540776,127.409559,36.355277,127.409398,20.47767057,daejeon_exp_20260129_205304,30,40,80,30,0,TRUE,0,39.11,0.68,38,success,,,,,,,
268,36.44885694,127.4265957,36.448856,127.426658,5.570196576,daejeon_exp_20260129_205304,30,40,80,30,0,TRUE,0,39.13,0.7,38,success,,,,,,,
269,36.32106986,127.4176518,36.321043,127.417618,4.255180659,daejeon_exp_20260129_205304,30,40,80,30,0,TRUE,0,36.14,0.69,35,success,,,,,,,
270,36.2689996,127.3191141,36.267833,127.319302,130.8086894,daejeon_exp_20260129_205304,30,40,80,30,0,TRUE,0,36.14,0.68,35,success,,,,,,,
271,36.28154041,127.4304048,36.281662,127.428542,167.5251418,daejeon_exp_20260129_205304,30,40,80,30,0,TRUE,0,37.16,0.68,36,success,,,,,,,
272,36.38927033,127.4140786,36.389268,127.414529,40.31396956,daejeon_exp_20260129_205304,30,40,80,30,0,TRUE,0,46.6,0.74,38,success,,,,,,,
273,36.42333811,127.4481816,36.424262,127.448819,117.49836,daejeon_exp_20260129_205304,30,40,80,30,0,TRUE,0,39.4,0.69,38,success,,,,,,,
274,36.40944604,127.3846097,36.409064,127.385094,60.68456952,daejeon_exp_20260129_205304,30,40,80,30,0,TRUE,0,38.12,0.69,37,success,,,,,,,
275,36.3869283,127.516487,36.386992,127.516957,42.66088627,daejeon_exp_20260129_205304,30,40,80,30,0,TRUE,0,40.16,0.68,39,success,,,,,,,
276,36.41137506,127.3074097,36.411344,127.307451,5.059802425,daejeon_exp_20260129_205304,30,40,80,30,0,TRUE,0,38.12,0.69,37,success,,,,,,,
277,36.48759809,127.3858106,36.488791,127.386545,148.0055775,daejeon_exp_20260129_205304,30,40,80,30,0,TRUE,0,38.12,0.68,37,success,,,,,,,
278,36.43571099,127.3984818,36.435868,127.398659,23.5810568,daejeon_exp_20260129_205304,30,40,80,30,0,TRUE,0,38.13,0.68,37,success,,,,,,,
279,36.41577922,127.2953268,36.415665,127.294826,46.574447,daejeon_exp_20260129_205304,30,40,80,30,0,TRUE,0,38.19,0.68,37,success,,,,,,,
280,36.31911007,127.2904598,36.319112,127.290543,7.457470268,daejeon_exp_20260129_205304,30,40,80,30,0,TRUE,0,37.1,0.67,36,success,,,,,,,
281,36.42322872,127.3084979,36.423044,127.30634,194.1605859,daejeon_exp_20260129_205304,30,40,80,30,0,TRUE,0,38.14,0.67,37,success,,,,,,,
282,36.28520789,127.4948126,36.284471,127.495919,128.6427388,daejeon_exp_20260129_205304,30,40,80,30,0,TRUE,0,37.14,0.7,36,success,,,,,,,
283,36.32155792,127.3612862,36.322854,127.360488,160.8848729,daejeon_exp_20260129_205304,30,40,80,30,0,TRUE,0,37.15,0.67,36,success,,,,,,,
284,36.43745501,127.407615,36.436987,127.408161,71.37347071,daejeon_exp_20260129_205304,30,40,80,30,0,TRUE,0,38.14,0.67,37,success,,,,,,,
285,36.33740738,127.3198192,36.337462,127.319833,6.197648775,daejeon_exp_20260129_205304,30,40,80,30,0,TRUE,0,37.32,0.7,36,success,,,,,,,
286,36.32110461,127.3979499,36.321009,127.397983,11.03696728,daejeon_exp_20260129_205304,30,40,80,30,0,TRUE,0,37.37,0.69,36,success,,,,,,,
287,36.22609806,127.4469728,36.226479,127.446638,51.92331664,daejeon_exp_20260129_205304,30,40,80,30,0,TRUE,0,37.31,0.68,36,success,,,,,,,
288,36.29181904,127.2528134,36.291834,127.252851,3.75714213,daejeon_exp_20260129_205304,30,40,80,30,0,TRUE,0,37.66,0.68,36,success,,,,,,,
289,36.36960656,127.3227943,36.369549,127.322794,6.400784232,daejeon_exp_20260129_205304,30,40,80,30,0,TRUE,0,39.52,0.68,38,success,,,,,,,
290,36.36607679,127.4205907,36.366076,127.420595,0.395668786,daejeon_exp_20260129_205304,30,40,80,30,0,TRUE,0,39.13,0.68,38,success,,,,,,,
291,36.36825364,127.4219714,36.368387,127.421295,62.34840769,daejeon_exp_20260129_205304,30,40,80,30,0,TRUE,0,39.14,0.69,38,success,,,,,,,
292,36.36894935,127.3337594,36.368896,127.333878,12.1603902,daejeon_exp_20260129_205304,30,40,80,30,0,TRUE,0,39.21,0.68,38,success,,,,,,,
293,36.40513363,127.3461195,36.405134,127.346079,3.622215356,daejeon_exp_20260129_205304,30,40,80,30,0,TRUE,0,39.16,0.68,38,success,,,,,,,
294,36.42834088,127.4425392,36.428229,127.44216,36.13600189,daejeon_exp_20260129_205304,30,40,80,30,0,TRUE,0,39.11,0.7,38,success,,,,,,,
295,36.32350907,127.3352165,36.323505,127.332956,202.5157242,daejeon_exp_20260129_205304,30,40,80,30,0,TRUE,0,38.15,0.75,37,success,,,,,,,
296,36.3080138,127.3858626,36.308149,127.385972,17.94967034,daejeon_exp_20260129_205304,30,40,80,30,0,TRUE,0,37.14,0.7,36,success,,,,,,,
297,36.32722394,127.3730155,36.327321,127.37306,11.50559894,daejeon_exp_20260129_205304,30,40,80,30,0,TRUE,0,38.14,0.69,37,success,,,,,,,
298,36.25149553,127.4003185,36.251356,127.400134,22.67935062,daejeon_exp_20260129_205304,30,40,80,30,0,TRUE,0,36.15,0.7,35,success,,,,,,,
299,36.37007938,127.3147086,36.370006,127.314891,18.25864482,daejeon_exp_20260129_205304,30,40,80,30,0,TRUE,0,38.18,0.68,37,success,,,,,,,
300,36.37687829,127.3577585,36.37646,127.357758,46.5120206,daejeon_exp_20260129_205304,30,40,80,30,0,TRUE,0,39.15,0.68,38,success,,,,,,,
301,36.38952693,127.47927,36.389227,127.480249,93.76157495,daejeon_exp_20260129_205304,30,40,80,30,0,TRUE,0,39.18,0.66,38,success,,,,,,,
302,36.29659436,127.322634,36.296596,127.322625,0.825308922,daejeon_exp_20260129_205304,30,40,80,30,0,TRUE,0,38.18,0.69,37,success,,,,,,,
303,36.25651832,127.3204663,36.255599,127.319743,121.0595912,daejeon_exp_20260129_205304,30,40,80,30,0,TRUE,0,39.68,0.69,35,success,,,,,,,
304,36.31864155,127.2782792,36.318554,127.279519,111.5078499,daejeon_exp_20260129_205304,30,40,80,30,0,TRUE,0,37.24,0.67,36,success,,,,,,,
305,36.43950815,127.348913,36.439378,127.349822,82.59592668,daejeon_exp_20260129_205304,30,40,80,30,0,TRUE,0,38.19,0.7,37,success,,,,,,,
306,36.4075464,127.2890951,36.405871,127.29023,212.1834811,daejeon_exp_20260129_205304,30,40,80,30,0,TRUE,0,38.16,0.69,37,success,,,,,,,
307,36.41907829,127.4148497,36.418702,127.413913,93.67562182,daejeon_exp_20260129_205304,30,40,80,30,0,TRUE,0,40.16,0.72,39,success,,,,,,,
308,36.2530293,127.3120161,36.25289,127.312359,34.42567167,daejeon_exp_20260129_205304,30,40,80,30,0,TRUE,0,36.22,0.68,35,success,,,,,,,
309,36.25527122,127.4520389,36.254761,127.451876,58.58418927,daejeon_exp_20260129_205304,30,40,80,30,0,TRUE,0,37.13,0.69,36,success,,,,,,,
310,36.26869508,127.4017637,36.269544,127.400916,121.1881505,daejeon_exp_20260129_205304,30,40,80,30,0,TRUE,0,36.13,0.69,35,success,,,,,,,
311,36.45842226,127.3825788,36.458804,127.38325,73.51658698,daejeon_exp_20260129_205304,30,40,80,30,0,TRUE,0,39.13,0.68,38,success,,,,,,,
312,36.41300763,127.4661593,36.413101,127.466412,24.88120768,daejeon_exp_20260129_205304,30,40,80,30,0,TRUE,0,39.19,0.68,38,success,,,,,,,
313,36.23627222,127.396259,36.236038,127.39667,45.13316043,daejeon_exp_20260129_205304,30,40,80,30,0,TRUE,0,36.12,0.68,35,success,,,,,,,
314,36.29530351,127.3947858,36.293115,127.394801,243.3550846,daejeon_exp_20260129_205304,30,40,80,30,0,TRUE,0,36.1,0.69,35,success,,,,,,,
315,36.28089043,127.4400451,36.281342,127.440464,62.70014699,daejeon_exp_20260129_205304,30,40,80,30,0,TRUE,0,36.15,0.73,35,success,,,,,,,
316,36.37123802,127.347298,36.371234,127.347359,5.479311795,daejeon_exp_20260129_205304,30,40,80,30,0,TRUE,0,39.26,0.74,38,success,,,,,,,
317,36.30846421,127.266128,36.308334,127.265583,50.93913535,daejeon_exp_20260129_205304,30,40,80,30,0,TRUE,0,37.15,0.69,36,success,,,,,,,
318,36.23908521,127.3149521,36.239134,127.314882,8.303707577,daejeon_exp_20260129_205304,30,40,80,30,0,TRUE,0,36.15,0.75,35,success,,,,,,,
319,36.26625674,127.3295165,36.265444,127.330352,117.3787288,daejeon_exp_20260129_205304,30,40,80,30,0,TRUE,0,40.38,0.72,35,success,,,,,,,
320,36.47860822,127.3813375,36.478957,127.381537,42.68820705,daejeon_exp_20260129_205304,30,40,80,30,0,TRUE,0,38.12,0.68,37,success,,,,,,,
321,36.43553309,127.3870965,36.435557,127.387131,4.074505937,daejeon_exp_20260129_205304,30,40,80,30,0,TRUE,0,38.2,0.67,37,success,,,,,,,
322,36.36704665,127.4232843,36.367048,127.423253,2.810948399,daejeon_exp_20260129_205304,30,40,80,30,0,TRUE,0,40.06,0.75,38,success,,,,,,,
323,36.32508911,127.3326693,36.32509,127.332747,6.95746714,daejeon_exp_20260129_205304,30,40,80,30,0,TRUE,0,38.15,0.69,37,success,,,,,,,
324,36.38800863,127.4305345,36.388271,127.430243,39.13786434,daejeon_exp_20260129_205304,30,40,80,30,0,TRUE,0,39.13,0.68,38,success,,,,,,,
325,36.32313126,127.3092938,36.323149,127.309218,7.075524538,daejeon_exp_20260129_205304,30,40,80,30,0,TRUE,0,37.15,0.69,36,success,,,,,,,
326,36.44112694,127.4915595,36.440562,127.489396,203.4696597,daejeon_exp_20260129_205304,30,40,80,30,0,TRUE,0,39.2,0.68,38,success,,,,,,,
327,36.35121086,127.5177303,36.352892,127.516625,211.5254758,daejeon_exp_20260129_205304,30,40,80,30,0,TRUE,0,39.44,0.68,38,success,,,,,,,
328,36.34319777,127.3594705,36.343752,127.358778,87.43835184,daejeon_exp_20260129_205304,30,40,80,30,0,TRUE,0,37.33,0.7,36,success,,,,,,,
329,36.32461514,127.3893997,36.324613,127.389405,0.532083044,daejeon_exp_20260129_205304,30,40,80,30,0,TRUE,0,37.63,0.7,36,success,,,,,,,
330,36.27228125,127.4286323,36.272257,127.428444,17.09354364,daejeon_exp_20260129_205304,30,40,80,30,0,TRUE,0,37.14,0.69,36,success,,,,,,,
331,36.39313608,127.3920777,36.393068,127.392058,7.772368298,daejeon_exp_20260129_205304,30,40,80,30,0,TRUE,0,39.18,0.69,38,success,,,,,,,
332,36.31622158,127.4692593,36.316239,127.469247,2.228474241,daejeon_exp_20260129_205304,30,40,80,30,0,TRUE,0,37.17,0.69,36,success,,,,,,,
333,36.44308386,127.3740545,36.443106,127.374131,7.27311446,daejeon_exp_20260129_205304,30,40,80,30,0,TRUE,0,38.17,0.68,37,success,,,,,,,
334,36.47252339,127.4755929,36.472382,127.47523,36.0583891,daejeon_exp_20260129_205304,30,40,80,30,0,TRUE,0,40.15,0.68,39,success,,,,,,,
335,36.44217385,127.4861722,36.440532,127.48719,204.0091674,daejeon_exp_20260129_205304,30,40,80,30,0,TRUE,0,39.28,0.68,38,success,,,,,,,
336,36.2962277,127.3244481,36.296154,127.324418,8.626734518,daejeon_exp_20260129_205304,30,40,80,30,0,TRUE,0,38.17,0.68,37,success,,,,,,,
337,36.38408298,127.402309,36.382724,127.402793,157.1999884,daejeon_exp_20260129_205304,30,40,80,30,0,TRUE,0,39.14,0.69,38,success,,,,,,,
338,36.28071496,127.362018,36.280982,127.362386,44.38246565,daejeon_exp_20260129_205304,30,40,80,30,0,TRUE,0,36.11,0.68,35,success,,,,,,,
339,36.24570954,127.3529139,36.243831,127.351424,247.9598469,daejeon_exp_20260129_205304,30,40,80,30,0,TRUE,0,36.13,0.68,35,success,,,,,,,
340,36.37215812,127.3858334,36.371161,127.385679,111.7332939,daejeon_exp_20260129_205304,30,40,80,30,0,TRUE,0,39.15,0.68,38,success,,,,,,,
341,36.2172066,127.4410552,36.21736,127.441416,36.58957553,daejeon_exp_20260129_205304,30,40,80,30,0,TRUE,0,37.16,0.69,36,success,,,,,,,
342,36.28506509,127.4848826,36.283259,127.485081,201.6138665,daejeon_exp_20260129_205304,30,40,80,30,0,TRUE,0,37.96,0.68,36,success,,,,,,,
343,36.33778872,127.3831787,36.33774,127.383115,7.870117143,daejeon_exp_20260129_205304,30,40,80,30,0,TRUE,0,38.16,0.69,37,success,,,,,,,
344,36.49049029,127.3925811,36.490566,127.392443,14.9452532,daejeon_exp_20260129_205304,30,40,80,30,0,TRUE,0,39.16,0.69,38,success,,,,,,,
345,36.28516113,127.3635227,36.285168,127.363519,0.832097678,daejeon_exp_20260129_205304,30,40,80,30,0,TRUE,0,36.09,0.68,35,success,,,,,,,
346,36.30871783,127.2874138,36.308871,127.288011,56.15862496,daejeon_exp_20260129_205304,30,40,80,30,0,TRUE,0,38.06,0.68,36,success,,,,,,,
347,36.40082496,127.4128157,36.400462,127.414468,153.2870986,daejeon_exp_20260129_205304,30,40,80,30,0,TRUE,0,40.15,0.69,39,success,,,,,,,
348,36.45927289,127.3695935,36.459215,127.370377,70.36674879,daejeon_exp_20260129_205304,30,40,80,30,0,TRUE,0,39.14,0.69,38,success,,,,,,,
349,36.27488294,127.4268712,36.274077,127.426428,98.02886283,daejeon_exp_20260129_205304,30,40,80,30,0,TRUE,0,37.16,0.67,36,success,,,,,,,
350,36.273227,127.3964554,36.27352,127.396101,45.50722108,daejeon_exp_20260129_205304,30,40,80,30,0,TRUE,0,40.51,0.76,35,success,,,,,,,
351,36.35238758,127.3414903,36.352602,127.341522,24.01067535,daejeon_exp_20260129_205304,30,40,80,30,0,TRUE,0,38.14,0.69,37,success,,,,,,,
352,36.40399356,127.4264466,36.404007,127.426441,1.577484,daejeon_exp_20260129_205304,30,40,80,30,0,TRUE,0,39.12,0.68,38,success,,,,,,,
353,36.39804406,127.4173141,36.398244,127.41689,43.99034171,daejeon_exp_20260129_205304,30,40,80,30,0,TRUE,0,40.19,0.68,39,success,,,,,,,
354,36.32613386,127.2647848,36.326169,127.265525,66.42818632,daejeon_exp_20260129_205304,30,40,80,30,0,TRUE,0,37.7,0.67,36,success,,,,,,,
355,36.38703169,127.3341169,36.387524,127.332874,123.9986194,daejeon_exp_20260129_205304,30,40,80,30,0,TRUE,0,39.14,0.68,38,success,,,,,,,
356,36.25962467,127.4349989,36.259531,127.436502,135.1684829,daejeon_exp_20260129_205304,30,40,80,30,0,TRUE,0,37.18,0.69,36,success,,,,,,,
357,36.47886817,127.3714904,36.476878,127.370755,230.8593483,daejeon_exp_20260129_205304,30,40,80,30,0,TRUE,0,38.13,0.69,37,success,,,,,,,
358,36.38810959,127.441979,36.387465,127.442243,75.47214769,daejeon_exp_20260129_205304,30,40,80,30,0,TRUE,0,38.23,0.68,37,success,,,,,,,
359,36.25010979,127.3187892,36.250408,127.319155,46.64298667,daejeon_exp_20260129_205304,30,40,80,30,0,TRUE,0,36.96,0.67,35,success,,,,,,,
360,36.41842233,127.3355408,36.418464,127.335492,6.368969075,daejeon_exp_20260129_205304,30,40,80,30,0,TRUE,0,38.17,0.68,37,success,,,,,,,
361,36.38687116,127.4261975,36.387176,127.426104,34.91354909,daejeon_exp_20260129_205304,30,40,80,30,0,TRUE,0,39.19,0.68,38,success,,,,,,,
362,36.39314743,127.4302437,36.394028,127.429682,110.0686851,daejeon_exp_20260129_205304,30,40,80,30,0,TRUE,0,38.34,0.68,37,success,,,,,,,
363,36.30291645,127.3421075,36.302876,127.342121,4.658365794,daejeon_exp_20260129_205304,30,40,80,30,0,TRUE,0,37.23,0.68,36,success,,,,,,,
364,36.27755104,127.4261341,36.278334,127.426135,87.0610398,daejeon_exp_20260129_205304,30,40,80,30,0,TRUE,0,37.23,0.68,36,success,,,,,,,
365,36.32415601,127.4416688,36.324565,127.441266,58.05316242,daejeon_exp_20260129_205304,30,40,80,30,0,TRUE,0,38.03,0.68,36,success,,,,,,,
366,36.36734255,127.3132621,36.367319,127.313262,2.618876949,daejeon_exp_20260129_205304,30,40,80,30,0,TRUE,0,38.14,0.7,37,success,,,,,,,
367,36.38615051,127.4913614,36.386719,127.491792,74.03640181,daejeon_exp_20260129_205304,30,40,80,30,0,TRUE,0,39.4,0.68,38,success,,,,,,,
368,36.30236461,127.3503419,36.302336,127.350356,3.424433129,daejeon_exp_20260129_205304,30,40,80,30,0,TRUE,0,37.11,0.67,36,success,,,,,,,
369,36.35127472,127.3656531,36.351267,127.365468,16.60002665,daejeon_exp_20260129_205304,30,40,80,30,0,TRUE,0,37.13,0.74,36,success,,,,,,,
370,36.39388058,127.4597796,36.393365,127.45905,86.89624595,daejeon_exp_20260129_205304,30,40,80,30,0,TRUE,0,40.09,0.69,38,success,,,,,,,
371,36.35070487,127.3484525,36.350711,127.348143,27.72697433,daejeon_exp_20260129_205304,30,40,80,30,0,TRUE,0,38.13,0.68,37,success,,,,,,,
372,36.22712217,127.3024301,36.227229,127.302371,13.00678593,daejeon_exp_20260129_205304,30,40,80,30,0,TRUE,0,36.53,0.68,35,success,,,,,,,
373,36.29781789,127.4712496,36.299785,127.472564,248.4311225,daejeon_exp_20260129_205304,30,40,80,30,0,TRUE,0,37.26,0.69,36,success,,,,,,,
374,36.40784775,127.3116478,36.406121,127.310535,216.2947744,daejeon_exp_20260129_205304,30,40,80,30,0,TRUE,0,38.11,0.68,37,success,,,,,,,
375,36.39339614,127.4026422,36.393396,127.402855,19.04961567,daejeon_exp_20260129_205304,30,40,80,30,0,TRUE,0,39.12,0.73,38,success,,,,,,,
376,36.30772671,127.3324783,36.307885,127.332756,30.47651512,daejeon_exp_20260129_205304,30,40,80,30,0,TRUE,0,38.12,0.69,37,success,,,,,,,
377,36.27630772,127.4321206,36.278279,127.432154,219.2166082,daejeon_exp_20260129_205304,30,40,80,30,0,TRUE,0,37.16,0.67,36,success,,,,,,,
378,36.34502699,127.459948,36.345026,127.459953,0.463789033,daejeon_exp_20260129_205304,30,40,80,30,0,TRUE,0,38.15,0.68,37,success,,,,,,,
379,36.27907234,127.4305598,36.278643,127.430549,47.75051139,daejeon_exp_20260129_205304,30,40,80,30,0,TRUE,0,37.15,0.67,36,success,,,,,,,
380,36.27746942,127.3797035,36.276968,127.377946,167.1191077,daejeon_exp_20260129_205304,30,40,80,30,0,TRUE,0,36.14,0.68,35,success,,,,,,,
381,36.33185875,127.4904463,36.332233,127.490975,63.04460468,daejeon_exp_20260129_205304,30,40,80,30,0,TRUE,0,38.28,0.68,37,success,,,,,,,
382,36.24705005,127.4750452,36.246982,127.475154,12.34845239,daejeon_exp_20260129_205304,30,40,80,30,0,TRUE,0,37.16,0.69,36,success,,,,,,,
383,36.45997764,127.376915,36.461415,127.376933,159.8359602,daejeon_exp_20260129_205304,30,40,80,30,0,TRUE,0,39.11,0.67,38,success,,,,,,,
384,36.31938201,127.3873389,36.319536,127.387331,17.13802494,daejeon_exp_20260129_205304,30,40,80,30,0,TRUE,0,37.19,0.69,36,success,,,,,,,
385,36.24022112,127.3195299,36.240115,127.319359,19.34241268,daejeon_exp_20260129_205304,30,40,80,30,0,TRUE,0,36.14,0.67,35,success,,,,,,,
386,36.39605787,127.3640122,36.396665,127.363775,70.7688927,daejeon_exp_20260129_205304,30,40,80,30,0,TRUE,0,39.17,0.77,38,success,,,,,,,
387,36.25497754,127.3939089,36.255177,127.396266,212.5128686,daejeon_exp_20260129_205304,30,40,80,30,0,TRUE,0,36.5,0.67,35,success,,,,,,,
388,36.35091642,127.294159,36.350104,127.294288,91.07299843,daejeon_exp_20260129_205304,30,40,80,30,0,TRUE,0,38.95,0.68,37,success,,,,,,,
389,36.46016727,127.3611317,36.459914,127.361502,43.47038183,daejeon_exp_20260129_205304,30,40,80,30,0,TRUE,0,38.4,0.68,37,success,,,,,,,
390,36.40999395,127.4009311,36.41027,127.400802,32.79841701,daejeon_exp_20260129_205304,30,40,80,30,0,TRUE,0,41.24,0.71,38,success,,,,,,,
391,36.37231588,127.4022857,36.3723,127.402326,4.020773215,daejeon_exp_20260129_205304,30,40,80,30,0,TRUE,0,39.18,0.67,38,success,,,,,,,
392,36.39766912,127.4198478,36.397656,127.41982,2.881130067,daejeon_exp_20260129_205304,30,40,80,30,0,TRUE,0,40.15,0.68,39,success,,,,,,,
393,36.43302083,127.3557,36.433237,127.355156,54.28172309,daejeon_exp_20260129_205304,30,40,80,30,0,TRUE,0,38.17,0.66,37,success,,,,,,,
394,36.29910212,127.4361502,36.298601,127.434205,183.0109784,daejeon_exp_20260129_205304,30,40,80,30,0,TRUE,0,36.18,0.68,35,success,,,,,,,
395,36.3668992,127.5043638,36.366885,127.504385,2.469679478,daejeon_exp_20260129_205304,30,40,80,30,0,TRUE,0,39.11,0.69,38,success,,,,,,,
396,36.40910286,127.3772613,36.408972,127.377364,17.21191194,daejeon_exp_20260129_205304,30,40,80,30,0,TRUE,0,38.15,0.68,37,success,,,,,,,
397,36.23843844,127.4215936,36.2389,127.42277,117.325118,daejeon_exp_20260129_205304,30,40,80,30,0,TRUE,0,37.16,0.69,36,success,,,,,,,
398,36.26792999,127.4432988,36.267799,127.443361,15.59699212,daejeon_exp_20260129_205304,30,40,80,30,0,TRUE,0,37.32,0.68,36,success,,,,,,,
399,36.32662694,127.3257112,36.326826,127.325464,31.31226451,daejeon_exp_20260129_205304,30,40,80,30,0,TRUE,0,37.13,0.68,36,success,,,,,,,
400,36.38935948,127.3153192,36.389384,127.315311,2.823518435,daejeon_exp_20260129_205304,30,40,80,30,0,TRUE,0,39.12,0.69,38,success,,,,,,,
401,36.33283579,127.4080464,36.333148,127.40813,35.51493181,daejeon_exp_20260129_205304,30,40,80,30,0,TRUE,0,37.54,0.68,36,success,,,,,,,
402,36.38848908,127.3047773,36.388762,127.30511,42.51797841,daejeon_exp_20260129_205304,30,40,80,30,0,TRUE,0,39.16,0.67,38,success,,,,,,,
403,36.33790253,127.4633936,36.337964,127.463679,26.46370129,daejeon_exp_20260129_205304,30,40,80,30,0,TRUE,0,40.89,0.66,37,success,,,,,,,
404,36.44601863,127.4260252,36.446016,127.425894,11.74326771,daejeon_exp_20260129_205304,30,40,80,30,0,TRUE,0,39.19,0.69,38,success,,,,,,,
405,36.26521687,127.3951559,36.266674,127.396137,184.3627658,daejeon_exp_20260129_205304,30,40,80,30,0,TRUE,0,36.41,0.68,35,success,,,,,,,
406,36.4291613,127.4310412,36.429164,127.431031,0.959717521,daejeon_exp_20260129_205304,30,40,80,30,0,TRUE,0,39.31,0.68,38,success,,,,,,,
407,36.42013716,127.4467514,36.420045,127.446776,10.48098004,daejeon_exp_20260129_205304,30,40,80,30,0,TRUE,0,39.32,0.67,38,success,,,,,,,
408,36.36318274,127.2868946,36.362518,127.287469,90.04830983,daejeon_exp_20260129_205304,30,40,80,30,0,TRUE,0,38.13,0.68,37,success,,,,,,,
409,36.32042062,127.4596601,36.320753,127.459983,46.93508494,daejeon_exp_20260129_205304,30,40,80,30,0,TRUE,0,37.3,0.67,36,success,,,,,,,
410,36.23553072,127.4143887,36.23509,127.415066,78.05299424,daejeon_exp_20260129_205304,30,40,80,30,0,TRUE,0,36.18,0.68,35,success,,,,,,,
411,36.21626963,127.3416043,36.216278,127.341629,2.401386067,daejeon_exp_20260129_205304,30,40,80,30,0,TRUE,0,36.19,0.68,35,success,,,,,,,
412,36.43898664,127.3491127,36.438795,127.349456,37.37586357,daejeon_exp_20260129_205304,30,40,80,30,0,TRUE,0,41.9,0.68,37,success,,,,,,,
413,36.28600218,127.4969226,36.286006,127.497085,14.56610437,daejeon_exp_20260129_205304,30,40,80,30,0,TRUE,0,37.13,0.67,36,success,,,,,,,
414,36.42583582,127.4612015,36.424809,127.462598,169.2592302,daejeon_exp_20260129_205304,30,40,80,30,0,TRUE,0,39.18,0.69,38,success,,,,,,,
415,36.37672158,127.4393907,36.376456,127.438642,73.24954642,daejeon_exp_20260129_205304,30,40,80,30,0,TRUE,0,38.98,0.67,37,success,,,,,,,
416,36.3089396,127.4341849,36.309597,127.433835,79.53840955,daejeon_exp_20260129_205304,30,40,80,30,0,TRUE,0,36.09,0.68,35,success,,,,,,,
417,36.24199229,127.3529379,36.241745,127.352452,51.52822562,daejeon_exp_20260129_205304,30,40,80,30,0,TRUE,0,36.11,0.7,35,success,,,,,,,
418,36.29993419,127.3995735,36.299875,127.399531,7.605692642,daejeon_exp_20260129_205304,30,40,80,30,0,TRUE,0,37.35,0.67,35,success,,,,,,,
419,36.3856432,127.4360509,36.387421,127.435011,218.5032466,daejeon_exp_20260129_205304,30,40,80,30,0,TRUE,0,38.22,0.7,37,success,,,,,,,
420,36.34026558,127.342163,36.340166,127.342226,12.42968672,daejeon_exp_20260129_205304,30,40,80,30,0,TRUE,0,37.03,0.68,35,success,,,,,,,
421,36.41451377,127.4835474,36.414198,127.482983,61.51297565,daejeon_exp_20260129_205304,30,40,80,30,0,TRUE,0,41.47,0.71,38,success,,,,,,,
422,36.26684099,127.4618926,36.266852,127.459236,238.1774735,daejeon_exp_20260129_205304,30,40,80,30,0,TRUE,0,36.19,0.69,35,success,,,,,,,
423,36.30497665,127.3215584,36.304982,127.322453,80.16919278,daejeon_exp_20260129_205304,30,40,80,30,0,TRUE,0,39.1,0.67,37,success,,,,,,,
424,36.35566132,127.4692369,36.355597,127.469198,7.954509584,daejeon_exp_20260129_205304,30,40,80,30,0,TRUE,0,38.17,0.69,37,success,,,,,,,
425,36.20561523,127.42957,36.204312,127.430868,185.9126057,daejeon_exp_20260129_205304,30,40,80,30,0,TRUE,0,37.17,0.7,36,success,,,,,,,
426,36.44502568,127.4399698,36.445793,127.440081,85.9001015,daejeon_exp_20260129_205304,30,40,80,30,0,TRUE,0,39.13,0.68,38,success,,,,,,,
427,36.29379705,127.2998696,36.293737,127.299762,11.73195581,daejeon_exp_20260129_205304,30,40,80,30,0,TRUE,0,41.54,0.68,36,success,,,,,,,
428,36.26398725,127.2922597,36.263992,127.292213,4.21595241,daejeon_exp_20260129_205304,30,40,80,30,0,TRUE,0,37.13,0.68,36,success,,,,,,,
429,36.40358522,127.4033971,36.40346,127.403392,13.9316631,daejeon_exp_20260129_205304,30,40,80,30,0,TRUE,0,40.16,0.69,39,success,,,,,,,
430,36.26366265,127.4811315,36.263628,127.48173,53.79728419,daejeon_exp_20260129_205304,30,40,80,30,0,TRUE,0,37.14,0.68,36,success,,,,,,,
431,36.3276409,127.2910609,36.327773,127.29141,34.54902754,daejeon_exp_20260129_205304,30,40,80,30,0,TRUE,0,37.2,0.68,36,success,,,,,,,
432,36.32651822,127.4340467,36.326387,127.43412,15.99930886,daejeon_exp_20260129_205304,30,40,80,30,0,TRUE,0,36.09,0.78,35,success,,,,,,,
433,36.26839195,127.4039001,36.269084,127.404499,93.83369738,daejeon_exp_20260129_205304,30,40,80,30,0,TRUE,0,36.09,0.68,35,success,,,,,,,
434,36.29208454,127.3869778,36.29173,127.388313,125.9931042,daejeon_exp_20260129_205304,30,40,80,30,0,TRUE,0,36.1,0.68,35,success,,,,,,,
435,36.30288388,127.355322,36.302657,127.355409,26.40482689,daejeon_exp_20260129_205304,30,40,80,30,0,TRUE,0,38.92,0.69,36,success,,,,,,,
436,36.2564877,127.4538654,36.256618,127.454047,21.79410067,daejeon_exp_20260129_205304,30,40,80,30,0,TRUE,0,37.12,0.67,36,success,,,,,,,
437,36.41316738,127.3949737,36.413881,127.394682,83.53361415,daejeon_exp_20260129_205304,30,40,80,30,0,TRUE,0,39.13,0.68,37,success,,,,,,,
438,36.43419227,127.4795111,36.433887,127.480987,136.3327819,daejeon_exp_20260129_205304,30,40,80,30,0,TRUE,0,39.23,0.69,38,success,,,,,,,
439,36.41550305,127.3583411,36.415503,127.358314,2.427463663,daejeon_exp_20260129_205304,30,40,80,30,0,TRUE,0,38.16,0.68,37,success,,,,,,,
440,36.33410562,127.3491662,36.334022,127.34914,9.588553495,daejeon_exp_20260129_205304,30,40,80,30,0,TRUE,0,36.11,0.68,35,success,,,,,,,
441,36.40703638,127.3420498,36.406721,127.34205,35.068939,daejeon_exp_20260129_205304,30,40,80,30,0,TRUE,0,39.19,0.69,38,success,,,,,,,
442,36.25007411,127.4686573,36.24988,127.469069,42.7622617,daejeon_exp_20260129_205304,30,40,80,30,0,TRUE,0,36.33,0.68,35,success,,,,,,,
443,36.34468828,127.4414638,36.344686,127.441464,0.253952397,daejeon_exp_20260129_205304,30,40,80,30,0,TRUE,0,44.82,0.69,37,success,,,,,,,
444,36.44471196,127.4015532,36.444829,127.401421,17.58563704,daejeon_exp_20260129_205304,30,40,80,30,0,TRUE,0,39.08,0.69,37,success,,,,,,,
445,36.39652206,127.409311,36.396757,127.409013,37.33712368,daejeon_exp_20260129_205304,30,40,80,30,0,TRUE,0,40.29,0.7,39,success,,,,,,,
446,36.41512296,127.5342558,36.41483,127.533991,40.27977557,daejeon_exp_20260129_205304,30,40,80,30,0,TRUE,0,40.18,0.68,39,success,,,,,,,
447,36.28830582,127.3785582,36.288487,127.378762,27.19292856,daejeon_exp_20260129_205304,30,40,80,30,0,TRUE,0,36.22,0.68,35,success,,,,,,,
448,36.39631083,127.4209574,36.396444,127.420915,15.28575658,daejeon_exp_20260129_205304,30,40,80,30,0,TRUE,0,39.17,0.66,38,success,,,,,,,
449,36.42606758,127.3787428,36.42652,127.379095,59.3609032,daejeon_exp_20260129_205304,30,40,80,30,0,TRUE,0,38.13,0.68,37,success,,,,,,,
450,36.3444932,127.4564,36.345587,127.4564,121.6252835,daejeon_exp_20260129_205304,30,40,80,30,0,TRUE,0,38.19,0.69,37,success,,,,,,,
451,36.3633429,127.4300051,36.363324,127.429901,9.556128108,daejeon_exp_20260129_205304,30,40,80,30,0,TRUE,0,39.66,0.66,38,success,,,,,,,
452,36.41799277,127.3188971,36.417069,127.320481,175.0328211,daejeon_exp_20260129_205304,30,40,80,30,0,TRUE,0,38.13,0.68,37,success,,,,,,,
453,36.40546033,127.443185,36.405497,127.443201,4.320663098,daejeon_exp_20260129_205304,30,40,80,30,0,TRUE,0,38.13,0.7,37,success,,,,,,,
454,36.36601807,127.4223287,36.365848,127.423,63.01042591,daejeon_exp_20260129_205304,30,40,80,30,0,TRUE,0,52.89,0.68,38,success,,,,,,,
455,36.34823718,127.4167043,36.34817,127.416789,10.64763766,daejeon_exp_20260129_205304,30,40,80,30,0,TRUE,0,40.14,0.7,39,success,,,,,,,
456,36.47439822,127.3961794,36.474462,127.396194,7.211956152,daejeon_exp_20260129_205304,30,40,80,30,0,TRUE,0,39.18,0.7,38,success,,,,,,,
457,36.27511198,127.4207428,36.276899,127.420931,199.423235,daejeon_exp_20260129_205304,30,40,80,30,0,TRUE,0,41.18,0.68,36,success,,,,,,,
458,36.31516605,127.3624078,36.315002,127.359826,232.0423509,daejeon_exp_20260129_205304,30,40,80,30,0,TRUE,0,41.05,0.69,36,success,,,,,,,
459,36.36457661,127.4226284,36.364604,127.422518,10.34059364,daejeon_exp_20260129_205304,30,40,80,30,0,TRUE,0,39.14,0.67,38,success,,,,,,,
460,36.2624139,127.3506556,36.261742,127.350577,75.04361776,daejeon_exp_20260129_205304,30,40,80,30,0,TRUE,0,36.12,0.67,35,success,,,,,,,
461,36.3524757,127.3243501,36.352703,127.32413,32.04986277,daejeon_exp_20260129_205304,30,40,80,30,0,TRUE,0,37.18,0.67,36,success,,,,,,,
462,36.40436256,127.3426249,36.404809,127.343227,73.26420352,daejeon_exp_20260129_205304,30,40,80,30,0,TRUE,0,39.13,0.68,38,success,,,,,,,
463,36.33196122,127.3929563,36.331795,127.393162,26.09825905,daejeon_exp_20260129_205304,30,40,80,30,0,TRUE,0,37.12,0.69,36,success,,,,,,,
464,36.30318598,127.3629937,36.30325,127.363354,33.06599728,daejeon_exp_20260129_205304,30,40,80,30,0,TRUE,0,36.1,0.68,35,success,,,,,,,
465,36.35026096,127.305721,36.350293,127.305971,22.66962565,daejeon_exp_20260129_205304,30,40,80,30,0,TRUE,0,39.11,0.68,37,success,,,,,,,
466,36.33827863,127.3049443,36.338267,127.30497,2.643109773,daejeon_exp_20260129_205304,30,40,80,30,0,TRUE,0,37.22,0.68,36,success,,,,,,,
467,36.3029336,127.41596,36.303374,127.416619,76.71446013,daejeon_exp_20260129_205304,30,40,80,30,0,TRUE,0,36.11,0.66,35,success,,,,,,,
468,36.41622331,127.4204694,36.416213,127.420331,12.43694877,daejeon_exp_20260129_205304,30,40,80,30,0,TRUE,0,40.21,0.68,39,success,,,,,,,
469,36.41972346,127.4538078,36.420845,127.452543,168.4015982,daejeon_exp_20260129_205304,30,40,80,30,0,TRUE,0,39.81,0.7,38,success,,,,,,,
470,36.25310979,127.304106,36.253227,127.304075,13.32532678,daejeon_exp_20260129_205304,30,40,80,30,0,TRUE,0,36.15,0.68,35,success,,,,,,,
471,36.2284423,127.3139435,36.228768,127.314925,95.19364622,daejeon_exp_20260129_205304,30,40,80,30,0,TRUE,0,36.11,0.69,35,success,,,,,,,
472,36.37419404,127.4315661,36.373914,127.431139,49.31405376,daejeon_exp_20260129_205304,30,40,80,30,0,TRUE,0,38.18,0.68,37,success,,,,,,,
473,36.28109463,127.3547739,36.281068,127.354768,3.008231614,daejeon_exp_20260129_205304,30,40,80,30,0,TRUE,0,40.32,0.68,35,success,,,,,,,
474,36.39178397,127.3410735,36.391769,127.341087,2.056495503,daejeon_exp_20260129_205304,30,40,80,30,0,TRUE,0,40.57,0.68,38,success,,,,,,,
475,36.43419254,127.3988246,36.43505,127.399798,129.1282028,daejeon_exp_20260129_205304,30,40,80,30,0,TRUE,0,38.19,0.69,37,success,,,,,,,
476,36.4487055,127.369095,36.449068,127.367783,124.0813946,daejeon_exp_20260129_205304,30,40,80,30,0,TRUE,0,39.13,0.68,38,success,,,,,,,
477,36.40709096,127.5360735,36.40686,127.536994,86.28707292,daejeon_exp_20260129_205304,30,40,80,30,0,TRUE,0,41.14,0.69,39,success,,,,,,,
478,36.38925365,127.3047838,36.389092,127.304836,18.57261354,daejeon_exp_20260129_205304,30,40,80,30,0,TRUE,0,40.19,0.68,38,success,,,,,,,
479,36.31472093,127.4817295,36.314772,127.480973,68.0152521,daejeon_exp_20260129_205304,30,40,80,30,0,TRUE,0,37.14,0.69,36,success,,,,,,,
480,36.30510461,127.3886244,36.304926,127.388669,20.2591579,daejeon_exp_20260129_205304,30,40,80,30,0,TRUE,0,37.1,0.68,36,success,,,,,,,
481,36.3301795,127.4755336,36.330451,127.474921,62.63364368,daejeon_exp_20260129_205304,30,40,80,30,0,TRUE,0,37.15,0.68,36,success,,,,,,,
482,36.31543584,127.3081649,36.31462,127.308212,90.81531365,daejeon_exp_20260129_205304,30,40,80,30,0,TRUE,0,37.23,0.69,36,success,,,,,,,
483,36.43007155,127.3729489,36.42888,127.372865,132.7063099,daejeon_exp_20260129_205304,30,40,80,30,0,TRUE,0,38.17,0.68,37,success,,,,,,,
484,36.34716958,127.4160337,36.347137,127.415995,5.014917154,daejeon_exp_20260129_205304,30,40,80,30,0,TRUE,0,40.13,0.68,39,success,,,,,,,
485,36.37824136,127.374191,36.378241,127.374182,0.804192283,daejeon_exp_20260129_205304,30,40,80,30,0,TRUE,0,39.2,0.7,38,success,,,,,,,
486,36.33834719,127.2948475,36.338423,127.297602,246.8652117,daejeon_exp_20260129_205304,30,40,80,30,0,TRUE,0,38,0.68,36,success,,,,,,,
487,36.29890853,127.4106829,36.298702,127.410545,26.07889558,daejeon_exp_20260129_205304,30,40,80,30,0,TRUE,0,36.17,0.68,35,success,,,,,,,
488,36.2931441,127.2790857,36.293077,127.279344,24.32078705,daejeon_exp_20260129_205304,30,40,80,30,0,TRUE,0,37.15,0.69,36,success,,,,,,,
489,36.34107027,127.2983177,36.341013,127.298704,35.18334434,daejeon_exp_20260129_205304,30,40,80,30,0,TRUE,0,37.18,0.68,36,success,,,,,,,
490,36.2437578,127.3217201,36.243642,127.321388,32.44339674,daejeon_exp_20260129_205304,30,40,80,30,0,TRUE,0,36.23,0.68,35,success,,,,,,,
491,36.2656991,127.3948888,36.266683,127.396126,155.7996307,daejeon_exp_20260129_205304,30,40,80,30,0,TRUE,0,36.15,0.67,35,success,,,,,,,
492,36.41754153,127.4474516,36.418778,127.447552,137.7822846,daejeon_exp_20260129_205304,30,40,80,30,0,TRUE,0,39.2,0.68,38,success,,,,,,,
493,36.34182631,127.4195194,36.341934,127.419512,11.99287235,daejeon_exp_20260129_205304,30,40,80,30,0,TRUE,0,38.97,0.69,37,success,,,,,,,
494,36.34832098,127.3281576,36.34847,127.328159,16.57058196,daejeon_exp_20260129_205304,30,40,80,30,0,TRUE,0,38.09,0.67,36,success,,,,,,,
495,36.44586394,127.434406,36.445619,127.434468,27.79545026,daejeon_exp_20260129_205304,30,40,80,30,0,TRUE,0,40.16,0.7,39,success,,,,,,,
496,36.35071377,127.2931056,36.350128,127.293034,65.4489692,daejeon_exp_20260129_205304,30,40,80,30,0,TRUE,0,38.27,0.68,37,success,,,,,,,
497,36.40120256,127.3148252,36.400821,127.315057,47.22846631,daejeon_exp_20260129_205304,30,40,80,30,0,TRUE,0,39.25,0.68,38,success,,,,,,,
498,36.23470592,127.313404,36.234504,127.313472,23.2658203,daejeon_exp_20260129_205304,30,40,80,30,0,TRUE,0,36.56,0.67,35,success,,,,,,,
499,36.37596749,127.3171094,36.375948,127.317109,2.167479227,daejeon_exp_20260129_205304,30,40,80,30,0,TRUE,0,39.27,0.7,38,success,,,,,,,
500,36.31570303,127.2996504,36.315893,127.300367,67.59289144,daejeon_exp_20260129_205304,30,40,80,30,0,TRUE,0,37.13,0.67,36,success,,,,,,,
501,36.29374171,127.3363552,36.294241,127.336354,55.51843779,daejeon_exp_20260129_205304,30,40,80,30,0,TRUE,0,37.13,0.69,36,success,,,,,,,
502,36.27986425,127.4742994,36.279544,127.474495,39.69238206,daejeon_exp_20260129_205304,30,40,80,30,0,TRUE,0,37.1,0.69,36,success,,,,,,,
503,36.302407,127.4151226,36.302207,127.415104,22.30173919,daejeon_exp_20260129_205304,30,40,80,30,0,TRUE,0,36.13,0.72,35,success,,,,,,,
504,36.41665459,127.5370879,36.415821,127.536733,97.98023875,daejeon_exp_20260129_205304,30,40,80,30,0,TRUE,0,45.63,0.68,39,success,,,,,,,
505,36.36215287,127.3207633,36.361621,127.320792,59.1975647,daejeon_exp_20260129_205304,30,40,80,30,0,TRUE,0,38.2,0.68,37,success,,,,,,,
506,36.32839193,127.375841,36.328409,127.375852,2.136665866,daejeon_exp_20260129_205304,30,40,80,30,0,TRUE,0,37.11,0.69,36,success,,,,,,,
507,36.40261658,127.4820676,36.40246,127.479296,248.6602418,daejeon_exp_20260129_205304,30,40,80,30,0,TRUE,0,39.13,0.68,38,success,,,,,,,
508,36.38766645,127.4897409,36.387385,127.48867,100.8411752,daejeon_exp_20260129_205304,30,40,80,30,0,TRUE,0,39.16,0.69,38,success,,,,,,,
509,36.47937081,127.3767811,36.479406,127.376839,6.490138497,daejeon_exp_20260129_205304,30,40,80,30,0,TRUE,0,38.25,0.67,37,success,,,,,,,
510,36.42103242,127.338458,36.420623,127.337524,95.16677927,daejeon_exp_20260129_205304,30,40,80,30,0,TRUE,0,38.22,0.67,37,success,,,,,,,
511,36.28346434,127.3778746,36.283395,127.377896,7.944659045,daejeon_exp_20260129_205304,30,40,80,30,0,TRUE,0,36.16,0.69,35,success,,,,,,,
512,36.31004884,127.2986659,36.310227,127.299795,103.0928937,daejeon_exp_20260129_205304,30,40,80,30,0,TRUE,0,37.19,0.67,36,success,,,,,,,
513,36.39165637,127.5007723,36.391535,127.500537,25.0111714,daejeon_exp_20260129_205304,30,40,80,30,0,TRUE,0,39.16,0.68,38,success,,,,,,,
514,36.3148371,127.3740939,36.314829,127.374096,0.920108718,daejeon_exp_20260129_205304,30,40,80,30,0,TRUE,0,36.09,0.69,35,success,,,,,,,
515,36.44255297,127.4182249,36.442425,127.419513,116.0973568,daejeon_exp_20260129_205304,30,40,80,30,0,TRUE,0,39.24,0.89,38,success,,,,,,,
516,36.40147234,127.4313964,36.400981,127.42932,193.7010454,daejeon_exp_20260129_205304,30,40,80,30,0,TRUE,0,40.51,0.69,38,success,,,,,,,
517,36.23597434,127.455787,36.236778,127.455045,111.4188676,daejeon_exp_20260129_205304,30,40,80,30,0,TRUE,0,37.12,0.68,36,success,,,,,,,
518,36.32299431,127.2718028,36.322769,127.271001,76.07586308,daejeon_exp_20260129_205304,30,40,80,30,0,TRUE,0,37.19,0.68,36,success,,,,,,,
519,36.33374347,127.3560558,36.33228,127.356283,163.9983725,daejeon_exp_20260129_205304,30,40,80,30,0,TRUE,0,37.4,0.7,36,success,,,,,,,
520,36.28826874,127.3931282,36.289231,127.39331,108.2318395,daejeon_exp_20260129_205304,30,40,80,30,0,TRUE,0,36.93,0.69,35,success,,,,,,,
521,36.30039193,127.3561119,36.300355,127.356147,5.172167245,daejeon_exp_20260129_205304,30,40,80,30,0,TRUE,0,36.1,0.68,35,success,,,,,,,
522,36.3479821,127.2889265,36.348139,127.291212,205.4314724,daejeon_exp_20260129_205304,30,40,80,30,0,TRUE,0,38.1,0.67,37,success,,,,,,,
523,36.41066931,127.4195081,36.410668,127.419511,0.294286303,daejeon_exp_20260129_205304,30,40,80,30,0,TRUE,0,43.95,0.68,39,success,,,,,,,
524,36.27985284,127.4353877,36.279261,127.435692,71.23703799,daejeon_exp_20260129_205304,30,40,80,30,0,TRUE,0,42.33,0.68,36,success,,,,,,,
525,36.40702578,127.3577007,36.407006,127.358514,72.81415596,daejeon_exp_20260129_205304,30,40,80,30,0,TRUE,0,39.16,0.71,38,success,,,,,,,
526,36.25362557,127.324247,36.254164,127.324239,59.87490163,daejeon_exp_20260129_205304,30,40,80,30,0,TRUE,0,36.26,0.69,35,success,,,,,,,
527,36.2968174,127.3598423,36.296833,127.359781,5.760366596,daejeon_exp_20260129_205304,30,40,80,30,0,TRUE,0,36.11,0.7,35,success,,,,,,,
528,36.25731564,127.3411953,36.256199,127.34185,137.3421276,daejeon_exp_20260129_205304,30,40,80,30,0,TRUE,0,36.52,0.73,35,success,,,,,,,
529,36.33252593,127.4164193,36.332504,127.416514,8.822177474,daejeon_exp_20260129_205304,30,40,80,30,0,TRUE,0,36.23,0.71,35,success,,,,,,,
530,36.36050022,127.4504287,36.360453,127.450413,5.434897976,daejeon_exp_20260129_205304,30,40,80,30,0,TRUE,0,39.14,0.69,38,success,,,,,,,
531,36.33452267,127.2997038,36.333755,127.299642,85.54092303,daejeon_exp_20260129_205304,30,40,80,30,0,TRUE,0,37.15,0.68,36,success,,,,,,,
532,36.28010704,127.4235236,36.280157,127.423979,41.19569797,daejeon_exp_20260129_205304,30,40,80,30,0,TRUE,0,38.42,0.69,36,success,,,,,,,
533,36.38357711,127.4580189,36.383564,127.457928,8.262739733,daejeon_exp_20260129_205304,30,40,80,30,0,TRUE,0,39.31,0.69,38,success,,,,,,,
534,36.39145062,127.3495233,36.391421,127.349581,6.125124431,daejeon_exp_20260129_205304,30,40,80,30,0,TRUE,0,39.17,0.68,38,success,,,,,,,
535,36.31583803,127.3594971,36.315002,127.359826,97.52031672,daejeon_exp_20260129_205304,30,40,80,30,0,TRUE,0,41.51,0.68,36,success,,,,,,,
536,36.2632872,127.3454439,36.263388,127.345511,12.72153167,daejeon_exp_20260129_205304,30,40,80,30,0,TRUE,0,36.34,0.7,35,success,,,,,,,
537,36.27789705,127.3369492,36.277967,127.336909,8.57366713,daejeon_exp_20260129_205304,30,40,80,30,0,TRUE,0,36.14,0.68,35,success,,,,,,,
538,36.28628142,127.3902292,36.286383,127.391531,117.2293081,daejeon_exp_20260129_205304,30,40,80,30,0,TRUE,0,36.7,0.7,35,success,,,,,,,
539,36.30938177,127.306188,36.309314,127.306241,8.905861347,daejeon_exp_20260129_205304,30,40,80,30,0,TRUE,0,37.11,0.69,36,success,,,,,,,
540,36.40593359,127.41732,36.406015,127.417168,16.34256633,daejeon_exp_20260129_205304,30,40,80,30,0,TRUE,0,40.22,0.69,39,success,,,,,,,
541,36.40965562,127.4126733,36.409609,127.41277,10.08728963,daejeon_exp_20260129_205304,30,40,80,30,0,TRUE,0,40.18,0.74,39,success,,,,,,,
542,36.42049298,127.4225326,36.420107,127.422776,48.12987779,daejeon_exp_20260129_205304,30,40,80,30,0,TRUE,0,40.27,0.69,39,success,,,,,,,
543,36.24233928,127.2820644,36.243184,127.283326,147.0522935,daejeon_exp_20260129_205304,30,40,80,30,0,TRUE,0,36.13,0.69,35,success,,,,,,,
544,36.21932201,127.3376764,36.218396,127.337953,105.9157348,daejeon_exp_20260129_205304,30,40,80,30,0,TRUE,0,36.1,0.67,35,success,,,,,,,
545,36.41695956,127.4606967,36.417552,127.458494,207.8143681,daejeon_exp_20260129_205304,30,40,80,30,0,TRUE,0,39.14,0.68,38,success,,,,,,,
546,36.41977274,127.2954344,36.419742,127.295464,4.326412213,daejeon_exp_20260129_205304,30,40,80,30,0,TRUE,0,38.15,0.7,37,success,,,,,,,
547,36.43862533,127.4268484,36.438681,127.426621,21.2602709,daejeon_exp_20260129_205304,30,40,80,30,0,TRUE,0,40.1,0.67,39,success,,,,,,,
548,36.41924724,127.4620608,36.418408,127.464259,217.7028129,daejeon_exp_20260129_205304,30,40,80,30,0,TRUE,0,39.16,0.67,38,success,,,,,,,
549,36.28119551,127.3765041,36.28121,127.376881,33.8269179,daejeon_exp_20260129_205304,30,40,80,30,0,TRUE,0,36.13,0.7,35,success,,,,,,,
550,36.37244171,127.4681118,36.372445,127.468107,0.563707712,daejeon_exp_20260129_205304,30,40,80,30,0,TRUE,0,42.57,0.67,38,success,,,,,,,
551,36.35995288,127.3304827,36.360366,127.330631,47.81831296,daejeon_exp_20260129_205304,30,40,80,30,0,TRUE,0,39.18,0.7,38,success,,,,,,,
552,36.37541131,127.5073701,36.375769,127.506175,114.1522872,daejeon_exp_20260129_205304,30,40,80,30,0,TRUE,0,39.26,0.69,38,success,,,,,,,
553,36.2760452,127.3266644,36.276887,127.325076,170.3970992,daejeon_exp_20260129_205304,30,40,80,30,0,TRUE,0,37.17,0.68,36,success,,,,,,,
554,36.31191463,127.3771507,36.311843,127.377202,9.194694385,daejeon_exp_20260129_205304,30,40,80,30,0,TRUE,0,36.12,0.68,35,success,,,,,,,
555,36.3204359,127.3875434,36.32044,127.387546,0.513748042,daejeon_exp_20260129_205304,30,40,80,30,0,TRUE,0,37.14,0.68,36,success,,,,,,,
556,36.41181727,127.3898665,36.411794,127.389858,2.697385729,daejeon_exp_20260129_205304,30,40,80,30,0,TRUE,0,38.17,0.69,37,success,,,,,,,
557,36.36621146,127.4294797,36.366204,127.429441,3.565969597,daejeon_exp_20260129_205304,30,40,80,30,0,TRUE,0,38.31,0.68,37,success,,,,,,,
558,36.39269483,127.480832,36.392252,127.480501,57.46634547,daejeon_exp_20260129_205304,30,40,80,30,0,TRUE,0,40.66,0.68,38,success,,,,,,,
559,36.34941819,127.3840494,36.349066,127.38405,39.16210551,daejeon_exp_20260129_205304,30,40,80,30,0,TRUE,0,37.19,0.7,36,success,,,,,,,
560,36.28567171,127.4361633,36.286542,127.437075,126.6616605,daejeon_exp_20260129_205304,30,40,80,30,0,TRUE,0,36.1,0.71,35,success,,,,,,,
561,36.27165644,127.3302185,36.270518,127.328772,181.2229802,daejeon_exp_20260129_205304,30,40,80,30,0,TRUE,0,36.1,0.68,35,success,,,,,,,
562,36.39345911,127.3889774,36.393723,127.389206,35.77046621,daejeon_exp_20260129_205304,30,40,80,30,0,TRUE,0,39.11,0.69,38,success,,,,,,,
563,36.27685773,127.4354631,36.278244,127.435459,154.1473266,daejeon_exp_20260129_205304,30,40,80,30,0,TRUE,0,37.17,0.75,36,success,,,,,,,
564,36.38874267,127.4066372,36.388768,127.407272,56.89176914,daejeon_exp_20260129_205304,30,40,80,30,0,TRUE,0,39.17,0.7,38,success,,,,,,,
565,36.27252021,127.4031085,36.272377,127.403743,59.06817096,daejeon_exp_20260129_205304,30,40,80,30,0,TRUE,0,40.39,0.68,35,success,,,,,,,
566,36.38509102,127.4908343,36.385191,127.492198,122.5779647,daejeon_exp_20260129_205304,30,40,80,30,0,TRUE,0,39.55,0.68,38,success,,,,,,,
567,36.41150501,127.4842746,36.41164,127.484671,38.51881634,daejeon_exp_20260129_205304,30,40,80,30,0,TRUE,0,39.12,0.7,38,success,,,,,,,
568,36.42537523,127.470322,36.424776,127.468309,192.0384459,daejeon_exp_20260129_205304,30,40,80,30,0,TRUE,0,39.17,0.7,38,success,,,,,,,
569,36.34424682,127.3544279,36.344302,127.354704,25.48154671,daejeon_exp_20260129_205304,30,40,80,30,0,TRUE,0,37.19,0.69,36,success,,,,,,,
570,36.35007231,127.4469695,36.350108,127.446871,9.669998395,daejeon_exp_20260129_205304,30,40,80,30,0,TRUE,0,38.15,0.69,37,success,,,,,,,
571,36.39759069,127.4458463,36.396576,127.443539,235.3245189,daejeon_exp_20260129_205304,30,40,80,30,0,TRUE,0,38.11,0.68,37,success,,,,,,,
572,36.2422472,127.4675641,36.243233,127.466533,143.4116245,daejeon_exp_20260129_205304,30,40,80,30,0,TRUE,0,37.16,0.68,36,success,,,,,,,
573,36.32207699,127.3988235,36.322219,127.398769,16.52965128,daejeon_exp_20260129_205304,30,40,80,30,0,TRUE,0,37.13,0.67,36,success,,,,,,,
574,36.26804782,127.3408527,36.268599,127.341713,98.51624492,daejeon_exp_20260129_205304,30,40,80,30,0,TRUE,0,36.13,0.68,35,success,,,,,,,
575,36.41007302,127.4763974,36.410192,127.475517,79.88460265,daejeon_exp_20260129_205304,30,40,80,30,0,TRUE,0,39.18,0.68,38,success,,,,,,,
576,36.3359876,127.4195615,36.335975,127.419577,1.974223209,daejeon_exp_20260129_205304,30,40,80,30,0,TRUE,0,37.15,0.69,36,success,,,,,,,
577,36.48074472,127.3648563,36.48053,127.36444,44.21968767,daejeon_exp_20260129_205304,30,40,80,30,0,TRUE,0,38.13,0.71,37,success,,,,,,,
578,36.29137432,127.4801614,36.290418,127.48017,106.3410666,daejeon_exp_20260129_205304,30,40,80,30,0,TRUE,0,37.21,0.68,36,success,,,,,,,
579,36.25038441,127.4601751,36.25135,127.460774,120.0487729,daejeon_exp_20260129_205304,30,40,80,30,0,TRUE,0,37.39,0.68,36,success,,,,,,,
580,36.31791929,127.4354085,36.317785,127.435484,16.3945094,daejeon_exp_20260129_205304,30,40,80,30,0,TRUE,0,38.38,0.68,35,success,,,,,,,
581,36.22785628,127.4585927,36.227254,127.457333,131.3497202,daejeon_exp_20260129_205304,30,40,80,30,0,TRUE,0,37.17,0.7,36,success,,,,,,,
582,36.30583082,127.3361038,36.305831,127.336244,12.56136113,daejeon_exp_20260129_205304,30,40,80,30,0,TRUE,0,38.11,0.68,37,success,,,,,,,
583,36.36540623,127.2946311,36.36524,127.29446,24.00933911,daejeon_exp_20260129_205304,30,40,80,30,0,TRUE,0,38.34,0.67,37,success,,,,,,,
584,36.29159625,127.2856655,36.292825,127.283692,223.4973227,daejeon_exp_20260129_205304,30,40,80,30,0,TRUE,0,37.16,0.68,36,success,,,,,,,
585,36.26504779,127.3982598,36.264649,127.399381,109.868611,daejeon_exp_20260129_205304,30,40,80,30,0,TRUE,0,36.18,0.68,35,success,,,,,,,
586,36.25172501,127.4018153,36.250688,127.401952,115.9601187,daejeon_exp_20260129_205304,30,40,80,30,0,TRUE,0,36.13,0.68,35,success,,,,,,,
587,36.28050839,127.2651374,36.280441,127.265115,7.757956824,daejeon_exp_20260129_205304,30,40,80,30,0,TRUE,0,37.14,0.69,36,success,,,,,,,
588,36.4786888,127.3730601,36.479518,127.374247,140.5798059,daejeon_exp_20260129_205304,30,40,80,30,0,TRUE,0,38.15,0.69,37,success,,,,,,,
589,36.37650673,127.3143732,36.376546,127.315028,58.78326698,daejeon_exp_20260129_205304,30,40,80,30,0,TRUE,0,39.11,0.68,38,success,,,,,,,
590,36.31807827,127.4171041,36.318107,127.417114,3.315270688,daejeon_exp_20260129_205304,30,40,80,30,0,TRUE,0,36.12,0.72,35,success,,,,,,,
591,36.37242953,127.4516031,36.372521,127.451643,10.77952553,daejeon_exp_20260129_205304,30,40,80,30,0,TRUE,0,40.17,0.68,39,success,,,,,,,
592,36.27546094,127.3940789,36.276309,127.394288,96.14432363,daejeon_exp_20260129_205304,30,40,80,30,0,TRUE,0,36.1,0.69,35,success,,,,,,,
593,36.25332527,127.4076011,36.252257,127.405824,198.753462,daejeon_exp_20260129_205304,30,40,80,30,0,TRUE,0,36.15,0.69,35,success,,,,,,,
594,36.42154275,127.4906335,36.421629,127.489791,75.98899396,daejeon_exp_20260129_205304,30,40,80,30,0,TRUE,0,39.16,0.7,38,success,,,,,,,
595,36.25544937,127.4017918,36.254596,127.400596,143.17856,daejeon_exp_20260129_205304,30,40,80,30,0,TRUE,0,36.25,0.67,35,success,,,,,,,
596,36.26287654,127.3266397,36.262917,127.326302,30.61430805,daejeon_exp_20260129_205304,30,40,80,30,0,TRUE,0,36.1,0.68,35,success,,,,,,,
597,36.36240526,127.4544792,36.361506,127.452851,176.7925944,daejeon_exp_20260129_205304,30,40,80,30,0,TRUE,0,42.97,0.68,38,success,,,,,,,
598,36.2422977,127.399398,36.241802,127.398243,117.3309651,daejeon_exp_20260129_205304,30,40,80,30,0,TRUE,0,36.16,0.67,35,success,,,,,,,
599,36.27932134,127.2853496,36.28134,127.286356,241.9125652,daejeon_exp_20260129_205304,30,40,80,30,0,TRUE,0,37.1,0.68,36,success,,,,,,,
600,36.25245691,127.3060308,36.252969,127.306452,68.3290811,daejeon_exp_20260129_205304,30,40,80,30,0,TRUE,0,36.12,0.68,35,success,,,,,,,
601,36.39039823,127.5181825,36.390342,127.518378,18.58341999,daejeon_exp_20260129_205304,30,40,80,30,0,TRUE,0,40.17,0.68,39,success,,,,,,,
602,36.29530905,127.3422573,36.295519,127.342184,24.25071457,daejeon_exp_20260129_205304,30,40,80,30,0,TRUE,0,37.16,0.66,36,success,,,,,,,
603,36.3270057,127.2648994,36.327033,127.265462,50.49532935,daejeon_exp_20260129_205304,30,40,80,30,0,TRUE,0,37.16,0.68,36,success,,,,,,,
604,36.3831867,127.5172798,36.383309,127.518673,125.4614152,daejeon_exp_20260129_205304,30,40,80,30,0,TRUE,0,40.14,0.68,39,success,,,,,,,
605,36.37388385,127.3263412,36.373899,127.326387,4.433308364,daejeon_exp_20260129_205304,30,40,80,30,0,TRUE,0,39.13,0.67,38,success,,,,,,,
606,36.36363253,127.3640516,36.362574,127.364841,137.2956691,daejeon_exp_20260129_205304,30,40,80,30,0,TRUE,0,39.08,0.68,37,success,,,,,,,
607,36.41927644,127.5235692,36.419235,127.523561,4.66598104,daejeon_exp_20260129_205304,30,40,80,30,0,TRUE,0,40.98,0.69,39,success,,,,,,,
608,36.28886971,127.3013808,36.28996,127.30322,204.62123,daejeon_exp_20260129_205304,30,40,80,30,0,TRUE,0,37.15,0.68,36,success,,,,,,,
609,36.25826905,127.4792204,36.258294,127.479153,6.646731958,daejeon_exp_20260129_205304,30,40,80,30,0,TRUE,0,37.12,0.68,36,success,,,,,,,
610,36.29591628,127.3689806,36.296038,127.369191,23.20733494,daejeon_exp_20260129_205304,30,40,80,30,0,TRUE,0,36.81,0.67,35,success,,,,,,,
611,36.33288989,127.4515698,36.332515,127.451083,60.32751361,daejeon_exp_20260129_205304,30,40,80,30,0,TRUE,0,38.19,0.71,36,success,,,,,,,
612,36.26152124,127.3144542,36.261205,127.315128,69.89778307,daejeon_exp_20260129_205304,30,40,80,30,0,TRUE,0,40.06,0.68,35,success,,,,,,,
613,36.42509505,127.4251123,36.425113,127.425058,5.25384,daejeon_exp_20260129_205304,30,40,80,30,0,TRUE,0,40.15,0.69,39,success,,,,,,,
614,36.41468242,127.2951727,36.41468,127.295165,0.739441708,daejeon_exp_20260129_205304,30,40,80,30,0,TRUE,0,38.15,0.71,37,success,,,,,,,
615,36.33509139,127.3302523,36.336137,127.33025,116.2668868,daejeon_exp_20260129_205304,30,40,80,30,0,TRUE,0,37.16,0.68,36,success,,,,,,,
616,36.23689637,127.451565,36.236121,127.453969,232.2057264,daejeon_exp_20260129_205304,30,40,80,30,0,TRUE,0,37.38,0.68,36,success,,,,,,,
617,36.4357861,127.4701847,36.435692,127.470366,19.30053368,daejeon_exp_20260129_205304,30,40,80,30,0,TRUE,0,39.56,0.68,38,success,,,,,,,
618,36.3731606,127.412757,36.373714,127.412513,65.29871332,daejeon_exp_20260129_205304,30,40,80,30,0,TRUE,0,39.16,0.69,38,success,,,,,,,
619,36.23384937,127.4139821,36.234045,127.414495,50.88756125,daejeon_exp_20260129_205304,30,40,80,30,0,TRUE,0,36.11,0.7,35,success,,,,,,,
620,36.37702898,127.3318379,36.377088,127.330872,86.72459127,daejeon_exp_20260129_205304,30,40,80,30,0,TRUE,0,39.99,0.68,38,success,,,,,,,
621,36.30090207,127.3216032,36.300921,127.321667,6.091945079,daejeon_exp_20260129_205304,30,40,80,30,0,TRUE,0,38.15,0.68,37,success,,,,,,,
622,36.42354024,127.4547551,36.423349,127.454607,25.05744701,daejeon_exp_20260129_205304,30,40,80,30,0,TRUE,0,39.16,0.68,38,success,,,,,,,
623,36.34407108,127.3387207,36.344108,127.338594,12.07115127,daejeon_exp_20260129_205304,30,40,80,30,0,TRUE,0,37.58,0.68,36,success,,,,,,,
624,36.21440986,127.4117182,36.213286,127.41276,156.0534903,daejeon_exp_20260129_205304,30,40,80,30,0,TRUE,0,36.12,0.69,35,success,,,,,,,
625,36.34206603,127.3951498,36.341811,127.395452,39.20028367,daejeon_exp_20260129_205304,30,40,80,30,0,TRUE,0,37.13,0.7,36,success,,,,,,,
626,36.3023848,127.3165069,36.30241,127.316495,2.997432599,daejeon_exp_20260129_205304,30,40,80,30,0,TRUE,0,38.47,0.7,37,success,,,,,,,
627,36.42187879,127.4520514,36.421353,127.453085,109.4116296,daejeon_exp_20260129_205304,30,40,80,30,0,TRUE,0,39.13,0.68,38,success,,,,,,,
628,36.28445332,127.2599354,36.284559,127.259577,34.20582058,daejeon_exp_20260129_205304,30,40,80,30,0,TRUE,0,41.35,0.7,36,success,,,,,,,
629,36.43627294,127.4036591,36.436245,127.403693,4.343147305,daejeon_exp_20260129_205304,30,40,80,30,0,TRUE,0,38.21,0.7,37,success,,,,,,,
630,36.36829035,127.3341271,36.368012,127.334024,32.29866374,daejeon_exp_20260129_205304,30,40,80,30,0,TRUE,0,39.12,0.69,38,success,,,,,,,
631,36.31476934,127.3450527,36.3148,127.345705,58.54132018,daejeon_exp_20260129_205304,30,40,80,30,0,TRUE,0,38.14,0.7,37,success,,,,,,,
632,36.38639143,127.3410447,36.385765,127.339475,156.8272895,daejeon_exp_20260129_205304,30,40,80,30,0,TRUE,0,39.16,0.68,38,success,,,,,,,
633,36.27549326,127.4529536,36.274623,127.455387,238.6363586,daejeon_exp_20260129_205304,30,40,80,30,0,TRUE,0,39.61,0.68,35,success,,,,,,,
634,36.23297384,127.3527751,36.231778,127.350874,216.2328825,daejeon_exp_20260129_205304,30,40,80,30,0,TRUE,0,36.16,0.7,35,success,,,,,,,
635,36.31414185,127.4763372,36.314391,127.474873,134.0842463,daejeon_exp_20260129_205304,30,40,80,30,0,TRUE,0,37.2,0.7,36,success,,,,,,,
636,36.2669169,127.3222388,36.268149,127.321473,153.2432513,daejeon_exp_20260129_205304,30,40,80,30,0,TRUE,0,37.01,0.67,35,success,,,,,,,
637,36.46450344,127.3617142,36.464504,127.361708,0.554613444,daejeon_exp_20260129_205304,30,40,80,30,0,TRUE,0,38.13,0.68,37,success,,,,,,,
638,36.36453779,127.3804271,36.364708,127.380428,18.9262053,daejeon_exp_20260129_205304,30,40,80,30,0,TRUE,0,39.2,0.72,38,success,,,,,,,
639,36.36088326,127.4330307,36.36082,127.432872,15.85293273,daejeon_exp_20260129_205304,30,40,80,30,0,TRUE,0,40.15,0.7,39,success,,,,,,,
640,36.34587943,127.3331427,36.345197,127.33348,81.67543434,daejeon_exp_20260129_205304,30,40,80,30,0,TRUE,0,37.98,0.67,36,success,,,,,,,
641,36.24522003,127.317366,36.245559,127.31828,90.21636061,daejeon_exp_20260129_205304,30,40,80,30,0,TRUE,0,36.24,0.69,35,success,,,,,,,
642,36.31076266,127.3661963,36.310753,127.366653,40.93522996,daejeon_exp_20260129_205304,30,40,80,30,0,TRUE,0,36.1,0.7,35,success,,,,,,,
643,36.31912601,127.2933653,36.319902,127.295124,179.6479946,daejeon_exp_20260129_205304,30,40,80,30,0,TRUE,0,48.58,0.7,36,success,,,,,,,
644,36.40298488,127.4042845,36.403,127.404445,14.46477877,daejeon_exp_20260129_205304,30,40,80,30,0,TRUE,0,40.17,0.68,39,success,,,,,,,
645,36.46215808,127.4716713,36.462773,127.471962,73.14983768,daejeon_exp_20260129_205304,30,40,80,30,0,TRUE,0,40.23,0.7,39,success,,,,,,,
646,36.27230714,127.2756129,36.272637,127.275701,37.51865326,daejeon_exp_20260129_205304,30,40,80,30,0,TRUE,0,37.16,0.68,36,success,,,,,,,
647,36.43030395,127.3862265,36.430514,127.386269,23.66388447,daejeon_exp_20260129_205304,30,40,80,30,0,TRUE,0,38.17,0.7,37,success,,,,,,,
648,36.41144548,127.3167855,36.413579,127.316216,242.6490798,daejeon_exp_20260129_205304,30,40,80,30,0,TRUE,0,38.14,0.7,37,success,,,,,,,
649,36.37393246,127.5106424,36.37399,127.510369,25.30183134,daejeon_exp_20260129_205304,30,40,80,30,0,TRUE,0,39.18,0.69,38,success,,,,,,,
650,36.31998378,127.3626124,36.320365,127.364435,168.7062068,daejeon_exp_20260129_205304,30,40,80,30,0,TRUE,0,37.17,0.71,36,success,,,,,,,
651,36.46582096,127.3966562,36.46589,127.396526,13.94293575,daejeon_exp_20260129_205304,30,40,80,30,0,TRUE,0,39.55,0.7,38,success,,,,,,,
652,36.28235072,127.4206495,36.282737,127.421586,94.29227415,daejeon_exp_20260129_205304,30,40,80,30,0,TRUE,0,37.12,0.68,36,success,,,,,,,
653,36.38174422,127.3999465,36.381035,127.399953,78.86441374,daejeon_exp_20260129_205304,30,40,80,30,0,TRUE,0,39.18,0.7,38,success,,,,,,,
654,36.22875391,127.4553726,36.228742,127.455351,2.345803908,daejeon_exp_20260129_205304,30,40,80,30,0,TRUE,0,37.15,0.69,36,success,,,,,,,
655,36.35163772,127.3099656,36.349966,127.308221,242.8263463,daejeon_exp_20260129_205304,30,40,80,30,0,TRUE,0,38.14,0.69,37,success,,,,,,,
656,36.42613626,127.3919849,36.4261,127.391962,4.524467817,daejeon_exp_20260129_205304,30,40,80,30,0,TRUE,0,38.47,0.69,37,success,,,,,,,
657,36.27169851,127.3882195,36.270614,127.388718,128.6062323,daejeon_exp_20260129_205304,30,40,80,30,0,TRUE,0,36.13,0.7,35,success,,,,,,,
658,36.40739164,127.4025269,36.407379,127.402515,1.761223477,daejeon_exp_20260129_205304,30,40,80,30,0,TRUE,0,40.32,0.7,39,success,,,,,,,
659,36.22266194,127.4294814,36.222951,127.429905,49.76826688,daejeon_exp_20260129_205304,30,40,80,30,0,TRUE,0,37.19,0.71,36,success,,,,,,,
660,36.32278283,127.3960712,36.322739,127.395884,17.46850543,daejeon_exp_20260129_205304,30,40,80,30,0,TRUE,0,37.81,0.76,36,success,,,,,,,
661,36.23074389,127.4497863,36.230784,127.448975,72.90555695,daejeon_exp_20260129_205304,30,40,80,30,0,TRUE,0,37.23,0.69,36,success,,,,,,,
662,36.43425939,127.3687737,36.434164,127.368617,17.5803261,daejeon_exp_20260129_205304,30,40,80,30,0,TRUE,0,38.19,0.77,37,success,,,,,,,
663,36.31074668,127.4613093,36.311022,127.461693,46.03749355,daejeon_exp_20260129_205304,30,40,80,30,0,TRUE,0,37.13,0.75,36,success,,,,,,,
664,36.27522506,127.3656601,36.276027,127.365377,92.71388454,daejeon_exp_20260129_205304,30,40,80,30,0,TRUE,0,36.15,0.71,35,success,,,,,,,
665,36.37122477,127.4516951,36.371109,127.451633,14.02163309,daejeon_exp_20260129_205304,30,40,80,30,0,TRUE,0,40.17,0.72,39,success,,,,,,,
666,36.44108328,127.3441196,36.442755,127.342445,238.733154,daejeon_exp_20260129_205304,30,40,80,30,0,TRUE,0,38.19,0.7,37,success,,,,,,,
667,36.4176797,127.3138665,36.417292,127.313361,62.48735291,daejeon_exp_20260129_205304,30,40,80,30,0,TRUE,0,38.79,0.88,37,success,,,,,,,
668,36.31235208,127.4261088,36.312226,127.426948,76.48578655,daejeon_exp_20260129_205304,30,40,80,30,0,TRUE,0,36.13,0.66,35,success,,,,,,,
669,36.33772441,127.3385654,36.337724,127.338538,2.45559335,daejeon_exp_20260129_205304,30,40,80,30,0,TRUE,0,37.14,0.67,36,success,,,,,,,
670,36.39247957,127.3171088,36.391626,127.315219,193.9605523,daejeon_exp_20260129_205304,30,40,80,30,0,TRUE,0,39.14,0.69,38,success,,,,,,,
671,36.41098208,127.2966629,36.410932,127.296433,21.31085018,daejeon_exp_20260129_205304,30,40,80,30,0,TRUE,0,39.74,0.67,37,success,,,,,,,
672,36.39080291,127.3936311,36.390816,127.393629,1.466897624,daejeon_exp_20260129_205304,30,40,80,30,0,TRUE,0,39.13,0.7,38,success,,,,,,,
673,36.42032985,127.46282,36.422079,127.46108,249.1352356,daejeon_exp_20260129_205304,30,40,80,30,0,TRUE,0,39.12,0.67,38,success,,,,,,,
674,36.32131123,127.3692574,36.321093,127.369241,24.31053143,daejeon_exp_20260129_205304,30,40,80,30,0,TRUE,0,40.69,0.67,36,success,,,,,,,
675,36.24957364,127.4292626,36.250081,127.431826,236.6850952,daejeon_exp_20260129_205304,30,40,80,30,0,TRUE,0,37.13,0.69,36,success,,,,,,,
676,36.34906305,127.3310567,36.349092,127.330954,9.744075525,daejeon_exp_20260129_205304,30,40,80,30,0,TRUE,0,37.11,0.67,36,success,,,,,,,
677,36.27490601,127.40025,36.274937,127.400414,15.09847544,daejeon_exp_20260129_205304,30,40,80,30,0,TRUE,0,36.44,0.78,35,success,,,,,,,
678,36.21046799,127.3349045,36.21084,127.336503,149.2559866,daejeon_exp_20260129_205304,30,40,80,30,0,TRUE,0,36.14,0.66,35,success,,,,,,,
679,36.36238138,127.4649797,36.362767,127.467229,205.9253889,daejeon_exp_20260129_205304,30,40,80,30,0,TRUE,0,38.11,0.69,37,success,,,,,,,
680,36.29152184,127.4441719,36.291537,127.44411,5.795870741,daejeon_exp_20260129_205304,30,40,80,30,0,TRUE,0,36.96,0.68,35,success,,,,,,,
681,36.2208448,127.4465354,36.220859,127.446143,35.23553231,daejeon_exp_20260129_205304,30,40,80,30,0,TRUE,0,38.15,0.7,36,success,,,,,,,
682,36.29811809,127.3491804,36.298202,127.34921,9.701262366,daejeon_exp_20260129_205304,30,40,80,30,0,TRUE,0,37.14,0.68,36,success,,,,,,,
683,36.30253734,127.3763735,36.302544,127.37625,11.09274814,daejeon_exp_20260129_205304,30,40,80,30,0,TRUE,0,36.08,0.69,35,success,,,,,,,
684,36.32924708,127.3238156,36.328491,127.323257,97.83832965,daejeon_exp_20260129_205304,30,40,80,30,0,TRUE,0,37.12,0.67,36,success,,,,,,,
685,36.4172282,127.3165696,36.416011,127.315693,156.4320937,daejeon_exp_20260129_205304,30,40,80,30,0,TRUE,0,38.18,0.68,37,success,,,,,,,
686,36.29336873,127.4597598,36.293131,127.459452,38.20788512,daejeon_exp_20260129_205304,30,40,80,30,0,TRUE,0,38.01,0.69,36,success,,,,,,,
687,36.33762602,127.484066,36.337672,127.482376,151.4589638,daejeon_exp_20260129_205304,30,40,80,30,0,TRUE,0,38.13,0.67,37,success,,,,,,,
688,36.39525584,127.3523048,36.395232,127.352332,3.596734016,daejeon_exp_20260129_205304,30,40,80,30,0,TRUE,0,40.02,0.68,38,success,,,,,,,
689,36.22187604,127.4363268,36.22039,127.436493,165.9107709,daejeon_exp_20260129_205304,30,40,80,30,0,TRUE,0,37.16,0.69,36,success,,,,,,,
690,36.37200768,127.4754905,36.371909,127.475526,11.42498804,daejeon_exp_20260129_205304,30,40,80,30,0,TRUE,0,38.14,0.67,37,success,,,,,,,
691,36.37051781,127.4752433,36.370665,127.474862,37.85790143,daejeon_exp_20260129_205304,30,40,80,30,0,TRUE,0,38.87,0.69,37,success,,,,,,,
692,36.43831904,127.4076366,36.438568,127.407349,37.79208422,daejeon_exp_20260129_205304,30,40,80,30,0,TRUE,0,38.13,0.69,37,success,,,,,,,
693,36.3528863,127.4277856,36.352898,127.427906,10.85955021,daejeon_exp_20260129_205304,30,40,80,30,0,TRUE,0,40.14,0.7,39,success,,,,,,,
694,36.33321292,127.3196475,36.332384,127.319644,92.17268387,daejeon_exp_20260129_205304,30,40,80,30,0,TRUE,0,37.13,0.68,36,success,,,,,,,
695,36.37523321,127.3597357,36.375072,127.359356,38.43294398,daejeon_exp_20260129_205304,30,40,80,30,0,TRUE,0,39.17,0.68,38,success,,,,,,,
696,36.39106832,127.3202142,36.391256,127.321477,114.940175,daejeon_exp_20260129_205304,30,40,80,30,0,TRUE,0,39.21,0.69,38,success,,,,,,,
697,36.31497776,127.4656281,36.314974,127.46559,3.436159447,daejeon_exp_20260129_205304,30,40,80,30,0,TRUE,0,37.11,0.68,36,success,,,,,,,
698,36.28668001,127.4065287,36.28669,127.406489,3.725858746,daejeon_exp_20260129_205304,30,40,80,30,0,TRUE,0,36.17,0.7,35,success,,,,,,,
699,36.28119597,127.4445066,36.281094,127.443952,50.99146208,daejeon_exp_20260129_205304,30,40,80,30,0,TRUE,0,36.15,0.68,35,success,,,,,,,
700,36.27324748,127.36476,36.274373,127.362713,222.1198263,daejeon_exp_20260129_205304,30,40,80,30,0,TRUE,0,36.26,0.7,35,success,,,,,,,
701,36.32479029,127.3071522,36.325193,127.307065,45.45504811,daejeon_exp_20260129_205304,30,40,80,30,0,TRUE,0,37.1,0.68,36,success,,,,,,,
702,36.28562645,127.3750352,36.285415,127.374788,32.30465873,daejeon_exp_20260129_205304,30,40,80,30,0,TRUE,0,36.16,0.69,35,success,,,,,,,
703,36.36556137,127.430847,36.365593,127.431015,15.44407202,daejeon_exp_20260129_205304,30,40,80,30,0,TRUE,0,39.19,0.69,38,success,,,,,,,
704,36.41990912,127.3464173,36.420054,127.346343,17.42873426,daejeon_exp_20260129_205304,30,40,80,30,0,TRUE,0,38.12,0.71,37,success,,,,,,,
705,36.27379214,127.4081439,36.27465,127.409134,130.2953789,daejeon_exp_20260129_205304,30,40,80,30,0,TRUE,0,41.29,0.71,36,success,,,,,,,
706,36.23486455,127.3092857,36.234938,127.309611,30.29418439,daejeon_exp_20260129_205304,30,40,80,30,0,TRUE,0,37.46,0.7,35,success,,,,,,,
707,36.30079306,127.3998956,36.300242,127.399769,62.31602595,daejeon_exp_20260129_205304,30,40,80,30,0,TRUE,0,36.14,0.68,35,success,,,,,,,
708,36.29454852,127.2897372,36.294707,127.289993,28.91224384,daejeon_exp_20260129_205304,30,40,80,30,0,TRUE,0,37.27,0.68,36,success,,,,,,,
709,36.38945769,127.3098066,36.389485,127.309894,8.394408757,daejeon_exp_20260129_205304,30,40,80,30,0,TRUE,0,39.75,0.68,38,success,,,,,,,
710,36.32548823,127.4349169,36.325486,127.434912,0.504138502,daejeon_exp_20260129_205304,30,40,80,30,0,TRUE,0,38.43,0.67,35,success,,,,,,,
711,36.4795025,127.4011775,36.479345,127.402151,88.77974087,daejeon_exp_20260129_205304,30,40,80,30,0,TRUE,0,39.25,0.69,38,success,,,,,,,
712,36.32135054,127.2715992,36.321775,127.272336,81.14456229,daejeon_exp_20260129_205304,30,40,80,30,0,TRUE,0,37.16,0.69,36,success,,,,,,,
713,36.33732824,127.3886238,36.337522,127.388876,31.21565973,daejeon_exp_20260129_205304,30,40,80,30,0,TRUE,0,37.11,0.69,36,success,,,,,,,
714,36.30687008,127.3664317,36.306802,127.366233,19.3492651,daejeon_exp_20260129_205304,30,40,80,30,0,TRUE,0,36.18,0.68,35,success,,,,,,,
715,36.40845101,127.4566964,36.408322,127.456144,51.47024426,daejeon_exp_20260129_205304,30,40,80,30,0,TRUE,0,39.14,0.7,38,success,,,,,,,
716,36.2810671,127.2829485,36.280966,127.280721,199.9850203,daejeon_exp_20260129_205304,30,40,80,30,0,TRUE,0,37.14,0.69,36,success,,,,,,,
717,36.3868076,127.2919755,36.38679,127.292035,5.671768059,daejeon_exp_20260129_205304,30,40,80,30,0,TRUE,0,38.09,0.68,37,success,,,,,,,
718,36.33120035,127.3759054,36.331291,127.375686,22.08712436,daejeon_exp_20260129_205304,30,40,80,30,0,TRUE,0,37.13,0.69,36,success,,,,,,,
719,36.25392805,127.401672,36.253899,127.401649,3.831434629,daejeon_exp_20260129_205304,30,40,80,30,0,TRUE,0,36.11,0.68,35,success,,,,,,,
720,36.33535467,127.427981,36.335521,127.427852,21.80953799,daejeon_exp_20260129_205304,30,40,80,30,0,TRUE,0,37.16,0.7,36,success,,,,,,,
721,36.27454141,127.4801861,36.276055,127.481039,184.8551171,daejeon_exp_20260129_205304,30,40,80,30,0,TRUE,0,37.13,0.69,36,success,,,,,,,
722,36.2952802,127.347013,36.296043,127.344843,212.1673296,daejeon_exp_20260129_205304,30,40,80,30,0,TRUE,0,37.44,0.68,36,success,,,,,,,
723,36.33103006,127.4528562,36.330382,127.453891,117.4117315,daejeon_exp_20260129_205304,30,40,80,30,0,TRUE,0,37.16,0.7,36,success,,,,,,,
724,36.33449717,127.4269996,36.33461,127.426907,15.03808119,daejeon_exp_20260129_205304,30,40,80,30,0,TRUE,0,37.84,0.7,36,success,,,,,,,
725,36.41857866,127.4796027,36.418473,127.479634,12.07795744,daejeon_exp_20260129_205304,30,40,80,30,0,TRUE,0,39.15,0.69,38,success,,,,,,,
726,36.40768271,127.2917502,36.407669,127.293322,140.6691122,daejeon_exp_20260129_205304,30,40,80,30,0,TRUE,0,38.95,0.67,37,success,,,,,,,
727,36.30628524,127.4156734,36.305559,127.414753,115.4275255,daejeon_exp_20260129_205304,30,40,80,30,0,TRUE,0,36.51,0.72,35,success,,,,,,,
728,36.39386123,127.4344655,36.393148,127.432974,155.279374,daejeon_exp_20260129_205304,30,40,80,30,0,TRUE,0,38.18,0.68,37,success,,,,,,,
729,36.45026454,127.4052697,36.450252,127.40533,5.568360018,daejeon_exp_20260129_205304,30,40,80,30,0,TRUE,0,38.84,0.69,37,success,,,,,,,
730,36.40483061,127.3961782,36.404831,127.39577,36.52890533,daejeon_exp_20260129_205304,30,40,80,30,0,TRUE,0,38.15,0.7,37,success,,,,,,,
731,36.30824924,127.3323023,36.308298,127.332386,9.257111795,daejeon_exp_20260129_205304,30,40,80,30,0,TRUE,0,38.12,0.67,37,success,,,,,,,
732,36.39665324,127.5326108,36.397054,127.531977,72.14030283,daejeon_exp_20260129_205304,30,40,80,30,0,TRUE,0,40.19,0.69,39,success,,,,,,,
733,36.35693621,127.3455473,36.35696,127.345553,2.693172367,daejeon_exp_20260129_205304,30,40,80,30,0,TRUE,0,39.18,0.71,38,success,,,,,,,
734,36.37644738,127.4043845,36.377011,127.403962,73.20067647,daejeon_exp_20260129_205304,30,40,80,30,0,TRUE,0,39.18,0.7,38,success,,,,,,,
735,36.35713401,127.3326535,36.357262,127.332698,14.78021941,daejeon_exp_20260129_205304,30,40,80,30,0,TRUE,0,39.14,0.68,38,success,,,,,,,
736,36.4651924,127.3675605,36.46531,127.36768,16.88961494,daejeon_exp_20260129_205304,30,40,80,30,0,TRUE,0,38.2,0.7,37,success,,,,,,,
737,36.37243867,127.4495644,36.371979,127.449469,51.82145784,daejeon_exp_20260129_205304,30,40,80,30,0,TRUE,0,40.16,0.68,39,success,,,,,,,
738,36.31955318,127.3469834,36.319553,127.347847,77.37272141,daejeon_exp_20260129_205304,30,40,80,30,0,TRUE,0,38.13,0.69,37,success,,,,,,,
739,36.34803943,127.4879555,36.347819,127.488528,56.82729867,daejeon_exp_20260129_205304,30,40,80,30,0,TRUE,0,38.24,0.69,37,success,,,,,,,
740,36.2975796,127.3548471,36.297513,127.354866,7.596398608,daejeon_exp_20260129_205304,30,40,80,30,0,TRUE,0,37.16,0.7,36,success,,,,,,,
741,36.21008033,127.3256688,36.210112,127.324795,78.47288634,daejeon_exp_20260129_205304,30,40,80,30,0,TRUE,0,36.12,0.68,35,success,,,,,,,
742,36.42658196,127.418405,36.426581,127.418361,3.942188471,daejeon_exp_20260129_205304,30,40,80,30,0,TRUE,0,40.12,0.68,39,success,,,,,,,
743,36.30882543,127.2711496,36.308639,127.270051,100.5984365,daejeon_exp_20260129_205304,30,40,80,30,0,TRUE,0,37.18,0.68,36,success,,,,,,,
744,36.23244221,127.3344249,36.232349,127.336635,198.4992327,daejeon_exp_20260129_205304,30,40,80,30,0,TRUE,0,36.13,0.7,35,success,,,,,,,
745,36.33364348,127.330541,36.332376,127.330534,140.9385195,daejeon_exp_20260129_205304,30,40,80,30,0,TRUE,0,37.16,0.68,36,success,,,,,,,
746,36.30207361,127.2945344,36.302,127.294327,20.3071595,daejeon_exp_20260129_205304,30,40,80,30,0,TRUE,0,38.01,0.68,36,success,,,,,,,
747,36.25308803,127.3061041,36.253134,127.306142,6.136716056,daejeon_exp_20260129_205304,30,40,80,30,0,TRUE,0,36.16,0.69,35,success,,,,,,,
748,36.2772295,127.4125888,36.276857,127.41266,41.90827186,daejeon_exp_20260129_205304,30,40,80,30,0,TRUE,0,37.12,0.68,36,success,,,,,,,
749,36.30985976,127.2615563,36.309559,127.262081,57.6995972,daejeon_exp_20260129_205304,30,40,80,30,0,TRUE,0,42.89,0.7,36,success,,,,,,,
750,36.3567308,127.3190218,36.356992,127.319665,64.50644711,daejeon_exp_20260129_205304,30,40,80,30,0,TRUE,0,38.14,0.7,37,success,,,,,,,
751,36.37029877,127.2921226,36.370091,127.291693,44.86533574,daejeon_exp_20260129_205304,30,40,80,30,0,TRUE,0,38.15,0.69,37,success,,,,,,,
752,36.31610497,127.4442294,36.316105,127.444216,1.199391964,daejeon_exp_20260129_205304,30,40,80,30,0,TRUE,0,41.55,0.69,36,success,,,,,,,
753,36.26435769,127.2925214,36.26431,127.292529,5.346310172,daejeon_exp_20260129_205304,30,40,80,30,0,TRUE,0,37.16,0.69,36,success,,,,,,,
754,36.20685534,127.3413797,36.206661,127.340999,40.41627998,daejeon_exp_20260129_205304,30,40,80,30,0,TRUE,0,36.18,0.68,35,success,,,,,,,
755,36.36759667,127.2902055,36.368335,127.290455,85.08456496,daejeon_exp_20260129_205304,30,40,80,30,0,TRUE,0,38.12,0.71,37,success,,,,,,,
756,36.3100497,127.3025645,36.310079,127.302424,13.00610884,daejeon_exp_20260129_205304,30,40,80,30,0,TRUE,0,37.15,0.67,36,success,,,,,,,
757,36.37113294,127.3575114,36.371456,127.35768,38.96671676,daejeon_exp_20260129_205304,30,40,80,30,0,TRUE,0,38.17,0.71,37,success,,,,,,,
758,36.42215535,127.3367509,36.420948,127.337397,146.1695586,daejeon_exp_20260129_205304,30,40,80,30,0,TRUE,0,38.16,0.68,37,success,,,,,,,
759,36.25681293,127.2855039,36.256899,127.285501,9.574465599,daejeon_exp_20260129_205304,30,40,80,30,0,TRUE,0,37.2,0.67,36,success,,,,,,,
760,36.37871696,127.4216343,36.378718,127.42163,0.40089025,daejeon_exp_20260129_205304,30,40,80,30,0,TRUE,0,39.19,0.79,38,success,,,,,,,
761,36.28430278,127.2964443,36.283662,127.295898,86.45505678,daejeon_exp_20260129_205304,30,40,80,30,0,TRUE,0,38.25,0.67,36,success,,,,,,,
762,36.33131887,127.4728117,36.33219,127.474416,173.3100288,daejeon_exp_20260129_205304,30,40,80,30,0,TRUE,0,38.42,0.66,36,success,,,,,,,
763,36.34721175,127.3795925,36.347171,127.379506,8.977754476,daejeon_exp_20260129_205304,30,40,80,30,0,TRUE,0,38.13,0.69,37,success,,,,,,,
764,36.46567692,127.3822073,36.46503,127.382265,72.11849361,daejeon_exp_20260129_205304,30,40,80,30,0,TRUE,0,39.19,0.69,38,success,,,,,,,
765,36.34477638,127.4114294,36.344755,127.411328,9.389831696,daejeon_exp_20260129_205304,30,40,80,30,0,TRUE,0,38.14,0.78,37,success,,,,,,,
766,36.35938435,127.430392,36.359524,127.430385,15.54086296,daejeon_exp_20260129_205304,30,40,80,30,0,TRUE,0,40.48,0.7,39,success,,,,,,,
767,36.43351134,127.3863689,36.43362,127.386422,12.98232162,daejeon_exp_20260129_205304,30,40,80,30,0,TRUE,0,38.19,0.7,37,success,,,,,,,
768,36.45232599,127.4223097,36.452486,127.422286,17.91845723,daejeon_exp_20260129_205304,30,40,80,30,0,TRUE,0,39.16,0.69,38,success,,,,,,,
769,36.33930099,127.3913263,36.339139,127.391118,25.93558043,daejeon_exp_20260129_205304,30,40,80,30,0,TRUE,0,37.11,0.68,36,success,,,,,,,
770,36.2997736,127.3807075,36.299455,127.380661,35.67046699,daejeon_exp_20260129_205304,30,40,80,30,0,TRUE,0,36.1,0.7,35,success,,,,,,,
771,36.36762786,127.3922988,36.367477,127.392179,19.91348943,daejeon_exp_20260129_205304,30,40,80,30,0,TRUE,0,39.12,0.69,38,success,,,,,,,
772,36.3174081,127.3510397,36.317521,127.350722,31.10979608,daejeon_exp_20260129_205304,30,40,80,30,0,TRUE,0,38.14,0.68,37,success,,,,,,,
773,36.35937152,127.4212292,36.359233,127.421237,15.41885407,daejeon_exp_20260129_205304,30,40,80,30,0,TRUE,0,39.14,0.69,38,success,,,,,,,
774,36.34774265,127.3382985,36.347764,127.338292,2.44384039,daejeon_exp_20260129_205304,30,40,80,30,0,TRUE,0,37.16,0.71,36,success,,,,,,,
775,36.24946836,127.4110634,36.248308,127.410077,156.4339467,daejeon_exp_20260129_205304,30,40,80,30,0,TRUE,0,36.1,0.69,35,success,,,,,,,
776,36.3185877,127.3262039,36.317626,127.324891,158.9712445,daejeon_exp_20260129_205304,30,40,80,30,0,TRUE,0,37.11,0.7,36,success,,,,,,,
777,36.38501458,127.489154,36.386368,127.488335,167.4034026,daejeon_exp_20260129_205304,30,40,80,30,0,TRUE,0,39.89,0.69,38,success,,,,,,,
778,36.29511345,127.4904282,36.2941,127.488166,231.9519212,daejeon_exp_20260129_205304,30,40,80,30,0,TRUE,0,38.17,0.69,36,success,,,,,,,
779,36.38397451,127.3647849,36.384161,127.364832,21.16126501,daejeon_exp_20260129_205304,30,40,80,30,0,TRUE,0,39.14,0.68,38,success,,,,,,,
780,36.33490935,127.3805826,36.334862,127.38064,7.359788411,daejeon_exp_20260129_205304,30,40,80,30,0,TRUE,0,37.19,0.69,36,success,,,,,,,
781,36.29108531,127.2678858,36.290989,127.268652,69.49713297,daejeon_exp_20260129_205304,30,40,80,30,0,TRUE,0,37.16,0.69,36,success,,,,,,,
782,36.42013686,127.4937749,36.419225,127.491414,234.3173327,daejeon_exp_20260129_205304,30,40,80,30,0,TRUE,0,43.2,0.7,38,success,,,,,,,
783,36.39194352,127.4496521,36.390865,127.449238,125.5223306,daejeon_exp_20260129_205304,30,40,80,30,0,TRUE,0,39.14,0.71,38,success,,,,,,,
784,36.38947856,127.4420451,36.389002,127.44131,84.4860812,daejeon_exp_20260129_205304,30,40,80,30,0,TRUE,0,38.16,0.7,37,success,,,,,,,
785,36.32498584,127.3240867,36.324861,127.324221,18.3683421,daejeon_exp_20260129_205304,30,40,80,30,0,TRUE,0,37.19,0.68,36,success,,,,,,,
786,36.38269562,127.426308,36.382732,127.426483,16.17624714,daejeon_exp_20260129_205304,30,40,80,30,0,TRUE,0,39.14,0.69,38,success,,,,,,,
787,36.28272911,127.2989798,36.282446,127.297172,165.0678535,daejeon_exp_20260129_205304,30,40,80,30,0,TRUE,0,37.14,0.69,36,success,,,,,,,
788,36.32622829,127.4792732,36.326261,127.478955,28.73999178,daejeon_exp_20260129_205304,30,40,80,30,0,TRUE,0,37.17,0.69,36,success,,,,,,,
789,36.32430141,127.3960564,36.324329,127.396045,3.23190804,daejeon_exp_20260129_205304,30,40,80,30,0,TRUE,0,37.22,0.68,36,success,,,,,,,
790,36.40246843,127.5364821,36.403803,127.536314,149.1582762,daejeon_exp_20260129_205304,30,40,80,30,0,TRUE,0,42.09,0.7,39,success,,,,,,,
791,36.27677534,127.4356542,36.278244,127.43565,163.3076821,daejeon_exp_20260129_205304,30,40,80,30,0,TRUE,0,39.75,0.7,36,success,,,,,,,
792,36.31561195,127.3268577,36.314166,127.326569,162.8491648,daejeon_exp_20260129_205304,30,40,80,30,0,TRUE,0,38.14,0.69,37,success,,,,,,,
793,36.29329679,127.3415858,36.293906,127.342117,82.79519841,daejeon_exp_20260129_205304,30,40,80,30,0,TRUE,0,37.15,0.67,36,success,,,,,,,
794,36.31150371,127.3167106,36.311808,127.316913,38.38819738,daejeon_exp_20260129_205304,30,40,80,30,0,TRUE,0,37.12,0.68,36,success,,,,,,,
795,36.4172695,127.3401715,36.417426,127.340663,47.29999669,daejeon_exp_20260129_205304,30,40,80,30,0,TRUE,0,38.1,0.68,37,success,,,,,,,
796,36.2456692,127.4233551,36.244962,127.423945,94.77401507,daejeon_exp_20260129_205304,30,40,80,30,0,TRUE,0,39.4,0.68,36,success,,,,,,,
797,36.38962456,127.3051474,36.389196,127.305301,49.59777106,daejeon_exp_20260129_205304,30,40,80,30,0,TRUE,0,39.14,0.67,38,success,,,,,,,
798,36.38143279,127.4121358,36.381419,127.412274,12.46955211,daejeon_exp_20260129_205304,30,40,80,30,0,TRUE,0,42.59,0.68,38,success,,,,,,,
799,36.3422912,127.4038542,36.342254,127.404155,27.25697664,daejeon_exp_20260129_205304,30,40,80,30,0,TRUE,0,37.12,0.68,36,success,,,,,,,
800,36.37074974,127.2987905,36.370567,127.299474,64.48488961,daejeon_exp_20260129_205304,30,40,80,30,0,TRUE,0,38.1,0.68,37,success,,,,,,,
801,36.27050462,127.4112646,36.269013,127.412432,196.1224634,daejeon_exp_20260129_205304,30,40,80,30,0,TRUE,0,37.55,0.68,36,success,,,,,,,
802,36.38768183,127.3045374,36.387721,127.304516,4.757320166,daejeon_exp_20260129_205304,30,40,80,30,0,TRUE,0,39.14,0.68,38,success,,,,,,,
803,36.27325285,127.3982304,36.273286,127.397568,59.4929748,daejeon_exp_20260129_205304,30,40,80,30,0,TRUE,0,36.8,0.68,35,success,,,,,,,
804,36.34382851,127.3053763,36.343733,127.305309,12.21008494,daejeon_exp_20260129_205304,30,40,80,30,0,TRUE,0,43.84,0.68,36,success,,,,,,,
805,36.30797994,127.4580459,36.307888,127.458145,13.54303997,daejeon_exp_20260129_205304,30,40,80,30,0,TRUE,0,37.11,0.68,36,success,,,,,,,
806,36.37920799,127.3196804,36.379151,127.319678,6.340882754,daejeon_exp_20260129_205304,30,40,80,30,0,TRUE,0,40.57,0.93,38,success,,,,,,,
807,36.45889311,127.3679922,36.458722,127.370321,209.1383542,daejeon_exp_20260129_205304,30,40,80,30,0,TRUE,0,39.49,0.68,38,success,,,,,,,
808,36.32013294,127.4700597,36.319828,127.470435,47.75258771,daejeon_exp_20260129_205304,30,40,80,30,0,TRUE,0,37.11,0.69,36,success,,,,,,,
809,36.41084861,127.4742374,36.410838,127.474431,17.36606134,daejeon_exp_20260129_205304,30,40,80,30,0,TRUE,0,40.1,0.68,38,success,,,,,,,
810,36.40263169,127.3554716,36.402633,127.355743,24.28829136,daejeon_exp_20260129_205304,30,40,80,30,0,TRUE,0,39.14,0.69,38,success,,,,,,,
811,36.31555747,127.3914441,36.315375,127.391514,21.23423179,daejeon_exp_20260129_205304,30,40,80,30,0,TRUE,0,37.14,0.68,36,success,,,,,,,
812,36.35295226,127.4347668,36.353035,127.434774,9.22321931,daejeon_exp_20260129_205304,30,40,80,30,0,TRUE,0,39.11,0.68,38,success,,,,,,,
813,36.26844185,127.2891029,36.267999,127.290037,97.14679747,daejeon_exp_20260129_205304,30,40,80,30,0,TRUE,0,41.97,0.69,37,success,,,,,,,
814,36.36026823,127.4454925,36.360302,127.445357,12.69981554,daejeon_exp_20260129_205304,30,40,80,30,0,TRUE,0,39.93,0.68,38,success,,,,,,,
815,36.41371671,127.3870964,36.413686,127.387119,3.966891357,daejeon_exp_20260129_205304,30,40,80,30,0,TRUE,0,38.18,0.67,37,success,,,,,,,
816,36.30973329,127.3784161,36.309795,127.378431,6.989797551,daejeon_exp_20260129_205304,30,40,80,30,0,TRUE,0,36.83,0.69,35,success,,,,,,,
817,36.36808812,127.2949457,36.367932,127.294835,19.99069788,daejeon_exp_20260129_205304,30,40,80,30,0,TRUE,0,38.1,0.68,37,success,,,,,,,
818,36.39313324,127.3979611,36.393134,127.398191,20.57661727,daejeon_exp_20260129_205304,30,40,80,30,0,TRUE,0,39.14,0.68,38,success,,,,,,,
819,36.30385223,127.2661575,36.304108,127.267128,91.49671963,daejeon_exp_20260129_205304,30,40,80,30,0,TRUE,0,41.42,0.68,36,success,,,,,,,
820,36.29947335,127.3913513,36.300195,127.392435,125.9812778,daejeon_exp_20260129_205304,30,40,80,30,0,TRUE,0,36.11,0.68,35,success,,,,,,,
821,36.4150622,127.3236592,36.414589,127.323544,53.61744875,daejeon_exp_20260129_205304,30,40,80,30,0,TRUE,0,38.11,0.69,37,success,,,,,,,
822,36.46244177,127.3627006,36.462445,127.362656,4.004480468,daejeon_exp_20260129_205304,30,40,80,30,0,TRUE,0,38.13,0.67,37,success,,,,,,,
823,36.3972822,127.393181,36.397113,127.393245,19.6671753,daejeon_exp_20260129_205304,30,40,80,30,0,TRUE,0,39.15,0.67,38,success,,,,,,,
824,36.27889343,127.4625536,36.278792,127.463316,69.26488147,daejeon_exp_20260129_205304,30,40,80,30,0,TRUE,0,36.15,0.66,35,success,,,,,,,
825,36.37057862,127.4202483,36.370611,127.420537,26.09925982,daejeon_exp_20260129_205304,30,40,80,30,0,TRUE,0,39.13,0.67,38,success,,,,,,,
826,36.40295296,127.4920652,36.403061,127.491517,50.50827545,daejeon_exp_20260129_205304,30,40,80,30,0,TRUE,0,39.16,0.73,38,success,,,,,,,
827,36.27352639,127.4256497,36.274174,127.426133,84.03843302,daejeon_exp_20260129_205304,30,40,80,30,0,TRUE,0,37.11,0.66,36,success,,,,,,,
828,36.40041733,127.3174949,36.400546,127.317382,17.51540505,daejeon_exp_20260129_205304,30,40,80,30,0,TRUE,0,46.16,0.68,38,success,,,,,,,
829,36.30770033,127.4793009,36.307833,127.479882,54.11827674,daejeon_exp_20260129_205304,30,40,80,30,0,TRUE,0,37.17,0.69,36,success,,,,,,,
830,36.37722251,127.3486115,36.37532,127.347495,233.9769578,daejeon_exp_20260129_205304,30,40,80,30,0,TRUE,0,39.12,0.68,38,success,,,,,,,
831,36.26876828,127.4760289,36.26883,127.475806,21.12936678,daejeon_exp_20260129_205304,30,40,80,30,0,TRUE,0,37.05,0.67,35,success,,,,,,,
832,36.4815131,127.3625529,36.481071,127.36396,135.0698349,daejeon_exp_20260129_205304,30,40,80,30,0,TRUE,0,38.12,0.69,37,success,,,,,,,
833,36.29358168,127.4646784,36.294086,127.463216,142.558675,daejeon_exp_20260129_205304,30,40,80,30,0,TRUE,0,37.11,0.73,36,success,,,,,,,
834,36.30480777,127.3896596,36.304783,127.389659,2.754645223,daejeon_exp_20260129_205304,30,40,80,30,0,TRUE,0,37.13,0.68,36,success,,,,,,,
835,36.37262239,127.43983,36.372732,127.439624,22.1042885,daejeon_exp_20260129_205304,30,40,80,30,0,TRUE,0,38.15,0.69,37,success,,,,,,,
836,36.31166067,127.2640824,36.31165,127.264028,5.016443883,daejeon_exp_20260129_205304,30,40,80,30,0,TRUE,0,37.15,0.67,36,success,,,,,,,
837,36.28765798,127.2979143,36.28734,127.298227,45.11723311,daejeon_exp_20260129_205304,30,40,80,30,0,TRUE,0,37.12,0.68,36,success,,,,,,,
838,36.28889189,127.3351975,36.28966,127.334613,100.1948395,daejeon_exp_20260129_205304,30,40,80,30,0,TRUE,0,37.13,0.69,36,success,,,,,,,
839,36.36174345,127.3969952,36.361261,127.396601,64.21728928,daejeon_exp_20260129_205304,30,40,80,30,0,TRUE,0,39.14,0.79,38,success,,,,,,,
840,36.26173121,127.4141972,36.262681,127.413864,109.7558827,daejeon_exp_20260129_205304,30,40,80,30,0,TRUE,0,37.23,0.69,36,success,,,,,,,
841,36.38307967,127.423823,36.38328,127.425273,131.7030222,daejeon_exp_20260129_205304,30,40,80,30,0,TRUE,0,40.02,0.68,38,success,,,,,,,
842,36.41025592,127.4833915,36.4116,127.484692,189.421865,daejeon_exp_20260129_205304,30,40,80,30,0,TRUE,0,39.15,0.75,38,success,,,,,,,
843,36.23913316,127.4693436,36.239304,127.468969,38.59838442,daejeon_exp_20260129_205304,30,40,80,30,0,TRUE,0,37.14,0.68,36,success,,,,,,,
844,36.28019096,127.3884879,36.281869,127.39029,246.7955205,daejeon_exp_20260129_205304,30,40,80,30,0,TRUE,0,39.5,0.71,35,success,,,,,,,
845,36.404961,127.4111879,36.404957,127.411186,0.476461479,daejeon_exp_20260129_205304,30,40,80,30,0,TRUE,0,40.21,0.69,39,success,,,,,,,
846,36.3488949,127.327934,36.348642,127.327934,28.12121663,daejeon_exp_20260129_205304,30,40,80,30,0,TRUE,0,37.15,0.67,36,success,,,,,,,
847,36.34461147,127.4447374,36.344485,127.44483,16.32662487,daejeon_exp_20260129_205304,30,40,80,30,0,TRUE,0,38.16,0.68,37,success,,,,,,,
848,36.31710318,127.3320319,36.317077,127.332231,18.07020685,daejeon_exp_20260129_205304,30,40,80,30,0,TRUE,0,38.12,0.71,37,success,,,,,,,
849,36.40940254,127.38146,36.409039,127.381039,55.25891365,daejeon_exp_20260129_205304,30,40,80,30,0,TRUE,0,39.65,0.71,37,success,,,,,,,
850,36.34320996,127.4840794,36.343645,127.482961,111.2389377,daejeon_exp_20260129_205304,30,40,80,30,0,TRUE,0,38.12,0.7,37,success,,,,,,,
851,36.47910953,127.3631973,36.479037,127.363248,9.252088176,daejeon_exp_20260129_205304,30,40,80,30,0,TRUE,0,38.2,0.69,37,success,,,,,,,
852,36.27586751,127.4772244,36.27574,127.477013,23.66689176,daejeon_exp_20260129_205304,30,40,80,30,0,TRUE,0,37.11,0.71,36,success,,,,,,,
853,36.30594819,127.3149106,36.3055,127.315242,58.01408984,daejeon_exp_20260129_205304,30,40,80,30,0,TRUE,0,37.22,0.7,36,success,,,,,,,
854,36.34366669,127.4914673,36.343025,127.490886,88.32730202,daejeon_exp_20260129_205304,30,40,80,30,0,TRUE,0,38.15,0.69,37,success,,,,,,,
855,36.40842875,127.440884,36.407491,127.440267,117.9902864,daejeon_exp_20260129_205304,30,40,80,30,0,TRUE,0,40.52,0.69,38,success,,,,,,,
856,36.44874872,127.4522147,36.448748,127.452213,0.172762136,daejeon_exp_20260129_205304,30,40,80,30,0,TRUE,0,39.2,0.7,38,success,,,,,,,
857,36.28316165,127.308514,36.282953,127.30868,27.56410505,daejeon_exp_20260129_205304,30,40,80,30,0,TRUE,0,37.14,0.69,36,success,,,,,,,
858,36.26571869,127.2984946,36.26468,127.298474,115.5123266,daejeon_exp_20260129_205304,30,40,80,30,0,TRUE,0,37.11,0.69,36,success,,,,,,,
859,36.35760883,127.3291085,36.357326,127.329232,33.33734045,daejeon_exp_20260129_205304,30,40,80,30,0,TRUE,0,41.91,0.69,37,success,,,,,,,
860,36.31569858,127.3872531,36.31571,127.387249,1.321040383,daejeon_exp_20260129_205304,30,40,80,30,0,TRUE,0,37.14,0.69,36,success,,,,,,,
861,36.29463565,127.3563531,36.294727,127.35641,11.36818379,daejeon_exp_20260129_205304,30,40,80,30,0,TRUE,0,36.13,0.69,35,success,,,,,,,
862,36.40437915,127.3119471,36.404388,127.311913,3.203496844,daejeon_exp_20260129_205304,30,40,80,30,0,TRUE,0,38.11,0.7,37,success,,,,,,,
863,36.25151619,127.3115067,36.251196,127.311435,36.17912311,daejeon_exp_20260129_205304,30,40,80,30,0,TRUE,0,36.14,0.68,35,success,,,,,,,
864,36.39970167,127.4894403,36.399766,127.491393,174.9172228,daejeon_exp_20260129_205304,30,40,80,30,0,TRUE,0,39.16,0.7,38,success,,,,,,,
865,36.28000774,127.3971588,36.279975,127.397121,4.971729427,daejeon_exp_20260129_205304,30,40,80,30,0,TRUE,0,36.14,0.7,35,success,,,,,,,
866,36.30529522,127.3128677,36.305145,127.312808,17.53940254,daejeon_exp_20260129_205304,30,40,80,30,0,TRUE,0,37.12,0.69,36,success,,,,,,,
867,36.28108201,127.2692613,36.281078,127.269225,3.286904709,daejeon_exp_20260129_205304,30,40,80,30,0,TRUE,0,37.1,0.69,36,success,,,,,,,
868,36.39231872,127.3720364,36.391786,127.371717,65.77348752,daejeon_exp_20260129_205304,30,40,80,30,0,TRUE,0,39.14,0.71,38,success,,,,,,,
869,36.36133471,127.3675415,36.361123,127.367541,23.54135201,daejeon_exp_20260129_205304,30,40,80,30,0,TRUE,0,38.21,0.69,37,success,,,,,,,
870,36.20655732,127.4331468,36.206491,127.433238,11.01728703,daejeon_exp_20260129_205304,30,40,80,30,0,TRUE,0,38.21,0.69,37,success,,,,,,,
871,36.44515604,127.4283517,36.445134,127.428352,2.451041575,daejeon_exp_20260129_205304,30,40,80,30,0,TRUE,0,39.15,0.69,38,success,,,,,,,
872,36.27700469,127.4927476,36.276016,127.491144,180.9731778,daejeon_exp_20260129_205304,30,40,80,30,0,TRUE,0,37.12,0.74,36,success,,,,,,,
873,36.32310086,127.3240938,36.323508,127.323932,47.53702438,daejeon_exp_20260129_205304,30,40,80,30,0,TRUE,0,37.14,0.68,36,success,,,,,,,
874,36.33232841,127.353446,36.332263,127.353445,7.273749441,daejeon_exp_20260129_205304,30,40,80,30,0,TRUE,0,38.12,0.68,36,success,,,,,,,
875,36.33593986,127.2992761,36.336057,127.299464,21.28436876,daejeon_exp_20260129_205304,30,40,80,30,0,TRUE,0,40.37,0.69,36,success,,,,,,,
876,36.48053932,127.3851659,36.480579,127.385202,5.466340571,daejeon_exp_20260129_205304,30,40,80,30,0,TRUE,0,38.14,0.71,37,success,,,,,,,
877,36.38871793,127.2853283,36.388358,127.28521,41.40055522,daejeon_exp_20260129_205304,30,40,80,30,0,TRUE,0,38.12,0.7,37,success,,,,,,,
878,36.24228084,127.2821953,36.243097,127.283415,142.1298284,daejeon_exp_20260129_205304,30,40,80,30,0,TRUE,0,36.13,0.69,35,success,,,,,,,
879,36.34945809,127.3630775,36.349396,127.363612,48.3621152,daejeon_exp_20260129_205304,30,40,80,30,0,TRUE,0,37.13,0.69,36,success,,,,,,,
880,36.44566026,127.3812892,36.445162,127.380994,61.37573988,daejeon_exp_20260129_205304,30,40,80,30,0,TRUE,0,38.14,0.69,37,success,,,,,,,
881,36.4149256,127.3956809,36.414316,127.395049,88.27486219,daejeon_exp_20260129_205304,30,40,80,30,0,TRUE,0,38.1,0.7,37,success,,,,,,,
882,36.37238856,127.3565222,36.372389,127.356516,0.554963588,daejeon_exp_20260129_205304,30,40,80,30,0,TRUE,0,38.19,0.69,37,success,,,,,,,
883,36.39458455,127.4304707,36.394219,127.430511,40.80720718,daejeon_exp_20260129_205304,30,40,80,30,0,TRUE,0,38.16,0.7,37,success,,,,,,,
884,36.34448965,127.4079752,36.344777,127.407185,77.64903727,daejeon_exp_20260129_205304,30,40,80,30,0,TRUE,0,38.11,0.69,37,success,,,,,,,
885,36.32555495,127.4340658,36.325611,127.434218,14.99131605,daejeon_exp_20260129_205304,30,40,80,30,0,TRUE,0,37.01,0.71,35,success,,,,,,,
886,36.30311511,127.2756716,36.302396,127.273861,180.8885334,daejeon_exp_20260129_205304,30,40,80,30,0,TRUE,0,37.13,0.68,36,success,,,,,,,
887,36.44588372,127.3568443,36.445287,127.356309,81.82202354,daejeon_exp_20260129_205304,30,40,80,30,0,TRUE,0,38.17,0.69,37,success,,,,,,,
888,36.28083847,127.4669924,36.280797,127.466994,4.613587802,daejeon_exp_20260129_205304,30,40,80,30,0,TRUE,0,36.23,0.68,35,success,,,,,,,
889,36.37430201,127.4254879,36.374286,127.42538,9.825201789,daejeon_exp_20260129_205304,30,40,80,30,0,TRUE,0,39.15,0.71,38,success,,,,,,,
890,36.3323212,127.4849429,36.332273,127.484885,7.457350466,daejeon_exp_20260129_205304,30,40,80,30,0,TRUE,0,41.56,0.69,37,success,,,,,,,
891,36.40943229,127.4602054,36.409017,127.460439,50.6879222,daejeon_exp_20260129_205304,30,40,80,30,0,TRUE,0,39.13,0.7,38,success,,,,,,,
892,36.36628267,127.3848445,36.366659,127.38496,43.10428907,daejeon_exp_20260129_205304,30,40,80,30,0,TRUE,0,39.17,0.7,38,success,,,,,,,
893,36.35615868,127.3760129,36.356046,127.376013,12.52973891,daejeon_exp_20260129_205304,30,40,80,30,0,TRUE,0,38.15,0.7,37,success,,,,,,,
894,36.36187309,127.3810228,36.361628,127.380728,37.93932448,daejeon_exp_20260129_205304,30,40,80,30,0,TRUE,0,39.14,0.68,38,success,,,,,,,
895,36.20654453,127.3442864,36.205467,127.341884,246.6131789,daejeon_exp_20260129_205304,30,40,80,30,0,TRUE,0,36.17,0.69,35,success,,,,,,,
896,36.32150611,127.3291866,36.322011,127.32887,62.89816181,daejeon_exp_20260129_205304,30,40,80,30,0,TRUE,0,37.14,0.69,36,success,,,,,,,
897,36.48822194,127.3902626,36.489829,127.390145,179.0058445,daejeon_exp_20260129_205304,30,40,80,30,0,TRUE,0,39.17,0.68,38,success,,,,,,,
898,36.22208994,127.3456325,36.221825,127.346068,48.93192417,daejeon_exp_20260129_205304,30,40,80,30,0,TRUE,0,51.92,0.68,36,success,,,,,,,
899,36.40185682,127.3872908,36.401502,127.387612,48.81356765,daejeon_exp_20260129_205304,30,40,80,30,0,TRUE,0,39.13,0.68,38,success,,,,,,,
900,36.25942425,127.343753,36.258752,127.345578,179.8999851,daejeon_exp_20260129_205304,30,40,80,30,0,TRUE,0,36.12,0.69,35,success,,,,,,,
901,36.44960675,127.4043386,36.449916,127.404758,50.88941066,daejeon_exp_20260129_205304,30,40,80,30,0,TRUE,0,38.13,0.68,37,success,,,,,,,
902,36.29305368,127.2816653,36.292367,127.282455,104.1147435,daejeon_exp_20260129_205304,30,40,80,30,0,TRUE,0,38.07,0.68,36,success,,,,,,,
903,36.34592681,127.3273204,36.346549,127.327916,87.36330707,daejeon_exp_20260129_205304,30,40,80,30,0,TRUE,0,37.16,0.66,36,success,,,,,,,
904,36.41720608,127.5328892,36.416395,127.532458,98.09680771,daejeon_exp_20260129_205304,30,40,80,30,0,TRUE,0,40.18,0.69,39,success,,,,,,,
905,36.32543956,127.2697188,36.326143,127.269817,78.71196982,daejeon_exp_20260129_205304,30,40,80,30,0,TRUE,0,37.17,0.66,36,success,,,,,,,
906,36.44795943,127.4492029,36.448505,127.449218,60.67981108,daejeon_exp_20260129_205304,30,40,80,30,0,TRUE,0,39.15,0.66,38,success,,,,,,,
907,36.41051723,127.4392953,36.410553,127.439275,4.372014473,daejeon_exp_20260129_205304,30,40,80,30,0,TRUE,0,39.55,0.82,38,success,,,,,,,
908,36.3186527,127.3959235,36.318601,127.395705,20.40562639,daejeon_exp_20260129_205304,30,40,80,30,0,TRUE,0,38.51,0.68,36,success,,,,,,,
909,36.34747728,127.3463035,36.348423,127.346305,105.1595392,daejeon_exp_20260129_205304,30,40,80,30,0,TRUE,0,38.11,0.69,37,success,,,,,,,
910,36.41358254,127.3457479,36.413582,127.345973,20.14185522,daejeon_exp_20260129_205304,30,40,80,30,0,TRUE,0,39.14,0.7,38,success,,,,,,,
911,36.37458804,127.4759096,36.374408,127.475052,79.35077327,daejeon_exp_20260129_205304,30,40,80,30,0,TRUE,0,38.15,0.69,37,success,,,,,,,
912,36.44423478,127.4100732,36.444235,127.410073,0.030868298,daejeon_exp_20260129_205304,30,40,80,30,0,TRUE,0,38.2,0.67,37,success,,,,,,,
913,36.36590456,127.4096134,36.36602,127.410019,38.52319239,daejeon_exp_20260129_205304,30,40,80,30,0,TRUE,0,39.18,0.69,38,success,,,,,,,
914,36.4331031,127.4590724,36.433904,127.459085,89.06331799,daejeon_exp_20260129_205304,30,40,80,30,0,TRUE,0,39.18,0.67,38,success,,,,,,,
915,36.42892633,127.4401854,36.429028,127.441818,146.5022042,daejeon_exp_20260129_205304,30,40,80,30,0,TRUE,0,39.14,0.7,38,success,,,,,,,
916,36.29046434,127.2563832,36.291055,127.256724,72.43476628,daejeon_exp_20260129_205304,30,40,80,30,0,TRUE,0,37.15,0.67,36,success,,,,,,,
917,36.30337471,127.3319504,36.304207,127.332623,110.4406415,daejeon_exp_20260129_205304,30,40,80,30,0,TRUE,0,39.07,0.66,37,success,,,,,,,
918,36.32365937,127.3818358,36.32383,127.381925,20.58712029,daejeon_exp_20260129_205304,30,40,80,30,0,TRUE,0,37.13,0.7,36,success,,,,,,,
919,36.24472875,127.3546738,36.242927,127.353963,210.242049,daejeon_exp_20260129_205304,30,40,80,30,0,TRUE,0,36.14,0.68,35,success,,,,,,,
920,36.37203916,127.3718259,36.372067,127.371803,3.714001245,daejeon_exp_20260129_205304,30,40,80,30,0,TRUE,0,39.15,0.72,38,success,,,,,,,
921,36.27894975,127.3338968,36.278815,127.334481,54.46942221,daejeon_exp_20260129_205304,30,40,80,30,0,TRUE,0,36.1,0.68,35,success,,,,,,,
922,36.40724214,127.381385,36.407506,127.382123,72.26565064,daejeon_exp_20260129_205304,30,40,80,30,0,TRUE,0,39.01,0.69,37,success,,,,,,,
923,36.43616449,127.4495864,36.436216,127.449661,8.795524573,daejeon_exp_20260129_205304,30,40,80,30,0,TRUE,0,39.16,0.67,38,success,,,,,,,
924,36.33894756,127.3351527,36.338574,127.33568,62.89671221,daejeon_exp_20260129_205304,30,40,80,30,0,TRUE,0,37.13,0.69,36,success,,,,,,,
925,36.43480523,127.4804989,36.434594,127.481235,69.91733328,daejeon_exp_20260129_205304,30,40,80,30,0,TRUE,0,39.15,0.73,38,success,,,,,,,
926,36.29291683,127.2671748,36.291886,127.268831,187.543704,daejeon_exp_20260129_205304,30,40,80,30,0,TRUE,0,37.12,0.68,36,success,,,,,,,
927,36.43318195,127.396121,36.433126,127.396043,9.347868043,daejeon_exp_20260129_205304,30,40,80,30,0,TRUE,0,38.13,0.68,37,success,,,,,,,
928,36.39141473,127.3946194,36.39132,127.394622,10.53566814,daejeon_exp_20260129_205304,30,40,80,30,0,TRUE,0,39.24,0.67,38,success,,,,,,,
929,36.24984987,127.3050613,36.250008,127.302603,221.1437878,daejeon_exp_20260129_205304,30,40,80,30,0,TRUE,0,37.1,0.66,35,success,,,,,,,
930,36.47611737,127.3782815,36.476125,127.378935,58.43491329,daejeon_exp_20260129_205304,30,40,80,30,0,TRUE,0,39.02,0.66,37,success,,,,,,,
931,36.25740005,127.4438237,36.257902,127.444287,69.57841632,daejeon_exp_20260129_205304,30,40,80,30,0,TRUE,0,37.15,0.68,36,success,,,,,,,
932,36.3965642,127.4898746,36.39689,127.49195,189.258482,daejeon_exp_20260129_205304,30,40,80,30,0,TRUE,0,39.16,0.73,38,success,,,,,,,
933,36.44588402,127.4226706,36.445916,127.422707,4.81970124,daejeon_exp_20260129_205304,30,40,80,30,0,TRUE,0,39.13,0.68,38,success,,,,,,,
934,36.3371997,127.3701405,36.336715,127.370009,55.16764938,daejeon_exp_20260129_205304,30,40,80,30,0,TRUE,0,38.11,0.68,37,success,,,,,,,
935,36.21720515,127.4390742,36.217886,127.439068,75.7091331,daejeon_exp_20260129_205304,30,40,80,30,0,TRUE,0,37.14,0.68,36,success,,,,,,,
936,36.44736483,127.3779082,36.44861,127.379148,177.3935784,daejeon_exp_20260129_205304,30,40,80,30,0,TRUE,0,42.36,0.67,37,success,,,,,,,
937,36.2631665,127.4086725,36.26324,127.408786,13.05432887,daejeon_exp_20260129_205304,30,40,80,30,0,TRUE,0,36.84,0.68,35,success,,,,,,,
938,36.27564676,127.2888113,36.275647,127.289184,33.40934285,daejeon_exp_20260129_205304,30,40,80,30,0,TRUE,0,37.16,0.66,36,success,,,,,,,
939,36.32492794,127.3075657,36.325254,127.307496,36.78945256,daejeon_exp_20260129_205304,30,40,80,30,0,TRUE,0,37.21,0.68,36,success,,,,,,,
940,36.39812823,127.5283769,36.397957,127.529899,137.5519011,daejeon_exp_20260129_205304,30,40,80,30,0,TRUE,0,40.93,0.67,39,success,,,,,,,
941,36.32499214,127.4246144,36.325087,127.424875,25.62104518,daejeon_exp_20260129_205304,30,40,80,30,0,TRUE,0,36.11,0.67,35,success,,,,,,,
942,36.49755874,127.3796302,36.497352,127.380062,44.92223487,daejeon_exp_20260129_205304,30,40,80,30,0,TRUE,0,38.54,0.67,37,success,,,,,,,
943,36.32237777,127.3037375,36.322896,127.303626,58.48460484,daejeon_exp_20260129_205304,30,40,80,30,0,TRUE,0,37.25,0.67,36,success,,,,,,,
944,36.46981643,127.4762615,36.468449,127.475106,183.8370751,daejeon_exp_20260129_205304,30,40,80,30,0,TRUE,0,40.84,0.79,39,success,,,,,,,
945,36.42418284,127.4017153,36.424335,127.401332,38.23995544,daejeon_exp_20260129_205304,30,40,80,30,0,TRUE,0,38.18,0.69,37,success,,,,,,,
946,36.34343846,127.3401973,36.343423,127.340242,4.355086767,daejeon_exp_20260129_205304,30,40,80,30,0,TRUE,0,37.11,0.67,36,success,,,,,,,
947,36.37303561,127.5122161,36.373373,127.510186,185.5862125,daejeon_exp_20260129_205304,30,40,80,30,0,TRUE,0,39.15,0.66,38,success,,,,,,,
948,36.30629104,127.2949245,36.30585,127.29521,55.31523492,daejeon_exp_20260129_205304,30,40,80,30,0,TRUE,0,37.18,0.65,36,success,,,,,,,
949,36.34358852,127.5064169,36.343738,127.509167,246.8692563,daejeon_exp_20260129_205304,30,40,80,30,0,TRUE,0,39.2,0.68,38,success,,,,,,,
950,36.28142639,127.3531849,36.281414,127.353543,32.12674415,daejeon_exp_20260129_205304,30,40,80,30,0,TRUE,0,36.13,0.66,35,success,,,,,,,
951,36.34392253,127.462724,36.344067,127.46003,241.8230763,daejeon_exp_20260129_205304,30,40,80,30,0,TRUE,0,38.13,0.67,37,success,,,,,,,
952,36.41229375,127.3783808,36.412309,127.378232,13.42641716,daejeon_exp_20260129_205304,30,40,80,30,0,TRUE,0,38.29,0.69,37,success,,,,,,,
953,36.39910415,127.4508515,36.399859,127.45072,84.756643,daejeon_exp_20260129_205304,30,40,80,30,0,TRUE,0,39.13,0.68,38,success,,,,,,,
954,36.44113799,127.38371,36.441331,127.383612,23.184281,daejeon_exp_20260129_205304,30,40,80,30,0,TRUE,0,38.13,0.68,37,success,,,,,,,
955,36.35902448,127.4391709,36.359793,127.439838,104.2667643,daejeon_exp_20260129_205304,30,40,80,30,0,TRUE,0,40.09,0.68,39,success,,,,,,,
956,36.29144242,127.4101285,36.291448,127.410126,0.660547024,daejeon_exp_20260129_205304,30,40,80,30,0,TRUE,0,37.14,0.68,36,success,,,,,,,
957,36.31514684,127.2795028,36.315116,127.280619,100.0690872,daejeon_exp_20260129_205304,30,40,80,30,0,TRUE,0,37.14,0.66,36,success,,,,,,,
958,36.31501223,127.2926097,36.313974,127.293915,164.333008,daejeon_exp_20260129_205304,30,40,80,30,0,TRUE,0,37.16,0.66,36,success,,,,,,,
959,36.37582859,127.3750631,36.375609,127.37467,42.8352837,daejeon_exp_20260129_205304,30,40,80,30,0,TRUE,0,39.63,0.68,38,success,,,,,,,
960,36.32078254,127.4383193,36.32078,127.438308,1.0505143,daejeon_exp_20260129_205304,30,40,80,30,0,TRUE,0,36.12,0.67,35,success,,,,,,,
961,36.27062429,127.3864734,36.269985,127.386372,71.66484739,daejeon_exp_20260129_205304,30,40,80,30,0,TRUE,0,36.11,0.68,35,success,,,,,,,
962,36.38946952,127.3081203,36.389644,127.308141,19.48956296,daejeon_exp_20260129_205304,30,40,80,30,0,TRUE,0,39.14,0.66,38,success,,,,,,,
963,36.32698643,127.3096229,36.327024,127.309656,5.121290833,daejeon_exp_20260129_205304,30,40,80,30,0,TRUE,0,37.13,0.67,36,success,,,,,,,
964,36.25851446,127.3469713,36.258562,127.346537,39.29516512,daejeon_exp_20260129_205304,30,40,80,30,0,TRUE,0,36.09,0.67,35,success,,,,,,,
965,36.37564578,127.2969525,36.375654,127.296678,24.59178739,daejeon_exp_20260129_205304,30,40,80,30,0,TRUE,0,38.27,0.68,37,success,,,,,,,
966,36.27884193,127.4416348,36.278689,127.441669,17.28008157,daejeon_exp_20260129_205304,30,40,80,30,0,TRUE,0,36.21,0.66,35,success,,,,,,,
967,36.48563588,127.3952992,36.485465,127.395351,19.55596613,daejeon_exp_20260129_205304,30,40,80,30,0,TRUE,0,42.97,0.68,38,success,,,,,,,
968,36.23678996,127.4566304,36.236863,127.455127,135.0791165,daejeon_exp_20260129_205304,30,40,80,30,0,TRUE,0,37.15,0.69,36,success,,,,,,,
969,36.41945996,127.2993344,36.419377,127.299516,18.6861112,daejeon_exp_20260129_205304,30,40,80,30,0,TRUE,0,38.14,0.66,37,success,,,,,,,
970,36.26928674,127.3482594,36.269886,127.348452,68.83649373,daejeon_exp_20260129_205304,30,40,80,30,0,TRUE,0,36.15,0.67,35,success,,,,,,,
971,36.37896177,127.4532604,36.379019,127.453024,22.10068706,daejeon_exp_20260129_205304,30,40,80,30,0,TRUE,0,39.18,0.67,38,success,,,,,,,
972,36.27208668,127.3538845,36.270806,127.354616,156.7798939,daejeon_exp_20260129_205304,30,40,80,30,0,TRUE,0,36.14,0.68,35,success,,,,,,,
973,36.33369382,127.4491292,36.333589,127.449256,16.27673998,daejeon_exp_20260129_205304,30,40,80,30,0,TRUE,0,37.13,0.69,36,success,,,,,,,
974,36.34480277,127.3069724,36.344768,127.306789,16.87702191,daejeon_exp_20260129_205304,30,40,80,30,0,TRUE,0,37.1,0.69,36,success,,,,,,,
975,36.28320537,127.4718716,36.283257,127.471843,6.286993883,daejeon_exp_20260129_205304,30,40,80,30,0,TRUE,0,37.14,0.68,36,success,,,,,,,
976,36.32131031,127.4467023,36.321446,127.446794,17.17784316,daejeon_exp_20260129_205304,30,40,80,30,0,TRUE,0,38.54,0.76,36,success,,,,,,,
977,36.42754452,127.4049849,36.426609,127.404008,135.8682357,daejeon_exp_20260129_205304,30,40,80,30,0,TRUE,0,38.96,0.68,37,success,,,,,,,
978,36.32194439,127.3140514,36.322344,127.313693,54.8237191,daejeon_exp_20260129_205304,30,40,80,30,0,TRUE,0,37.13,0.67,36,success,,,,,,,
979,36.38576411,127.4318163,36.385568,127.431134,64.85613521,daejeon_exp_20260129_205304,30,40,80,30,0,TRUE,0,39.17,0.68,38,success,,,,,,,
980,36.27605329,127.4541319,36.275769,127.455801,152.9296936,daejeon_exp_20260129_205304,30,40,80,30,0,TRUE,0,36.14,0.68,35,success,,,,,,,
981,36.36783992,127.3237351,36.36784,127.323425,27.76823985,daejeon_exp_20260129_205304,30,40,80,30,0,TRUE,0,39.14,0.67,38,success,,,,,,,
982,36.41735898,127.4432242,36.41716,127.443587,39.2880249,daejeon_exp_20260129_205304,30,40,80,30,0,TRUE,0,39.95,0.67,38,success,,,,,,,
983,36.33133418,127.3073172,36.331683,127.30713,42.25623389,daejeon_exp_20260129_205304,30,40,80,30,0,TRUE,0,37.14,0.7,36,success,,,,,,,
984,36.43769101,127.3975249,36.4375,127.39775,29.27031311,daejeon_exp_20260129_205304,30,40,80,30,0,TRUE,0,38.12,0.68,37,success,,,,,,,
985,36.30771774,127.4419982,36.307789,127.442056,9.466471166,daejeon_exp_20260129_205304,30,40,80,30,0,TRUE,0,42.33,0.68,35,success,,,,,,,
986,36.32732661,127.2664297,36.327295,127.265766,59.55853994,daejeon_exp_20260129_205304,30,40,80,30,0,TRUE,0,38.1,0.68,36,success,,,,,,,
987,36.340364,127.2995606,36.340555,127.29867,82.54500485,daejeon_exp_20260129_205304,30,40,80,30,0,TRUE,0,37.13,0.67,36,success,,,,,,,
988,36.40660281,127.384038,36.40659,127.384024,1.895709078,daejeon_exp_20260129_205304,30,40,80,30,0,TRUE,0,38.16,0.69,37,success,,,,,,,
989,36.38084701,127.3444657,36.381003,127.343576,81.51117648,daejeon_exp_20260129_205304,30,40,80,30,0,TRUE,0,39.13,0.67,38,success,,,,,,,
990,36.32088477,127.4454694,36.321038,127.44557,19.2757662,daejeon_exp_20260129_205304,30,40,80,30,0,TRUE,0,37.14,0.67,36,success,,,,,,,
991,36.30797019,127.4627596,36.308246,127.462007,74.08243267,daejeon_exp_20260129_205304,30,40,80,30,0,TRUE,0,37.15,0.69,36,success,,,,,,,
992,36.43308953,127.4449232,36.433454,127.445017,41.38754964,daejeon_exp_20260129_205304,30,40,80,30,0,TRUE,0,39.18,0.67,38,success,,,,,,,
993,36.29488988,127.364579,36.295452,127.36241,204.1883334,daejeon_exp_20260129_205304,30,40,80,30,0,TRUE,0,37.16,0.68,35,success,,,,,,,
994,36.23970917,127.4820674,36.238654,127.479783,236.0919686,daejeon_exp_20260129_205304,30,40,80,30,0,TRUE,0,37.13,0.69,36,success,,,,,,,
995,36.34009051,127.3221209,36.341318,127.320633,190.7636894,daejeon_exp_20260129_205304,30,40,80,30,0,TRUE,0,37.15,0.68,36,success,,,,,,,
996,36.43484021,127.4260684,36.434756,127.42646,36.26312083,daejeon_exp_20260129_205304,30,40,80,30,0,TRUE,0,40.17,0.69,39,success,,,,,,,
997,36.4379743,127.4569649,36.436326,127.456629,185.7293207,daejeon_exp_20260129_205304,30,40,80,30,0,TRUE,0,39.93,0.67,38,success,,,,,,,
998,36.35918036,127.2717794,36.361235,127.272708,243.1278274,daejeon_exp_20260129_205304,30,40,80,30,0,TRUE,0,38.11,0.7,37,success,,,,,,,
999,36.28427727,127.3896685,36.284036,127.389889,33.32396903,daejeon_exp_20260129_205304,30,40,80,30,0,TRUE,0,36.1,0.67,35,success,,,,,,,
1000,36.2435493,127.30743,36.243108,127.308893,140.0750189,daejeon_exp_20260129_205304,30,40,80,30,0,TRUE,0,36.11,0.67,35,success,,,,,,,
