lat,lon,pdr_mean,pdr_std,N,source_folder,stat_file
36.193023,127.33351,0.0846982704467738,0.03351619362756547,50,lat36.193023_lon127.333510,results_lat36.193023_lon127.333510_stat.txt
36.201712,127.446819,0.09573889838708219,0.03274013927925746,43,lat36.201712_lon127.446819,results_lat36.201712_lon127.446819_stat.txt
36.20186,127.447672,0.09198618199376524,0.03310558829141452,41,lat36.201860_lon127.447672,results_lat36.201860_lon127.447672_stat.txt
36.202442,127.340786,0.04837160544044048,0.02315990790090524,25,lat36.202442_lon127.340786,results_lat36.202442_lon127.340786_stat.txt
36.202773,127.432882,0.10504980124535875,0.1769212281916554,13,lat36.202773_lon127.432882,results_lat36.202773_lon127.432882_stat.txt
36.204088,127.432739,0.08384213421170743,0.03223223561186613,34,lat36.204088_lon127.432739,results_lat36.204088_lon127.432739_stat.txt
36.205231,127.342002,0.06206739792171059,0.035166589157317504,42,lat36.205231_lon127.342002,results_lat36.205231_lon127.342002_stat.txt
36.206101,127.441669,0.08214553440938203,0.05185407925692407,19,lat36.206101_lon127.441669,results_lat36.206101_lon127.441669_stat.txt
36.212284,127.328772,0.06479385771515464,0.03195818305671961,33,lat36.212284_lon127.328772,results_lat36.212284_lon127.328772_stat.txt
36.21418,127.352425,0.04567652763712115,0.020659229314175874,33,lat36.214180_lon127.352425,results_lat36.214180_lon127.352425_stat.txt
36.214278,127.430435,0.06686117525336481,0.025695268481701287,36,lat36.214278_lon127.430435,results_lat36.214278_lon127.430435_stat.txt
36.214841,127.327436,0.05535375661106467,0.029805064302466145,21,lat36.214841_lon127.327436,results_lat36.214841_lon127.327436_stat.txt
36.216375,127.341526,0.059486198386855864,0.17855571546198573,10,lat36.216375_lon127.341526,results_lat36.216375_lon127.341526_stat.txt
36.218602,127.453465,0.08203431723126015,0.17635612501348585,17,lat36.218602_lon127.453465,results_lat36.218602_lon127.453465_stat.txt
36.219124,127.437496,0.05230798216146297,0.021497485538911242,37,lat36.219124_lon127.437496,results_lat36.219124_lon127.437496_stat.txt
36.219275,127.446625,0.06009429042840567,0.02913792636606548,42,lat36.219275_lon127.446625,results_lat36.219275_lon127.446625_stat.txt
36.220707,127.43364,0.05391581092372119,0.021118474822585987,34,lat36.220707_lon127.433640,results_lat36.220707_lon127.433640_stat.txt
36.221523,127.340963,0.04030163603122005,0.02383657280480901,28,lat36.221523_lon127.340963,results_lat36.221523_lon127.340963_stat.txt
36.226348,127.345733,0.04224300136542126,0.023435118475201258,32,lat36.226348_lon127.345733,results_lat36.226348_lon127.345733_stat.txt
36.226426,127.445169,0.051660643015923796,0.028545476469277912,25,lat36.226426_lon127.445169,results_lat36.226426_lon127.445169_stat.txt
36.226493,127.345775,0.05802058609808229,0.1788088730082854,11,lat36.226493_lon127.345775,results_lat36.226493_lon127.345775_stat.txt
36.226929,127.31088,0.04128330370326241,0.01953807719595027,26,lat36.226929_lon127.310880,results_lat36.226929_lon127.310880_stat.txt
36.227972,127.310645,0.04274082036206718,0.029221615477059114,25,lat36.227972_lon127.310645,results_lat36.227972_lon127.310645_stat.txt
36.228152,127.31703,0.046690152577562136,0.027569756329824183,39,lat36.228152_lon127.317030,results_lat36.228152_lon127.317030_stat.txt
36.228582,127.453655,0.05192128411947112,0.026841767216139872,39,lat36.228582_lon127.453655,results_lat36.228582_lon127.453655_stat.txt
36.228584,127.317043,0.05563891227191746,0.03461867725803443,42,lat36.228584_lon127.317043,results_lat36.228584_lon127.317043_stat.txt
36.230024,127.305955,0.04973257052184913,0.026382043670147175,40,lat36.230024_lon127.305955,results_lat36.230024_lon127.305955_stat.txt
36.23041,127.308963,0.045771066502373794,0.02419289876875395,35,lat36.230410_lon127.308963,results_lat36.230410_lon127.308963_stat.txt
36.231498,127.346946,0.05543743993953797,0.027018665659457014,49,lat36.231498_lon127.346946,results_lat36.231498_lon127.346946_stat.txt
36.23159,127.481065,0.057885595367547685,0.022791660630041146,23,lat36.231590_lon127.481065,results_lat36.231590_lon127.481065_stat.txt
36.231754,127.414902,0.041742909592768905,0.018429751068158574,23,lat36.231754_lon127.414902,results_lat36.231754_lon127.414902_stat.txt
36.231925,127.408422,0.03771336491059759,0.016840222260071074,26,lat36.231925_lon127.408422,results_lat36.231925_lon127.408422_stat.txt
36.231978,127.458528,0.04208573953383879,0.038477116773535526,19,lat36.231978_lon127.458528,results_lat36.231978_lon127.458528_stat.txt
36.232136,127.410143,0.03918660015491641,0.01699166948235612,42,lat36.232136_lon127.410143,results_lat36.232136_lon127.410143_stat.txt
36.232323,127.459213,0.05431454942279595,0.02899209896869292,43,lat36.232323_lon127.459213,results_lat36.232323_lon127.459213_stat.txt
36.232351,127.482371,0.04615324498875135,0.028933266782940274,18,lat36.232351_lon127.482371,results_lat36.232351_lon127.482371_stat.txt
36.232422,127.321801,0.05734386922832665,0.030443287676014535,48,lat36.232422_lon127.321801,results_lat36.232422_lon127.321801_stat.txt
36.232991,127.45451,0.057659317806323516,0.028795266194322256,40,lat36.232991_lon127.454510,results_lat36.232991_lon127.454510_stat.txt
36.233117,127.480722,0.055430703668352045,0.02849249988514772,40,lat36.233117_lon127.480722,results_lat36.233117_lon127.480722_stat.txt
36.233219,127.407277,0.03763986733904761,0.013580026159218729,46,lat36.233219_lon127.407277,results_lat36.233219_lon127.407277_stat.txt
36.233423,127.407214,0.06554585894351615,0.1780009563914989,13,lat36.233423_lon127.407214,results_lat36.233423_lon127.407214_stat.txt
36.233448,127.304675,0.04732224796175003,0.02427520592791094,34,lat36.233448_lon127.304675,results_lat36.233448_lon127.304675_stat.txt
36.234408,127.45347,0.05360798095002214,0.029684718107871228,43,lat36.234408_lon127.453470,results_lat36.234408_lon127.453470_stat.txt
36.23587,127.305101,0.05827065714766338,0.022386970209961193,49,lat36.235870_lon127.305101,results_lat36.235870_lon127.305101_stat.txt
36.23597,127.31402,0.05965501799892234,0.17855073843488342,11,lat36.235970_lon127.314020,results_lat36.235970_lon127.314020_stat.txt
36.236182,127.31347,0.04162450246602067,0.022900451161124206,33,lat36.236182_lon127.313470,results_lat36.236182_lon127.313470_stat.txt
36.236211,127.424607,0.04107491941621082,0.0223248151507376,26,lat36.236211_lon127.424607,results_lat36.236211_lon127.424607_stat.txt
36.236333,127.420626,0.04096018797891502,0.015473195245524003,45,lat36.236333_lon127.420626,results_lat36.236333_lon127.420626_stat.txt
36.236382,127.312676,0.040387690447339565,0.0192784784905787,34,lat36.236382_lon127.312676,results_lat36.236382_lon127.312676_stat.txt
36.236443,127.406554,0.03366723908529983,0.01689981702766791,35,lat36.236443_lon127.406554,results_lat36.236443_lon127.406554_stat.txt
36.238285,127.405866,0.038700621405239125,0.01761524158411694,29,lat36.238285_lon127.405866,results_lat36.238285_lon127.405866_stat.txt
36.239854,127.397138,0.02914101950220568,0.0128872751061741,20,lat36.239854_lon127.397138,results_lat36.239854_lon127.397138_stat.txt
36.240073,127.392729,0.07554275745817352,0.17641477299052857,13,lat36.240073_lon127.392729,results_lat36.240073_lon127.392729_stat.txt
36.240329,127.289571,0.03635341936795766,0.021325391854422365,22,lat36.240329_lon127.289571,results_lat36.240329_lon127.289571_stat.txt
36.242045,127.355401,0.05139161891859451,0.0242261717448644,48,lat36.242045_lon127.355401,results_lat36.242045_lon127.355401_stat.txt
36.2425,127.422047,0.03879674161549027,0.016949657321791062,38,lat36.242500_lon127.422047,results_lat36.242500_lon127.422047_stat.txt
36.242789,127.452895,0.05795728584389489,0.026965168022003636,45,lat36.242789_lon127.452895,results_lat36.242789_lon127.452895_stat.txt
36.242887,127.456226,0.04700505557595686,0.02381663794101255,21,lat36.242887_lon127.456226,results_lat36.242887_lon127.456226_stat.txt
36.242964,127.353812,0.03696677639535687,0.01781237444940555,30,lat36.242964_lon127.353812,results_lat36.242964_lon127.353812_stat.txt
36.242975,127.46544,0.04333022343550842,0.027050201584810803,30,lat36.242975_lon127.465440,results_lat36.242975_lon127.465440_stat.txt
36.243007,127.463596,0.057508957425332255,0.17879023000976954,11,lat36.243007_lon127.463596,results_lat36.243007_lon127.463596_stat.txt
36.243412,127.451168,0.043096422574384154,0.023052649141911404,24,lat36.243412_lon127.451168,results_lat36.243412_lon127.451168_stat.txt
36.243565,127.345024,0.028163421768217296,0.018252239614088703,20,lat36.243565_lon127.345024,results_lat36.243565_lon127.345024_stat.txt
36.244205,127.291287,0.07095413506277953,0.1767265481983308,17,lat36.244205_lon127.291287,results_lat36.244205_lon127.291287_stat.txt
36.244987,127.424496,0.036532490589952775,0.018597076791218928,21,lat36.244987_lon127.424496,results_lat36.244987_lon127.424496_stat.txt
36.245394,127.419204,0.036276535943011966,0.018892557725883757,23,lat36.245394_lon127.419204,results_lat36.245394_lon127.419204_stat.txt
36.245974,127.393158,0.04143814625271221,0.015783073156877988,39,lat36.245974_lon127.393158,results_lat36.245974_lon127.393158_stat.txt
36.246449,127.476883,0.04141039067352562,0.024177401542173946,24,lat36.246449_lon127.476883,results_lat36.246449_lon127.476883_stat.txt
36.246487,127.341023,0.05500774214311019,0.17919344140387963,13,lat36.246487_lon127.341023,results_lat36.246487_lon127.341023_stat.txt
36.247555,127.318786,0.061982212496420955,0.17894974781124667,15,lat36.247555_lon127.318786,results_lat36.247555_lon127.318786_stat.txt
36.248146,127.342898,0.03256386577789272,0.0250241498602314,19,lat36.248146_lon127.342898,results_lat36.248146_lon127.342898_stat.txt
36.248596,127.339284,0.03274919626185078,0.02167859426384135,32,lat36.248596_lon127.339284,results_lat36.248596_lon127.339284_stat.txt
36.249082,127.310496,0.038473933308420555,0.01957955150556375,33,lat36.249082_lon127.310496,results_lat36.249082_lon127.310496_stat.txt
36.249128,127.467361,0.048703990814191904,0.024164015131505102,29,lat36.249128_lon127.467361,results_lat36.249128_lon127.467361_stat.txt
36.249135,127.467289,0.05393894867100885,0.028798645340382987,41,lat36.249135_lon127.467289,results_lat36.249135_lon127.467289_stat.txt
36.250268,127.29837,0.04826369332555434,0.022092904236295525,35,lat36.250268_lon127.298370,results_lat36.250268_lon127.298370_stat.txt
36.25049,127.462977,0.055982784007642665,0.023652491398802156,45,lat36.250490_lon127.462977,results_lat36.250490_lon127.462977_stat.txt
36.250541,127.479143,0.04103919637773497,0.030109603914799277,25,lat36.250541_lon127.479143,results_lat36.250541_lon127.479143_stat.txt
36.250947,127.299207,0.06642664592649809,0.03312762186274649,47,lat36.250947_lon127.299207,results_lat36.250947_lon127.299207_stat.txt
36.251154,127.431983,0.04342774453277308,0.03740273790363373,19,lat36.251154_lon127.431983,results_lat36.251154_lon127.431983_stat.txt
36.252065,127.31618,0.03789631209599353,0.01975506715595892,24,lat36.252065_lon127.316180,results_lat36.252065_lon127.316180_stat.txt
36.252502,127.319307,0.05366030449628864,0.03402656186379795,42,lat36.252502_lon127.319307,results_lat36.252502_lon127.319307_stat.txt
36.252891,127.403312,0.03503173800834977,0.021247026553499505,26,lat36.252891_lon127.403312,results_lat36.252891_lon127.403312_stat.txt
36.25291,127.458761,0.05684899855413575,0.03960458209035983,41,lat36.252910_lon127.458761,results_lat36.252910_lon127.458761_stat.txt
36.253248,127.397807,0.02845955676526313,0.010332433458353541,44,lat36.253248_lon127.397807,results_lat36.253248_lon127.397807_stat.txt
36.253729,127.312649,0.03781837215138841,0.018200166342792458,24,lat36.253729_lon127.312649,results_lat36.253729_lon127.312649_stat.txt
36.2538,127.401843,0.028855604959348767,0.022007628637338687,20,lat36.253800_lon127.401843,results_lat36.253800_lon127.401843_stat.txt
36.254089,127.457077,0.05374548707122226,0.02928086022842609,40,lat36.254089_lon127.457077,results_lat36.254089_lon127.457077_stat.txt
36.254305,127.437923,0.04657149048894945,0.02889072406736925,21,lat36.254305_lon127.437923,results_lat36.254305_lon127.437923_stat.txt
36.25431,127.318257,0.038535663217453005,0.023426091928479973,30,lat36.254310_lon127.318257,results_lat36.254310_lon127.318257_stat.txt
36.254524,127.4416,0.048509342621487185,0.029856004228565373,32,lat36.254524_lon127.441600,results_lat36.254524_lon127.441600_stat.txt
36.254667,127.304043,0.04335334104751752,0.022050640424676318,35,lat36.254667_lon127.304043,results_lat36.254667_lon127.304043_stat.txt
36.254969,127.400199,0.026277776644165637,0.009619497555756371,39,lat36.254969_lon127.400199,results_lat36.254969_lon127.400199_stat.txt
36.255609,127.443952,0.05088786700239553,0.025013057179676126,31,lat36.255609_lon127.443952,results_lat36.255609_lon127.443952_stat.txt
36.255768,127.304981,0.038177021214503705,0.020597526417930747,30,lat36.255768_lon127.304981,results_lat36.255768_lon127.304981_stat.txt
36.256894,127.475614,0.05503881164299169,0.027751105935311472,43,lat36.256894_lon127.475614,results_lat36.256894_lon127.475614_stat.txt
36.257554,127.457876,0.05754712954102774,0.17901560455379892,12,lat36.257554_lon127.457876,results_lat36.257554_lon127.457876_stat.txt
36.257556,127.398891,0.02833508162420462,0.011653134509628625,38,lat36.257556_lon127.398891,results_lat36.257556_lon127.398891_stat.txt
36.258081,127.309904,0.03441108266484729,0.01613289166522268,24,lat36.258081_lon127.309904,results_lat36.258081_lon127.309904_stat.txt
36.258396,127.475838,0.07521958926127463,0.02353438071383527,46,lat36.258396_lon127.475838,results_lat36.258396_lon127.475838_stat.txt
36.258399,127.45261,0.05539990430892242,0.03148827360864812,42,lat36.258399_lon127.452610,results_lat36.258399_lon127.452610_stat.txt
36.258446,127.346517,0.028135481137688774,0.020274459914370508,25,lat36.258446_lon127.346517,results_lat36.258446_lon127.346517_stat.txt
36.259073,127.398073,0.04777694709297688,0.18024906466028304,10,lat36.259073_lon127.398073,results_lat36.259073_lon127.398073_stat.txt
36.259578,127.480404,0.039176604768106936,0.024277830901684595,33,lat36.259578_lon127.480404,results_lat36.259578_lon127.480404_stat.txt
36.259969,127.410151,0.0289018238692419,0.016824140191659308,25,lat36.259969_lon127.410151,results_lat36.259969_lon127.410151_stat.txt
36.260352,127.397263,0.02794355085228931,0.012392768043982974,32,lat36.260352_lon127.397263,results_lat36.260352_lon127.397263_stat.txt
36.260521,127.397218,0.025110853116744707,0.01756487482657029,33,lat36.260521_lon127.397218,results_lat36.260521_lon127.397218_stat.txt
36.260682,127.302453,0.054506895985335986,0.17919524896637792,10,lat36.260682_lon127.302453,results_lat36.260682_lon127.302453_stat.txt
36.261869,127.295246,0.06416189474152655,0.17837777745196629,17,lat36.261869_lon127.295246,results_lat36.261869_lon127.295246_stat.txt
36.26224,127.447594,0.06587710550504854,0.025931324285045403,49,lat36.262240_lon127.447594,results_lat36.262240_lon127.447594_stat.txt
36.262425,127.30071,0.05023513509105292,0.027093086148494303,48,lat36.262425_lon127.300710,results_lat36.262425_lon127.300710_stat.txt
36.263478,127.303062,0.06699448605998708,0.1780197791319833,13,lat36.263478_lon127.303062,results_lat36.263478_lon127.303062_stat.txt
36.263557,127.345857,0.04275553248790492,0.022726736711431796,47,lat36.263557_lon127.345857,results_lat36.263557_lon127.345857_stat.txt
36.263909,127.456293,0.049276199744002006,0.02999070911985425,21,lat36.263909_lon127.456293,results_lat36.263909_lon127.456293_stat.txt
36.263918,127.344633,0.03527000571785622,0.023843093796022705,36,lat36.263918_lon127.344633,results_lat36.263918_lon127.344633_stat.txt
36.263922,127.299759,0.029135158391592822,0.030425440867010697,18,lat36.263922_lon127.299759,results_lat36.263922_lon127.299759_stat.txt
36.2641,127.410691,0.032854981450039275,0.029776830718549533,19,lat36.264100_lon127.410691,results_lat36.264100_lon127.410691_stat.txt
36.264483,127.349615,0.02814921648376282,0.01691909564071225,30,lat36.264483_lon127.349615,results_lat36.264483_lon127.349615_stat.txt
36.264562,127.439003,0.043960022903711725,0.021151140189921855,31,lat36.264562_lon127.439003,results_lat36.264562_lon127.439003_stat.txt
36.264883,127.296518,0.05472828121682702,0.17932621774640828,16,lat36.264883_lon127.296518,results_lat36.264883_lon127.296518_stat.txt
36.265117,127.335741,0.03535913628940853,0.02363029577375653,21,lat36.265117_lon127.335741,results_lat36.265117_lon127.335741_stat.txt
36.266016,127.350778,0.03150194381000727,0.014573713788601212,33,lat36.266016_lon127.350778,results_lat36.266016_lon127.350778_stat.txt
36.266036,127.399667,0.027125452405177046,0.012694181762936511,40,lat36.266036_lon127.399667,results_lat36.266036_lon127.399667_stat.txt
36.266727,127.405565,0.02899933133449164,0.01755395194727163,26,lat36.266727_lon127.405565,results_lat36.266727_lon127.405565_stat.txt
36.266771,127.442691,0.05757804695519799,0.17909158148928597,12,lat36.266771_lon127.442691,results_lat36.266771_lon127.442691_stat.txt
36.268062,127.347111,0.05735348630170442,0.1796278533894171,15,lat36.268062_lon127.347111,results_lat36.268062_lon127.347111_stat.txt
36.268188,127.480503,0.07029879289534965,0.17705910493347482,13,lat36.268188_lon127.480503,results_lat36.268188_lon127.480503_stat.txt
36.268973,127.39855,0.02350208321386637,0.014613751144693425,29,lat36.268973_lon127.398550,results_lat36.268973_lon127.398550_stat.txt
36.269013,127.412432,0.057197999008054404,0.17878859022062676,17,lat36.269013_lon127.412432,results_lat36.269013_lon127.412432_stat.txt
36.269598,127.346333,0.043503088433068486,0.02081940644228968,50,lat36.269598_lon127.346333,results_lat36.269598_lon127.346333_stat.txt
36.269672,127.394073,0.026748255779121776,0.01663717455582956,37,lat36.269672_lon127.394073,results_lat36.269672_lon127.394073_stat.txt
36.270338,127.278722,0.05968234938923193,0.17930455242014098,15,lat36.270338_lon127.278722,results_lat36.270338_lon127.278722_stat.txt
36.270425,127.328881,0.06244987268771556,0.1787576389614975,17,lat36.270425_lon127.328881,results_lat36.270425_lon127.328881_stat.txt
36.270717,127.275465,0.05460666861686951,0.17901295582906493,16,lat36.270717_lon127.275465,results_lat36.270717_lon127.275465_stat.txt
36.27079,127.275319,0.054936639832251576,0.17893240332745824,16,lat36.270790_lon127.275319,results_lat36.270790_lon127.275319_stat.txt
36.270868,127.447532,0.05313257261369311,0.18010914226571667,12,lat36.270868_lon127.447532,results_lat36.270868_lon127.447532_stat.txt
36.271325,127.294704,0.047773019081087484,0.18023203903402465,10,lat36.271325_lon127.294704,results_lat36.271325_lon127.294704_stat.txt
36.271348,127.428484,0.041884784406082405,0.01650243754380405,42,lat36.271348_lon127.428484,results_lat36.271348_lon127.428484_stat.txt
36.271836,127.290205,0.03777832268531094,0.026571066848088246,39,lat36.271836_lon127.290205,results_lat36.271836_lon127.290205_stat.txt
36.272437,127.475648,0.0352803965217579,0.021179321225174345,21,lat36.272437_lon127.475648,results_lat36.272437_lon127.475648_stat.txt
36.272468,127.358062,0.03182038750940347,0.02287673815017487,37,lat36.272468_lon127.358062,results_lat36.272468_lon127.358062_stat.txt
36.272922,127.369309,0.03854934248792021,0.026359996374634105,40,lat36.272922_lon127.369309,results_lat36.272922_lon127.369309_stat.txt
36.273282,127.269585,0.05316677988495176,0.030361464262836677,48,lat36.273282_lon127.269585,results_lat36.273282_lon127.269585_stat.txt
36.273881,127.467545,0.06781996240410161,0.17880256460967406,12,lat36.273881_lon127.467545,results_lat36.273881_lon127.467545_stat.txt
36.274034,127.289374,0.049077493638265864,0.028345242090893598,41,lat36.274034_lon127.289374,results_lat36.274034_lon127.289374_stat.txt
36.274334,127.264508,0.037098212206423044,0.02367797156098035,32,lat36.274334_lon127.264508,results_lat36.274334_lon127.264508_stat.txt
36.274553,127.271427,0.07842476529782663,0.029477850710866588,49,lat36.274553_lon127.271427,results_lat36.274553_lon127.271427_stat.txt
36.274685,127.381054,0.05637872989364552,0.1354190830898847,19,lat36.274685_lon127.381054,results_lat36.274685_lon127.381054_stat.txt
36.27479,127.411338,0.025554767851133343,0.023036959706459696,18,lat36.274790_lon127.411338,results_lat36.274790_lon127.411338_stat.txt
36.274851,127.471177,0.05141935687617059,0.039297026584909404,39,lat36.274851_lon127.471177,results_lat36.274851_lon127.471177_stat.txt
36.275284,127.483961,0.06884886083280829,0.1777593562883998,12,lat36.275284_lon127.483961,results_lat36.275284_lon127.483961_stat.txt
36.275508,127.26448,0.04118650762845765,0.0237662740213265,39,lat36.275508_lon127.264480,results_lat36.275508_lon127.264480_stat.txt
36.276649,127.345893,0.03313315337246056,0.024498234339895487,25,lat36.276649_lon127.345893,results_lat36.276649_lon127.345893_stat.txt
36.276858,127.419372,0.026857275923055347,0.014999575229976369,21,lat36.276858_lon127.419372,results_lat36.276858_lon127.419372_stat.txt
36.276928,127.481445,0.05001844027960957,0.034250656228398235,36,lat36.276928_lon127.481445,results_lat36.276928_lon127.481445_stat.txt
36.276952,127.293801,0.04964928800870267,0.17983322205460095,11,lat36.276952_lon127.293801,results_lat36.276952_lon127.293801_stat.txt
36.276963,127.442419,0.058773713011677976,0.030752929969230312,50,lat36.276963_lon127.442419,results_lat36.276963_lon127.442419_stat.txt
36.276971,127.376753,0.023358226650065057,0.012458890675313514,41,lat36.276971_lon127.376753,results_lat36.276971_lon127.376753_stat.txt
36.277017,127.35986,0.09632304044529189,0.19604886812230135,24,lat36.277017_lon127.359860,results_lat36.277017_lon127.359860_stat.txt
36.277038,127.345951,0.053318999844377754,0.17999939869766518,16,lat36.277038_lon127.345951,results_lat36.277038_lon127.345951_stat.txt
36.277875,127.294623,0.0402697279940949,0.024556838867333366,38,lat36.277875_lon127.294623,results_lat36.277875_lon127.294623_stat.txt
36.278119,127.331952,0.032663688677699934,0.0313680062447263,18,lat36.278119_lon127.331952,results_lat36.278119_lon127.331952_stat.txt
36.278175,127.275515,0.058059476440599396,0.02690175030460326,44,lat36.278175_lon127.275515,results_lat36.278175_lon127.275515_stat.txt
36.278332,127.427981,0.034534718448878905,0.0174146140960329,28,lat36.278332_lon127.427981,results_lat36.278332_lon127.427981_stat.txt
36.278611,127.432886,0.06272373364562088,0.17834420541523333,16,lat36.278611_lon127.432886,results_lat36.278611_lon127.432886_stat.txt
36.278749,127.345838,0.04321577407697301,0.03376731344139033,43,lat36.278749_lon127.345838,results_lat36.278749_lon127.345838_stat.txt
36.279048,127.300942,0.04531117797177802,0.026062797391491657,47,lat36.279048_lon127.300942,results_lat36.279048_lon127.300942_stat.txt
36.279619,127.336975,0.03179657804727961,0.01824128879941339,26,lat36.279619_lon127.336975,results_lat36.279619_lon127.336975_stat.txt
36.27966,127.265188,0.04442858279154944,0.022120715530151876,36,lat36.279660_lon127.265188,results_lat36.279660_lon127.265188_stat.txt
36.279798,127.265464,0.046207581477868756,0.030728641166103552,37,lat36.279798_lon127.265464,results_lat36.279798_lon127.265464_stat.txt
36.279868,127.413555,0.03144332988555404,0.014514927526187963,41,lat36.279868_lon127.413555,results_lat36.279868_lon127.413555_stat.txt
36.279968,127.393723,0.02288161864765626,0.019616227971742492,21,lat36.279968_lon127.393723,results_lat36.279968_lon127.393723_stat.txt
36.280268,127.422349,0.057384672073568364,0.17881286560299894,16,lat36.280268_lon127.422349,results_lat36.280268_lon127.422349_stat.txt
36.280342,127.40127,0.024287218792723893,0.023756272386905843,22,lat36.280342_lon127.401270,results_lat36.280342_lon127.401270_stat.txt
36.280373,127.392434,0.07153904616733513,0.043883733927191124,29,lat36.280373_lon127.392434,results_lat36.280373_lon127.392434_stat.txt
36.28044,127.493056,0.04486418004071139,0.02194382351320453,34,lat36.280440_lon127.493056,results_lat36.280440_lon127.493056_stat.txt
36.280537,127.401392,0.025766961708006717,0.011899078546971753,30,lat36.280537_lon127.401392,results_lat36.280537_lon127.401392_stat.txt
36.280663,127.267209,0.0563859263752626,0.17896643528215114,14,lat36.280663_lon127.267209,results_lat36.280663_lon127.267209_stat.txt
36.281,127.259064,0.03867237383639293,0.022404491554544503,21,lat36.281000_lon127.259064,results_lat36.281000_lon127.259064_stat.txt
36.281398,127.306219,0.02164587715979234,0.01362896955581546,28,lat36.281398_lon127.306219,results_lat36.281398_lon127.306219_stat.txt
36.281402,127.305929,0.033983515458015465,0.02338012916885283,37,lat36.281402_lon127.305929,results_lat36.281402_lon127.305929_stat.txt
36.28152,127.314663,0.051603155527149135,0.026126627849346225,38,lat36.281520_lon127.314663,results_lat36.281520_lon127.314663_stat.txt
36.281727,127.452444,0.07847050664551232,0.17531484982925025,17,lat36.281727_lon127.452444,results_lat36.281727_lon127.452444_stat.txt
36.2819,127.319374,0.02580423111650146,0.012121185006528238,29,lat36.281900_lon127.319374,results_lat36.281900_lon127.319374_stat.txt
36.282136,127.479348,0.06125903549352447,0.029347124617723003,50,lat36.282136_lon127.479348,results_lat36.282136_lon127.479348_stat.txt
36.282207,127.277425,0.042718040059104484,0.023954663528533034,39,lat36.282207_lon127.277425,results_lat36.282207_lon127.277425_stat.txt
36.282214,127.254479,0.041362230112476944,0.022004982424996645,30,lat36.282214_lon127.254479,results_lat36.282214_lon127.254479_stat.txt
36.282446,127.297172,0.027015451523885823,0.02002639900247197,19,lat36.282446_lon127.297172,results_lat36.282446_lon127.297172_stat.txt
36.282528,127.394027,0.06707773985859625,0.19514942621536455,15,lat36.282528_lon127.394027,results_lat36.282528_lon127.394027_stat.txt
36.282532,127.344871,0.04577711761311434,0.18053107458178227,12,lat36.282532_lon127.344871,results_lat36.282532_lon127.344871_stat.txt
36.282794,127.372014,0.02147038427028586,0.010019688954022115,47,lat36.282794_lon127.372014,results_lat36.282794_lon127.372014_stat.txt
36.283162,127.469455,0.041368244948745504,0.028648440920060487,35,lat36.283162_lon127.469455,results_lat36.283162_lon127.469455_stat.txt
36.283207,127.428154,0.0334817221971612,0.015254801767821681,31,lat36.283207_lon127.428154,results_lat36.283207_lon127.428154_stat.txt
36.283313,127.339829,0.04915844401003693,0.1802680900385472,12,lat36.283313_lon127.339829,results_lat36.283313_lon127.339829_stat.txt
36.28341,127.339588,0.04888222660686129,0.18022181575775542,13,lat36.283410_lon127.339588,results_lat36.283410_lon127.339588_stat.txt
36.283563,127.385096,0.06516786623995124,0.17732472235447017,10,lat36.283563_lon127.385096,results_lat36.283563_lon127.385096_stat.txt
36.283584,127.472877,0.05852756927257897,0.0314739703652539,43,lat36.283584_lon127.472877,results_lat36.283584_lon127.472877_stat.txt
36.28372,127.474137,0.06638071723576665,0.17922172481038154,12,lat36.283720_lon127.474137,results_lat36.283720_lon127.474137_stat.txt
36.283838,127.463218,0.032274043686801354,0.021505172260548714,23,lat36.283838_lon127.463218,results_lat36.283838_lon127.463218_stat.txt
36.283984,127.323503,0.021514129042875568,0.014162699043357846,19,lat36.283984_lon127.323503,results_lat36.283984_lon127.323503_stat.txt
36.284037,127.322317,0.023161172443240882,0.012273897379607651,27,lat36.284037_lon127.322317,results_lat36.284037_lon127.322317_stat.txt
36.284352,127.282719,0.06276553128932737,0.031534320456872794,46,lat36.284352_lon127.282719,results_lat36.284352_lon127.282719_stat.txt
36.284491,127.362422,0.026352252497854153,0.019103730567261928,44,lat36.284491_lon127.362422,results_lat36.284491_lon127.362422_stat.txt
36.284681,127.408272,0.028333676910161833,0.015733431148796526,49,lat36.284681_lon127.408272,results_lat36.284681_lon127.408272_stat.txt
36.284965,127.259475,0.06314610927414915,0.1780290953473527,16,lat36.284965_lon127.259475,results_lat36.284965_lon127.259475_stat.txt
36.28498,127.298385,0.027352460883697034,0.015605765858739063,33,lat36.284980_lon127.298385,results_lat36.284980_lon127.298385_stat.txt
36.285089,127.308183,0.01935969528976005,0.013658065748652793,19,lat36.285089_lon127.308183,results_lat36.285089_lon127.308183_stat.txt
36.285479,127.370455,0.02274407376028476,0.01039926525940721,45,lat36.285479_lon127.370455,results_lat36.285479_lon127.370455_stat.txt
36.285664,127.412278,0.028191282259218183,0.010929781410639423,41,lat36.285664_lon127.412278,results_lat36.285664_lon127.412278_stat.txt
36.28576,127.315066,0.025222944948662052,0.014971745980855265,29,lat36.285760_lon127.315066,results_lat36.285760_lon127.315066_stat.txt
36.285963,127.438096,0.05556691759121787,0.034281666427815195,45,lat36.285963_lon127.438096,results_lat36.285963_lon127.438096_stat.txt
36.286129,127.325122,0.042474496396516494,0.18117751352643321,10,lat36.286129_lon127.325122,results_lat36.286129_lon127.325122_stat.txt
36.286718,127.374408,0.0545557483012078,0.13172339993009408,18,lat36.286718_lon127.374408,results_lat36.286718_lon127.374408_stat.txt
36.286793,127.462578,0.03360833202594762,0.025396100499103045,30,lat36.286793_lon127.462578,results_lat36.286793_lon127.462578_stat.txt
36.286971,127.454495,0.035748404150812804,0.022668130457516197,25,lat36.286971_lon127.454495,results_lat36.286971_lon127.454495_stat.txt
36.287748,127.462468,0.04852713300806883,0.028194803736303727,36,lat36.287748_lon127.462468,results_lat36.287748_lon127.462468_stat.txt
36.287854,127.401497,0.026574290727614427,0.01901411640856961,31,lat36.287854_lon127.401497,results_lat36.287854_lon127.401497_stat.txt
36.287939,127.264967,0.029913904791296225,0.015708108346735496,20,lat36.287939_lon127.264967,results_lat36.287939_lon127.264967_stat.txt
36.288334,127.317446,0.049302662386389785,0.025852899429588728,48,lat36.288334_lon127.317446,results_lat36.288334_lon127.317446_stat.txt
36.288603,127.267834,0.06435342141055533,0.042049722797037906,33,lat36.288603_lon127.267834,results_lat36.288603_lon127.267834_stat.txt
36.289395,127.461181,0.03777734903176396,0.028503726034569694,25,lat36.289395_lon127.461181,results_lat36.289395_lon127.461181_stat.txt
36.289477,127.429864,0.045614128610400484,0.02614726393540498,30,lat36.289477_lon127.429864,results_lat36.289477_lon127.429864_stat.txt
36.289859,127.372656,0.0750495940435269,0.16889633267181603,20,lat36.289859_lon127.372656,results_lat36.289859_lon127.372656_stat.txt
36.289911,127.443696,0.054482783593729024,0.17976893208125377,16,lat36.289911_lon127.443696,results_lat36.289911_lon127.443696_stat.txt
36.290401,127.340419,0.029732423148447245,0.024576026053340246,43,lat36.290401_lon127.340419,results_lat36.290401_lon127.340419_stat.txt
36.290448,127.275894,0.0705731783381442,0.03338129148029131,43,lat36.290448_lon127.275894,results_lat36.290448_lon127.275894_stat.txt
36.290464,127.392199,0.018889322680674055,0.010966633917353703,50,lat36.290464_lon127.392199,results_lat36.290464_lon127.392199_stat.txt
36.290648,127.346575,0.027264878504005698,0.015793741959829508,44,lat36.290648_lon127.346575,results_lat36.290648_lon127.346575_stat.txt
36.29066,127.465257,0.029350398894360735,0.020679074858270127,27,lat36.290660_lon127.465257,results_lat36.290660_lon127.465257_stat.txt
36.290817,127.487158,0.04904791445257614,0.029591320488236025,18,lat36.290817_lon127.487158,results_lat36.290817_lon127.487158_stat.txt
36.291021,127.317207,0.0679233538770171,0.03054433834347237,47,lat36.291021_lon127.317207,results_lat36.291021_lon127.317207_stat.txt
36.291148,127.336937,0.0177837818609805,0.012110671276660007,26,lat36.291148_lon127.336937,results_lat36.291148_lon127.336937_stat.txt
36.291234,127.487703,0.05004135361988578,0.03139925230992802,38,lat36.291234_lon127.487703,results_lat36.291234_lon127.487703_stat.txt
36.29162,127.273765,0.07536385497456942,0.03135943113368293,48,lat36.291620_lon127.273765,results_lat36.291620_lon127.273765_stat.txt
36.29172,127.270938,0.07049680438779389,0.04453640077973784,38,lat36.291720_lon127.270938,results_lat36.291720_lon127.270938_stat.txt
36.29179,127.324655,0.0723045660530702,0.05169986971391567,32,lat36.291790_lon127.324655,results_lat36.291790_lon127.324655_stat.txt
36.29179,127.417091,0.030918837470074664,0.019204459884621963,20,lat36.291790_lon127.417091,results_lat36.291790_lon127.417091_stat.txt
36.291862,127.361207,0.10979822562214228,0.21630010265057784,21,lat36.291862_lon127.361207,results_lat36.291862_lon127.361207_stat.txt
36.292066,127.420107,0.045816066989515694,0.024252231023082212,44,lat36.292066_lon127.420107,results_lat36.292066_lon127.420107_stat.txt
36.29233,127.404105,0.020341437904110485,0.012944241804792844,45,lat36.292330_lon127.404105,results_lat36.292330_lon127.404105_stat.txt
36.292354,127.327222,0.042363099444392205,0.18113376590068242,11,lat36.292354_lon127.327222,results_lat36.292354_lon127.327222_stat.txt
36.292524,127.452131,0.03396142583277828,0.018849181427699882,33,lat36.292524_lon127.452131,results_lat36.292524_lon127.452131_stat.txt
36.292571,127.398908,0.018205294749246922,0.010417302392347597,33,lat36.292571_lon127.398908,results_lat36.292571_lon127.398908_stat.txt
36.292624,127.451274,0.057156619447532274,0.0335501620090986,45,lat36.292624_lon127.451274,results_lat36.292624_lon127.451274_stat.txt
36.292709,127.349914,0.042946464097580066,0.18096881867526776,11,lat36.292709_lon127.349914,results_lat36.292709_lon127.349914_stat.txt
36.292849,127.274684,0.06517383383510637,0.03245752673352221,35,lat36.292849_lon127.274684,results_lat36.292849_lon127.274684_stat.txt
36.293024,127.438372,0.05215784743220353,0.17965507689613136,14,lat36.293024_lon127.438372,results_lat36.293024_lon127.438372_stat.txt
36.293433,127.438426,0.06362900642748394,0.03414671421281706,48,lat36.293433_lon127.438426,results_lat36.293433_lon127.438426_stat.txt
36.293675,127.462966,0.05194824648232436,0.0360438971073323,42,lat36.293675_lon127.462966,results_lat36.293675_lon127.462966_stat.txt
36.293698,127.27978,0.0714073120365887,0.17857382044152165,15,lat36.293698_lon127.279780,results_lat36.293698_lon127.279780_stat.txt
36.293905,127.370231,0.024545849264434167,0.020586953550946644,38,lat36.293905_lon127.370231,results_lat36.293905_lon127.370231_stat.txt
36.294008,127.350321,0.020675688208744526,0.013217007872385821,27,lat36.294008_lon127.350321,results_lat36.294008_lon127.350321_stat.txt
36.294614,127.330363,0.02266119354326069,0.012288575620783827,28,lat36.294614_lon127.330363,results_lat36.294614_lon127.330363_stat.txt
36.294823,127.389487,0.017817062747092487,0.009085084047718269,47,lat36.294823_lon127.389487,results_lat36.294823_lon127.389487_stat.txt
36.294904,127.276179,0.049592378738061986,0.03475283878539017,21,lat36.294904_lon127.276179,results_lat36.294904_lon127.276179_stat.txt
36.294965,127.386537,0.017118863497500567,0.00866422962239078,41,lat36.294965_lon127.386537,results_lat36.294965_lon127.386537_stat.txt
36.295241,127.355908,0.0214664151328894,0.012889388134205202,36,lat36.295241_lon127.355908,results_lat36.295241_lon127.355908_stat.txt
36.295488,127.38753,0.07311098185668241,0.16664826821521667,19,lat36.295488_lon127.387530,results_lat36.295488_lon127.387530_stat.txt
36.295518,127.385423,0.018112936565347224,0.013724584264894193,40,lat36.295518_lon127.385423,results_lat36.295518_lon127.385423_stat.txt
36.295528,127.342223,0.015915133178416672,0.01657068256721095,26,lat36.295528_lon127.342223,results_lat36.295528_lon127.342223_stat.txt
36.295579,127.376442,0.019339743760891617,0.009725661629727591,50,lat36.295579_lon127.376442,results_lat36.295579_lon127.376442_stat.txt
36.295597,127.376409,0.01803775448839812,0.01050053553759316,37,lat36.295597_lon127.376409,results_lat36.295597_lon127.376409_stat.txt
36.295656,127.430631,0.05153495216643708,0.03300665985958324,42,lat36.295656_lon127.430631,results_lat36.295656_lon127.430631_stat.txt
36.296269,127.331348,0.0200334242472314,0.01638720168833916,33,lat36.296269_lon127.331348,results_lat36.296269_lon127.331348_stat.txt
36.296381,127.433252,0.06879748810031824,0.03147245412760643,50,lat36.296381_lon127.433252,results_lat36.296381_lon127.433252_stat.txt
36.296417,127.440256,0.032458178145046646,0.02170293971624283,27,lat36.296417_lon127.440256,results_lat36.296417_lon127.440256_stat.txt
36.296424,127.390904,0.04293024514921791,0.18097541123236668,11,lat36.296424_lon127.390904,results_lat36.296424_lon127.390904_stat.txt
36.296569,127.405396,0.026121681299120385,0.01979444582102435,25,lat36.296569_lon127.405396,results_lat36.296569_lon127.405396_stat.txt
36.296801,127.323425,0.024379781536589613,0.01667134120515791,29,lat36.296801_lon127.323425,results_lat36.296801_lon127.323425_stat.txt
36.297309,127.429852,0.05210164352598931,0.0323610632013656,37,lat36.297309_lon127.429852,results_lat36.297309_lon127.429852_stat.txt
36.297691,127.375283,0.020413892188465677,0.015157991600801491,46,lat36.297691_lon127.375283,results_lat36.297691_lon127.375283_stat.txt
36.298133,127.36574,0.01930308191253881,0.014783603578252334,26,lat36.298133_lon127.365740,results_lat36.298133_lon127.365740_stat.txt
36.298138,127.44055,0.045373967020210695,0.027558113587962927,41,lat36.298138_lon127.440550,results_lat36.298138_lon127.440550_stat.txt
36.298198,127.383747,0.09911697681566863,0.23636554127376627,17,lat36.298198_lon127.383747,results_lat36.298198_lon127.383747_stat.txt
36.298283,127.326994,0.05094122064284596,0.18166016452866832,17,lat36.298283_lon127.326994,results_lat36.298283_lon127.326994_stat.txt
36.298401,127.360452,0.08959747366628033,0.20211852569750302,18,lat36.298401_lon127.360452,results_lat36.298401_lon127.360452_stat.txt
36.298644,127.451696,0.06610441358060688,0.0262964423846333,50,lat36.298644_lon127.451696,results_lat36.298644_lon127.451696_stat.txt
36.298653,127.39813,0.019452189773411618,0.010245334229989833,49,lat36.298653_lon127.398130,results_lat36.298653_lon127.398130_stat.txt
36.298859,127.412982,0.01813162579280812,0.01271971007367026,24,lat36.298859_lon127.412982,results_lat36.298859_lon127.412982_stat.txt
36.298922,127.333664,0.019752590622615508,0.01535918773153385,36,lat36.298922_lon127.333664,results_lat36.298922_lon127.333664_stat.txt
36.298961,127.365054,0.020630495827591407,0.01255376378614812,41,lat36.298961_lon127.365054,results_lat36.298961_lon127.365054_stat.txt
36.299697,127.446781,0.048493956343616286,0.02614954457108862,40,lat36.299697_lon127.446781,results_lat36.299697_lon127.446781_stat.txt
36.299976,127.462628,0.06497459923393947,0.17961842274876072,12,lat36.299976_lon127.462628,results_lat36.299976_lon127.462628_stat.txt
36.300124,127.438218,0.02807176910625068,0.03139181712284889,18,lat36.300124_lon127.438218,results_lat36.300124_lon127.438218_stat.txt
36.300494,127.375437,0.0181072148190903,0.010640409436742864,45,lat36.300494_lon127.375437,results_lat36.300494_lon127.375437_stat.txt
36.300584,127.337911,0.026410756543780563,0.02048311233222721,48,lat36.300584_lon127.337911,results_lat36.300584_lon127.337911_stat.txt
36.300756,127.416536,0.06267069188698564,0.029942778297653336,43,lat36.300756_lon127.416536,results_lat36.300756_lon127.416536_stat.txt
36.300917,127.359204,0.02233010665375398,0.016152378577193646,29,lat36.300917_lon127.359204,results_lat36.300917_lon127.359204_stat.txt
36.300949,127.294522,0.03400129056535809,0.02082737019738859,31,lat36.300949_lon127.294522,results_lat36.300949_lon127.294522_stat.txt
36.300977,127.349746,0.021899840064284484,0.015716316431843232,45,lat36.300977_lon127.349746,results_lat36.300977_lon127.349746_stat.txt
36.301047,127.350353,0.04079302233533421,0.18149422317683434,12,lat36.301047_lon127.350353,results_lat36.301047_lon127.350353_stat.txt
36.301087,127.339398,0.020858100839596726,0.014215718350397588,45,lat36.301087_lon127.339398,results_lat36.301087_lon127.339398_stat.txt
36.301453,127.37554,0.09757225559436025,0.23192898776254067,15,lat36.301453_lon127.375540,results_lat36.301453_lon127.375540_stat.txt
36.301957,127.456293,0.056239544182446664,0.17919609596749514,10,lat36.301957_lon127.456293,results_lat36.301957_lon127.456293_stat.txt
36.301989,127.442629,0.038598421991438696,0.029237418854131194,35,lat36.301989_lon127.442629,results_lat36.301989_lon127.442629_stat.txt
36.302132,127.461314,0.05181578487607987,0.028560687259808926,41,lat36.302132_lon127.461314,results_lat36.302132_lon127.461314_stat.txt
36.30253,127.433178,0.0534813739818403,0.03719430981425239,29,lat36.302530_lon127.433178,results_lat36.302530_lon127.433178_stat.txt
36.302636,127.459433,0.04529708680722423,0.032331011022219795,37,lat36.302636_lon127.459433,results_lat36.302636_lon127.459433_stat.txt
36.302861,127.28269,0.039416463066748064,0.018961534225899173,28,lat36.302861_lon127.282690,results_lat36.302861_lon127.282690_stat.txt
36.302908,127.314362,0.019045741342541167,0.01509101032633308,20,lat36.302908_lon127.314362,results_lat36.302908_lon127.314362_stat.txt
36.302915,127.282658,0.0628634271409946,0.038555684858360174,44,lat36.302915_lon127.282658,results_lat36.302915_lon127.282658_stat.txt
36.302969,127.365436,0.02025097672715574,0.01627707079218436,33,lat36.302969_lon127.365436,results_lat36.302969_lon127.365436_stat.txt
36.302986,127.348961,0.02086548845547846,0.01430333668233477,36,lat36.302986_lon127.348961,results_lat36.302986_lon127.348961_stat.txt
36.303296,127.263765,0.07675340953443774,0.17808073880739247,17,lat36.303296_lon127.263765,results_lat36.303296_lon127.263765_stat.txt
36.303526,127.457245,0.040100526201285965,0.021624129863585556,42,lat36.303526_lon127.457245,results_lat36.303526_lon127.457245_stat.txt
36.303576,127.271818,0.0651311640252295,0.178054154445678,14,lat36.303576_lon127.271818,results_lat36.303576_lon127.271818_stat.txt
36.304145,127.436662,0.04001669264522381,0.0385599533633899,26,lat36.304145_lon127.436662,results_lat36.304145_lon127.436662_stat.txt
36.30448,127.309508,0.06259075373862251,0.03767631050225457,34,lat36.304480_lon127.309508,results_lat36.304480_lon127.309508_stat.txt
36.304604,127.431816,0.02947263955672641,0.0369289246511974,18,lat36.304604_lon127.431816,results_lat36.304604_lon127.431816_stat.txt
36.304677,127.365571,0.01840526289973442,0.0108045820850336,43,lat36.304677_lon127.365571,results_lat36.304677_lon127.365571_stat.txt
36.3051,127.300016,0.0645492185124071,0.17941136011114606,17,lat36.305100_lon127.300016,results_lat36.305100_lon127.300016_stat.txt
36.305364,127.372981,0.018531099718890876,0.010929407421822449,30,lat36.305364_lon127.372981,results_lat36.305364_lon127.372981_stat.txt
36.305518,127.414779,0.07047708747829197,0.04290440149788527,40,lat36.305518_lon127.414779,results_lat36.305518_lon127.414779_stat.txt
36.305572,127.481461,0.05363224535215015,0.030041067366928454,39,lat36.305572_lon127.481461,results_lat36.305572_lon127.481461_stat.txt
36.306241,127.343676,0.0161707223506517,0.016443316545105887,21,lat36.306241_lon127.343676,results_lat36.306241_lon127.343676_stat.txt
36.306314,127.45183,0.031009772199073006,0.02457278156419785,23,lat36.306314_lon127.451830,results_lat36.306314_lon127.451830_stat.txt
36.306418,127.365681,0.015495807196491511,0.011536463065097249,34,lat36.306418_lon127.365681,results_lat36.306418_lon127.365681_stat.txt
36.306784,127.29419,0.04192906790066158,0.02223005358697415,37,lat36.306784_lon127.294190,results_lat36.306784_lon127.294190_stat.txt
36.306999,127.423342,0.058781455422775054,0.03457482795738363,43,lat36.306999_lon127.423342,results_lat36.306999_lon127.423342_stat.txt
36.30704,127.367692,0.05225805221541619,0.14685984692496556,24,lat36.307040_lon127.367692,results_lat36.307040_lon127.367692_stat.txt
36.307426,127.459609,0.026783241902483275,0.019721257648008764,19,lat36.307426_lon127.459609,results_lat36.307426_lon127.459609_stat.txt
36.307588,127.451119,0.025847040909974695,0.02051065810630081,19,lat36.307588_lon127.451119,results_lat36.307588_lon127.451119_stat.txt
36.307591,127.27573,0.07233663897222327,0.04031283864934831,26,lat36.307591_lon127.275730,results_lat36.307591_lon127.275730_stat.txt
36.307798,127.41053,0.026450027673742545,0.030575189078648268,23,lat36.307798_lon127.410530,results_lat36.307798_lon127.410530_stat.txt
36.307805,127.264189,0.0707981879432169,0.043943372130297906,32,lat36.307805_lon127.264189,results_lat36.307805_lon127.264189_stat.txt
36.307818,127.392763,0.021744329469758298,0.02006081098885718,31,lat36.307818_lon127.392763,results_lat36.307818_lon127.392763_stat.txt
36.308074,127.319507,0.022488149259275687,0.0175535726563194,23,lat36.308074_lon127.319507,results_lat36.308074_lon127.319507_stat.txt
36.308183,127.438021,0.039080908514543315,0.04055848733663307,27,lat36.308183_lon127.438021,results_lat36.308183_lon127.438021_stat.txt
36.30821,127.385855,0.022091880140032397,0.01571259821246668,26,lat36.308210_lon127.385855,results_lat36.308210_lon127.385855_stat.txt
36.30861,127.310081,0.05294410034980175,0.18004200171543763,15,lat36.308610_lon127.310081,results_lat36.308610_lon127.310081_stat.txt
36.308617,127.310178,0.039951516120208835,0.02249064143758708,45,lat36.308617_lon127.310178,results_lat36.308617_lon127.310178_stat.txt
36.308856,127.310969,0.032816015824692076,0.0237781221289031,36,lat36.308856_lon127.310969,results_lat36.308856_lon127.310969_stat.txt
36.308898,127.411434,0.04299476809778559,0.1813133843054613,15,lat36.308898_lon127.411434,results_lat36.308898_lon127.411434_stat.txt
36.309317,127.424269,0.04858678266026853,0.038519681347228565,32,lat36.309317_lon127.424269,results_lat36.309317_lon127.424269_stat.txt
36.309622,127.269883,0.05500374095277785,0.03773591308742093,25,lat36.309622_lon127.269883,results_lat36.309622_lon127.269883_stat.txt
36.309829,127.394754,0.01379856037601321,0.01306545631562779,23,lat36.309829_lon127.394754,results_lat36.309829_lon127.394754_stat.txt
36.309878,127.375138,0.04119648836855491,0.18139303570338344,10,lat36.309878_lon127.375138,results_lat36.309878_lon127.375138_stat.txt
36.310226,127.284356,0.02876967303686917,0.01890855575574757,22,lat36.310226_lon127.284356,results_lat36.310226_lon127.284356_stat.txt
36.310512,127.392855,0.060093318330906344,0.19657849983071443,15,lat36.310512_lon127.392855,results_lat36.310512_lon127.392855_stat.txt
36.310664,127.314153,0.040332631404635694,0.017717784190646874,50,lat36.310664_lon127.314153,results_lat36.310664_lon127.314153_stat.txt
36.310992,127.316929,0.034303249396362985,0.02404005151679038,41,lat36.310992_lon127.316929,results_lat36.310992_lon127.316929_stat.txt
36.31118,127.373529,0.019892055291819356,0.014525769416313108,38,lat36.311180_lon127.373529,results_lat36.311180_lon127.373529_stat.txt
36.312175,127.348636,0.021106744453545895,0.015644429631459806,37,lat36.312175_lon127.348636,results_lat36.312175_lon127.348636_stat.txt
36.31251,127.353653,0.03856393299680385,0.1817243835390453,10,lat36.312510_lon127.353653,results_lat36.312510_lon127.353653_stat.txt
36.312745,127.266811,0.06426122035185373,0.03475746533408809,35,lat36.312745_lon127.266811,results_lat36.312745_lon127.266811_stat.txt
36.312881,127.281904,0.032659927362094894,0.015452899604145637,24,lat36.312881_lon127.281904,results_lat36.312881_lon127.281904_stat.txt
36.312955,127.414428,0.029119350166337862,0.027004925715280594,23,lat36.312955_lon127.414428,results_lat36.312955_lon127.414428_stat.txt
36.313248,127.345868,0.04807750344696029,0.180553518587656,16,lat36.313248_lon127.345868,results_lat36.313248_lon127.345868_stat.txt
36.313462,127.266055,0.056964693421844355,0.04154542327357165,25,lat36.313462_lon127.266055,results_lat36.313462_lon127.266055_stat.txt
36.313479,127.425255,0.06107535698694349,0.02686120490232364,48,lat36.313479_lon127.425255,results_lat36.313479_lon127.425255_stat.txt
36.313717,127.345908,0.019225122880165556,0.01156837389735426,35,lat36.313717_lon127.345908,results_lat36.313717_lon127.345908_stat.txt
36.313741,127.460267,0.028593949445823507,0.023227280153784648,24,lat36.313741_lon127.460267,results_lat36.313741_lon127.460267_stat.txt
36.313817,127.472957,0.0345349335871362,0.021011896530397617,34,lat36.313817_lon127.472957,results_lat36.313817_lon127.472957_stat.txt
36.313888,127.305781,0.04795893546613983,0.026638951121390614,47,lat36.313888_lon127.305781,results_lat36.313888_lon127.305781_stat.txt
36.314141,127.479151,0.05543048695710348,0.02513839578260168,48,lat36.314141_lon127.479151,results_lat36.314141_lon127.479151_stat.txt
36.314357,127.3934,0.04585261183446146,0.18063542820516176,16,lat36.314357_lon127.393400,results_lat36.314357_lon127.393400_stat.txt
36.314539,127.395132,0.060157705224908486,0.03577684632793751,39,lat36.314539_lon127.395132,results_lat36.314539_lon127.395132_stat.txt
36.314907,127.300861,0.03195677825681161,0.01512971692652878,28,lat36.314907_lon127.300861,results_lat36.314907_lon127.300861_stat.txt
36.314932,127.262787,0.0635043032744914,0.04137926194829424,31,lat36.314932_lon127.262787,results_lat36.314932_lon127.262787_stat.txt
36.315,127.33526,0.023165302833955823,0.021303253496590784,21,lat36.315000_lon127.335260,results_lat36.315000_lon127.335260_stat.txt
36.315121,127.335529,0.03715985763606154,0.02375505111351032,49,lat36.315121_lon127.335529,results_lat36.315121_lon127.335529_stat.txt
36.315126,127.42896,0.053831546583719685,0.03253152685254818,41,lat36.315126_lon127.428960,results_lat36.315126_lon127.428960_stat.txt
36.315173,127.423221,0.027568638904326537,0.035855724971289395,23,lat36.315173_lon127.423221,results_lat36.315173_lon127.423221_stat.txt
36.315726,127.322687,0.052746434761400555,0.1798358254190103,16,lat36.315726_lon127.322687,results_lat36.315726_lon127.322687_stat.txt
36.315921,127.47106,0.0388849737429633,0.016749913698832882,45,lat36.315921_lon127.471060,results_lat36.315921_lon127.471060_stat.txt
36.316151,127.345493,0.01795923844208725,0.015038262507179575,23,lat36.316151_lon127.345493,results_lat36.316151_lon127.345493_stat.txt
36.3164,127.39136,0.06166929368636837,0.19952796138092185,14,lat36.316400_lon127.391360,results_lat36.316400_lon127.391360_stat.txt
36.316851,127.320329,0.026588371626061758,0.015841013202121258,31,lat36.316851_lon127.320329,results_lat36.316851_lon127.320329_stat.txt
36.316981,127.262296,0.07850024804413111,0.03340786000688358,49,lat36.316981_lon127.262296,results_lat36.316981_lon127.262296_stat.txt
36.317146,127.311944,0.02974669526315503,0.020063108708475937,37,lat36.317146_lon127.311944,results_lat36.317146_lon127.311944_stat.txt
36.317157,127.368434,0.048489573556282736,0.1804668265188891,16,lat36.317157_lon127.368434,results_lat36.317157_lon127.368434_stat.txt
36.317189,127.430358,0.04572049086613861,0.03294894450974656,37,lat36.317189_lon127.430358,results_lat36.317189_lon127.430358_stat.txt
36.317749,127.270493,0.07853330432336973,0.03454087364781191,45,lat36.317749_lon127.270493,results_lat36.317749_lon127.270493_stat.txt
36.317852,127.316982,0.02691770648662226,0.014326686717181807,30,lat36.317852_lon127.316982,results_lat36.317852_lon127.316982_stat.txt
36.317894,127.27388,0.11465364183424424,0.03845526327708603,47,lat36.317894_lon127.273880,results_lat36.317894_lon127.273880_stat.txt
36.317922,127.346468,0.02096205072965846,0.020528152469175408,24,lat36.317922_lon127.346468,results_lat36.317922_lon127.346468_stat.txt
36.318786,127.467371,0.059644697851443544,0.17911966032488535,10,lat36.318786_lon127.467371,results_lat36.318786_lon127.467371_stat.txt
36.318926,127.319099,0.03016019864819994,0.018980217977075567,37,lat36.318926_lon127.319099,results_lat36.318926_lon127.319099_stat.txt
36.318931,127.38782,0.017431628052297265,0.010353220701210034,43,lat36.318931_lon127.387820,results_lat36.318931_lon127.387820_stat.txt
36.319253,127.470034,0.02958678355548341,0.0162353224097757,27,lat36.319253_lon127.470034,results_lat36.319253_lon127.470034_stat.txt
36.319333,127.378106,0.0071575683618662145,0.005608945041292375,19,lat36.319333_lon127.378106,results_lat36.319333_lon127.378106_stat.txt
36.319339,127.263498,0.06615717369806332,0.17836812146844153,13,lat36.319339_lon127.263498,results_lat36.319339_lon127.263498_stat.txt
36.319889,127.273134,0.11745060336567145,0.04014108610423884,44,lat36.319889_lon127.273134,results_lat36.319889_lon127.273134_stat.txt
36.320056,127.393172,0.035257673887278664,0.028471614503973498,42,lat36.320056_lon127.393172,results_lat36.320056_lon127.393172_stat.txt
36.32008,127.30249,0.02938127836946244,0.020705653680217272,29,lat36.320080_lon127.302490,results_lat36.320080_lon127.302490_stat.txt
36.320314,127.389188,0.02083909577012822,0.014472051598735259,47,lat36.320314_lon127.389188,results_lat36.320314_lon127.389188_stat.txt
36.320569,127.264219,0.08390390034674458,0.031330402827051934,48,lat36.320569_lon127.264219,results_lat36.320569_lon127.264219_stat.txt
36.320702,127.460064,0.04183699956483452,0.030030397478354304,38,lat36.320702_lon127.460064,results_lat36.320702_lon127.460064_stat.txt
36.320915,127.451003,0.06141874112660048,0.1791702619388619,15,lat36.320915_lon127.451003,results_lat36.320915_lon127.451003_stat.txt
36.321241,127.461207,0.02906112360566181,0.021590038079898042,29,lat36.321241_lon127.461207,results_lat36.321241_lon127.461207_stat.txt
36.321507,127.309554,0.02949726093268447,0.0170730569986599,33,lat36.321507_lon127.309554,results_lat36.321507_lon127.309554_stat.txt
36.322095,127.421672,0.05114460229487754,0.18081922585779678,17,lat36.322095_lon127.421672,results_lat36.322095_lon127.421672_stat.txt
36.322109,127.430443,0.030193283804117333,0.03612473590493415,26,lat36.322109_lon127.430443,results_lat36.322109_lon127.430443_stat.txt
36.32214,127.37369,0.018327899614104023,0.012780491360131234,40,lat36.322140_lon127.373690,results_lat36.322140_lon127.373690_stat.txt
36.322146,127.444779,0.04854764607747876,0.027513600476761865,49,lat36.322146_lon127.444779,results_lat36.322146_lon127.444779_stat.txt
36.322163,127.271635,0.10614382745092542,0.05527090173346013,33,lat36.322163_lon127.271635,results_lat36.322163_lon127.271635_stat.txt
36.322494,127.312457,0.052352374843465124,0.036362436706807354,30,lat36.322494_lon127.312457,results_lat36.322494_lon127.312457_stat.txt
36.322523,127.332958,0.02865530132912887,0.01667852789851592,27,lat36.322523_lon127.332958,results_lat36.322523_lon127.332958_stat.txt
36.322573,127.293967,0.03187111227455906,0.02167256092682861,19,lat36.322573_lon127.293967,results_lat36.322573_lon127.293967_stat.txt
36.32273,127.296455,0.050078581966408214,0.033561404407813564,43,lat36.322730_lon127.296455,results_lat36.322730_lon127.296455_stat.txt
36.322776,127.449538,0.03906000968029837,0.02603459922934888,38,lat36.322776_lon127.449538,results_lat36.322776_lon127.449538_stat.txt
36.322907,127.290553,0.04635805266607676,0.030010888122250088,38,lat36.322907_lon127.290553,results_lat36.322907_lon127.290553_stat.txt
36.323044,127.417453,0.03789911639760725,0.1818133129486713,10,lat36.323044_lon127.417453,results_lat36.323044_lon127.417453_stat.txt
36.323365,127.470452,0.06514203307446544,0.17852752188705218,14,lat36.323365_lon127.470452,results_lat36.323365_lon127.470452_stat.txt
36.323462,127.323753,0.058742450970578,0.03974405164630899,35,lat36.323462_lon127.323753,results_lat36.323462_lon127.323753_stat.txt
36.323584,127.324722,0.06634281425328846,0.034862945983322895,37,lat36.323584_lon127.324722,results_lat36.323584_lon127.324722_stat.txt
36.323651,127.401942,0.03807460123655077,0.041140204309331484,30,lat36.323651_lon127.401942,results_lat36.323651_lon127.401942_stat.txt
36.323965,127.419784,0.03355021999725543,0.027681329207353056,27,lat36.323965_lon127.419784,results_lat36.323965_lon127.419784_stat.txt
36.324223,127.437873,0.03682984191196612,0.024795350678854428,36,lat36.324223_lon127.437873,results_lat36.324223_lon127.437873_stat.txt
36.324356,127.30786,0.031774980835638414,0.03666345687584647,19,lat36.324356_lon127.307860,results_lat36.324356_lon127.307860_stat.txt
36.324394,127.472552,0.053362118725791254,0.03990734466108651,40,lat36.324394_lon127.472552,results_lat36.324394_lon127.472552_stat.txt
36.324719,127.326467,0.049050698131351746,0.18013025574260458,13,lat36.324719_lon127.326467,results_lat36.324719_lon127.326467_stat.txt
36.325062,127.375909,0.014146815100766211,0.01171846659725628,30,lat36.325062_lon127.375909,results_lat36.325062_lon127.375909_stat.txt
36.325458,127.43462,0.0437583078128178,0.030694796083199197,43,lat36.325458_lon127.434620,results_lat36.325458_lon127.434620_stat.txt
36.325872,127.414137,0.04945977989901054,0.030915738632431147,41,lat36.325872_lon127.414137,results_lat36.325872_lon127.414137_stat.txt
36.326161,127.441914,0.04711781306829635,0.03161435222947521,45,lat36.326161_lon127.441914,results_lat36.326161_lon127.441914_stat.txt
36.326338,127.419809,0.05959626614315384,0.02278239141601592,49,lat36.326338_lon127.419809,results_lat36.326338_lon127.419809_stat.txt
36.326775,127.38001,0.015538295753019727,0.010000998346117843,28,lat36.326775_lon127.380010,results_lat36.326775_lon127.380010_stat.txt
36.326948,127.32081,0.048836929386875914,0.18010419760964158,13,lat36.326948_lon127.320810,results_lat36.326948_lon127.320810_stat.txt
36.327583,127.460415,0.06193281029294659,0.18015611227910489,15,lat36.327583_lon127.460415,results_lat36.327583_lon127.460415_stat.txt
36.328398,127.477996,0.03821656050907583,0.02442400429688534,31,lat36.328398_lon127.477996,results_lat36.328398_lon127.477996_stat.txt
36.328834,127.371149,0.007512456810192495,0.007112484780256911,19,lat36.328834_lon127.371149,results_lat36.328834_lon127.371149_stat.txt
36.328993,127.380859,0.039873717325298604,0.18146846056273155,11,lat36.328993_lon127.380859,results_lat36.328993_lon127.380859_stat.txt
36.329254,127.428603,0.037319831974160125,0.02984305446531093,32,lat36.329254_lon127.428603,results_lat36.329254_lon127.428603_stat.txt
36.329383,127.369912,0.01128821263678756,0.010235463223483579,23,lat36.329383_lon127.369912,results_lat36.329383_lon127.369912_stat.txt
36.329868,127.269348,0.09781557313297183,0.17486669541504507,14,lat36.329868_lon127.269348,results_lat36.329868_lon127.269348_stat.txt
36.330034,127.488961,0.034393952832614746,0.019224370113851034,24,lat36.330034_lon127.488961,results_lat36.330034_lon127.488961_stat.txt
36.330083,127.270821,0.1035020574087406,0.1741740123782217,17,lat36.330083_lon127.270821,results_lat36.330083_lon127.270821_stat.txt
36.330106,127.273935,0.06665900543898373,0.02919854410829552,32,lat36.330106_lon127.273935,results_lat36.330106_lon127.273935_stat.txt
36.330878,127.484671,0.0312972258921415,0.017031025675228805,28,lat36.330878_lon127.484671,results_lat36.330878_lon127.484671_stat.txt
36.330946,127.439342,0.06377331312745196,0.18013177068877323,14,lat36.330946_lon127.439342,results_lat36.330946_lon127.439342_stat.txt
36.331011,127.430668,0.03973994437834501,0.02789765183824577,36,lat36.331011_lon127.430668,results_lat36.331011_lon127.430668_stat.txt
36.331381,127.457275,0.018127415364600264,0.017875394531750927,26,lat36.331381_lon127.457275,results_lat36.331381_lon127.457275_stat.txt
36.331676,127.460315,0.05238114810118254,0.17980212488363137,10,lat36.331676_lon127.460315,results_lat36.331676_lon127.460315_stat.txt
36.331826,127.467125,0.05989020216214156,0.1793485901734788,13,lat36.331826_lon127.467125,results_lat36.331826_lon127.467125_stat.txt
36.331902,127.328392,0.04038944127389133,0.033692134979771464,40,lat36.331902_lon127.328392,results_lat36.331902_lon127.328392_stat.txt
36.332251,127.354755,0.021426200924279142,0.012932511608584912,33,lat36.332251_lon127.354755,results_lat36.332251_lon127.354755_stat.txt
36.332599,127.474461,0.052826734420967074,0.02988077224088394,47,lat36.332599_lon127.474461,results_lat36.332599_lon127.474461_stat.txt
36.33268,127.412281,0.045335506672401625,0.18107250869920294,14,lat36.332680_lon127.412281,results_lat36.332680_lon127.412281_stat.txt
36.332822,127.331782,0.04257434481143739,0.18119449915525276,10,lat36.332822_lon127.331782,results_lat36.332822_lon127.331782_stat.txt
36.333363,127.340914,0.026638578049352254,0.028689095943918455,33,lat36.333363_lon127.340914,results_lat36.333363_lon127.340914_stat.txt
36.333437,127.327772,0.050769100941388895,0.032072949229015324,35,lat36.333437_lon127.327772,results_lat36.333437_lon127.327772_stat.txt
36.333683,127.405713,0.05498519862558614,0.033161635845643724,41,lat36.333683_lon127.405713,results_lat36.333683_lon127.405713_stat.txt
36.333866,127.363665,0.028717277947782404,0.02745194858803349,24,lat36.333866_lon127.363665,results_lat36.333866_lon127.363665_stat.txt
36.334106,127.309818,0.04823448000555377,0.18025280937477803,12,lat36.334106_lon127.309818,results_lat36.334106_lon127.309818_stat.txt
36.334355,127.393106,0.04053243337524343,0.18139759562014748,16,lat36.334355_lon127.393106,results_lat36.334355_lon127.393106_stat.txt
36.334442,127.450842,0.02345359098932438,0.014944434077211289,42,lat36.334442_lon127.450842,results_lat36.334442_lon127.450842_stat.txt
36.33502,127.468789,0.033776334073407716,0.017432453089616863,40,lat36.335020_lon127.468789,results_lat36.335020_lon127.468789_stat.txt
36.335104,127.339983,0.04671541452845176,0.18027549645117485,14,lat36.335104_lon127.339983,results_lat36.335104_lon127.339983_stat.txt
36.335136,127.418596,0.03166836412518996,0.02743316648778451,25,lat36.335136_lon127.418596,results_lat36.335136_lon127.418596_stat.txt
36.335142,127.295796,0.06573345122368449,0.03222219002813002,46,lat36.335142_lon127.295796,results_lat36.335142_lon127.295796_stat.txt
36.33523,127.483338,0.044668017497406114,0.025336511361208666,40,lat36.335230_lon127.483338,results_lat36.335230_lon127.483338_stat.txt
36.335772,127.328396,0.0480576162608169,0.1805431700109062,11,lat36.335772_lon127.328396,results_lat36.335772_lon127.328396_stat.txt
36.335884,127.369002,0.04056894711313607,0.035712191058513074,29,lat36.335884_lon127.369002,results_lat36.335884_lon127.369002_stat.txt
36.336168,127.382932,0.042288894724276924,0.18129526273445987,12,lat36.336168_lon127.382932,results_lat36.336168_lon127.382932_stat.txt
36.33621,127.456375,0.021804998368130254,0.014718639133426152,24,lat36.336210_lon127.456375,results_lat36.336210_lon127.456375_stat.txt
36.336518,127.36532,0.08955774403703891,0.04457656088311029,50,lat36.336518_lon127.365320,results_lat36.336518_lon127.365320_stat.txt
36.336743,127.490776,0.06371943410233026,0.03293258817646373,48,lat36.336743_lon127.490776,results_lat36.336743_lon127.490776_stat.txt
36.337066,127.445803,0.018775909183547657,0.011187010862257991,32,lat36.337066_lon127.445803,results_lat36.337066_lon127.445803_stat.txt
36.337415,127.463812,0.032914711214020544,0.019197175124721584,48,lat36.337415_lon127.463812,results_lat36.337415_lon127.463812_stat.txt
36.337421,127.334745,0.05371284732053637,0.02637811633455615,44,lat36.337421_lon127.334745,results_lat36.337421_lon127.334745_stat.txt
36.337576,127.387649,0.034623237595412346,0.028352221110482655,31,lat36.337576_lon127.387649,results_lat36.337576_lon127.387649_stat.txt
36.337815,127.384416,0.025125840997012722,0.02254151030878738,27,lat36.337815_lon127.384416,results_lat36.337815_lon127.384416_stat.txt
36.338056,127.38476,0.02715168937286488,0.023858516049674375,27,lat36.338056_lon127.384760,results_lat36.338056_lon127.384760_stat.txt
36.338403,127.43203,0.024273423383872648,0.01797105031673237,31,lat36.338403_lon127.432030,results_lat36.338403_lon127.432030_stat.txt
36.338554,127.472951,0.03395851593818297,0.024518163039380012,24,lat36.338554_lon127.472951,results_lat36.338554_lon127.472951_stat.txt
36.339643,127.472021,0.03125764509963333,0.02133643486793844,27,lat36.339643_lon127.472021,results_lat36.339643_lon127.472021_stat.txt
36.339691,127.481864,0.03644936898101574,0.02355231292520932,24,lat36.339691_lon127.481864,results_lat36.339691_lon127.481864_stat.txt
36.339745,127.478574,0.03283572774255793,0.016752668336062374,29,lat36.339745_lon127.478574,results_lat36.339745_lon127.478574_stat.txt
36.340105,127.482477,0.039262650567603544,0.02898103719703175,18,lat36.340105_lon127.482477,results_lat36.340105_lon127.482477_stat.txt
36.340302,127.41574,0.046091434717016565,0.028505397062831044,34,lat36.340302_lon127.415740,results_lat36.340302_lon127.415740_stat.txt
36.340308,127.302829,0.05877660952178148,0.02746809122959072,45,lat36.340308_lon127.302829,results_lat36.340308_lon127.302829_stat.txt
36.340447,127.458131,0.026862737849436595,0.01402950220243774,45,lat36.340447_lon127.458131,results_lat36.340447_lon127.458131_stat.txt
36.340559,127.484131,0.06282822969097107,0.03744499112014428,49,lat36.340559_lon127.484131,results_lat36.340559_lon127.484131_stat.txt
36.341211,127.320063,0.05792048220768919,0.028422322897174224,45,lat36.341211_lon127.320063,results_lat36.341211_lon127.320063_stat.txt
36.341369,127.464897,0.04138363785169745,0.025185048130783073,43,lat36.341369_lon127.464897,results_lat36.341369_lon127.464897_stat.txt
36.341523,127.300826,0.05711147755032776,0.025860173896819223,43,lat36.341523_lon127.300826,results_lat36.341523_lon127.300826_stat.txt
36.342152,127.377706,0.02505969581042908,0.025718322414424635,20,lat36.342152_lon127.377706,results_lat36.342152_lon127.377706_stat.txt
36.342601,127.439749,0.026440921614462362,0.015662788391010152,50,lat36.342601_lon127.439749,results_lat36.342601_lon127.439749_stat.txt
36.342813,127.324804,0.04289343758719688,0.1809757854415948,10,lat36.342813_lon127.324804,results_lat36.342813_lon127.324804_stat.txt
36.342863,127.395238,0.029302227110711784,0.028639918416233395,32,lat36.342863_lon127.395238,results_lat36.342863_lon127.395238_stat.txt
36.342873,127.346966,0.05717540313385691,0.03554264403812532,36,lat36.342873_lon127.346966,results_lat36.342873_lon127.346966_stat.txt
36.342939,127.417128,0.05687883618972019,0.026888242574971175,47,lat36.342939_lon127.417128,results_lat36.342939_lon127.417128_stat.txt
36.34345,127.332203,0.054052330406088346,0.035592500088497674,31,lat36.343450_lon127.332203,results_lat36.343450_lon127.332203_stat.txt
36.343588,127.311272,0.037461967969583614,0.04089784614735499,22,lat36.343588_lon127.311272,results_lat36.343588_lon127.311272_stat.txt
36.343693,127.419547,0.05389252677874546,0.03183216000960951,34,lat36.343693_lon127.419547,results_lat36.343693_lon127.419547_stat.txt
36.344317,127.297452,0.05105104887476413,0.04301080696084624,29,lat36.344317_lon127.297452,results_lat36.344317_lon127.297452_stat.txt
36.344317,127.509202,0.0598047471017707,0.17845416939474285,13,lat36.344317_lon127.509202,results_lat36.344317_lon127.509202_stat.txt
36.344478,127.500262,0.04210237489908927,0.030023637938999613,26,lat36.344478_lon127.500262,results_lat36.344478_lon127.500262_stat.txt
36.344818,127.342235,0.04641506540663946,0.03371164856095472,33,lat36.344818_lon127.342235,results_lat36.344818_lon127.342235_stat.txt
36.345098,127.308492,0.037974435554230544,0.03476300195657763,22,lat36.345098_lon127.308492,results_lat36.345098_lon127.308492_stat.txt
36.345218,127.42937,0.05191727155448834,0.18030941549994503,17,lat36.345218_lon127.429370,results_lat36.345218_lon127.429370_stat.txt
36.345331,127.341704,0.04430387765883947,0.03336872967340733,33,lat36.345331_lon127.341704,results_lat36.345331_lon127.341704_stat.txt
36.345609,127.334911,0.04741327023394579,0.030348601709252347,35,lat36.345609_lon127.334911,results_lat36.345609_lon127.334911_stat.txt
36.345847,127.337928,0.04808731481518289,0.04027931304638391,30,lat36.345847_lon127.337928,results_lat36.345847_lon127.337928_stat.txt
36.346199,127.312861,0.05181093065197537,0.03677715609250878,33,lat36.346199_lon127.312861,results_lat36.346199_lon127.312861_stat.txt
36.346202,127.419838,0.0462834394888936,0.02591040802850243,32,lat36.346202_lon127.419838,results_lat36.346202_lon127.419838_stat.txt
36.346208,127.354434,0.04176267738204104,0.026413000872354608,28,lat36.346208_lon127.354434,results_lat36.346208_lon127.354434_stat.txt
36.346278,127.330257,0.05152138715541965,0.022712254628097842,50,lat36.346278_lon127.330257,results_lat36.346278_lon127.330257_stat.txt
36.346418,127.375269,0.04137912663362132,0.03795823285619389,29,lat36.346418_lon127.375269,results_lat36.346418_lon127.375269_stat.txt
36.346452,127.29075,0.04108598529302466,0.02774065506455002,28,lat36.346452_lon127.290750,results_lat36.346452_lon127.290750_stat.txt
36.346836,127.324501,0.0582034353017852,0.02336946115510384,45,lat36.346836_lon127.324501,results_lat36.346836_lon127.324501_stat.txt
36.346853,127.382888,0.04182815835437783,0.18105988506690035,14,lat36.346853_lon127.382888,results_lat36.346853_lon127.382888_stat.txt
36.347106,127.337911,0.04764416805068676,0.18027246489220777,13,lat36.347106_lon127.337911,results_lat36.347106_lon127.337911_stat.txt
36.34727,127.331049,0.03790776330880801,0.025901202193075814,29,lat36.347270_lon127.331049,results_lat36.347270_lon127.331049_stat.txt
36.347592,127.482825,0.034347604071351644,0.018069231298966794,33,lat36.347592_lon127.482825,results_lat36.347592_lon127.482825_stat.txt
36.347842,127.497925,0.049480544971814755,0.025497535765989433,46,lat36.347842_lon127.497925,results_lat36.347842_lon127.497925_stat.txt
36.347989,127.300334,0.048205068901153704,0.02819293337830982,31,lat36.347989_lon127.300334,results_lat36.347989_lon127.300334_stat.txt
36.348009,127.449262,0.028838304718286172,0.01739414301826259,47,lat36.348009_lon127.449262,results_lat36.348009_lon127.449262_stat.txt
36.348581,127.472132,0.030320957648570603,0.02049324454306305,25,lat36.348581_lon127.472132,results_lat36.348581_lon127.472132_stat.txt
36.348943,127.346467,0.054725362475372345,0.03154431156782074,44,lat36.348943_lon127.346467,results_lat36.348943_lon127.346467_stat.txt
36.349431,127.401904,0.05631938005891205,0.04424252570496044,38,lat36.349431_lon127.401904,results_lat36.349431_lon127.401904_stat.txt
36.349551,127.307187,0.0500680235635043,0.17973485185820823,14,lat36.349551_lon127.307187,results_lat36.349551_lon127.307187_stat.txt
36.349719,127.381782,0.08551116918206252,0.043172666825883645,49,lat36.349719_lon127.381782,results_lat36.349719_lon127.381782_stat.txt
36.349796,127.355047,0.08357006664922181,0.05027938815632184,45,lat36.349796_lon127.355047,results_lat36.349796_lon127.355047_stat.txt
36.350339,127.511325,0.05429859211334582,0.01661753061364412,43,lat36.350339_lon127.511325,results_lat36.350339_lon127.511325_stat.txt
36.351559,127.334438,0.044433172455300624,0.1806738208078075,13,lat36.351559_lon127.334438,results_lat36.351559_lon127.334438_stat.txt
36.351619,127.503874,0.03798611574253171,0.014080485379199197,39,lat36.351619_lon127.503874,results_lat36.351619_lon127.503874_stat.txt
36.351886,127.481695,0.03867935566407312,0.020077088008553276,49,lat36.351886_lon127.481695,results_lat36.351886_lon127.481695_stat.txt
36.352133,127.433633,0.04235075430819812,0.18110330304326844,10,lat36.352133_lon127.433633,results_lat36.352133_lon127.433633_stat.txt
36.352754,127.462376,0.033316426270683076,0.019733220793122737,37,lat36.352754_lon127.462376,results_lat36.352754_lon127.462376_stat.txt
36.352947,127.299363,0.0281979817213172,0.028249307562633566,19,lat36.352947_lon127.299363,results_lat36.352947_lon127.299363_stat.txt
36.353008,127.427888,0.01675862352305673,0.013272557803268425,21,lat36.353008_lon127.427888,results_lat36.353008_lon127.427888_stat.txt
36.353121,127.39928,0.04319308451037103,0.03607566319276862,33,lat36.353121_lon127.399280,results_lat36.353121_lon127.399280_stat.txt
36.353186,127.443412,0.022784188394415417,0.013934340252159814,38,lat36.353186_lon127.443412,results_lat36.353186_lon127.443412_stat.txt
36.3532,127.416017,0.012169316088749615,0.009691119401112348,22,lat36.353200_lon127.416017,results_lat36.353200_lon127.416017_stat.txt
36.353206,127.43495,0.04648995027063945,0.18055559679689026,15,lat36.353206_lon127.434950,results_lat36.353206_lon127.434950_stat.txt
36.353711,127.448937,0.021003306746089426,0.01489080886933948,22,lat36.353711_lon127.448937,results_lat36.353711_lon127.448937_stat.txt
36.353744,127.371605,0.06452203653904892,0.044234337531048634,39,lat36.353744_lon127.371605,results_lat36.353744_lon127.371605_stat.txt
36.354002,127.41196,0.01760288181196377,0.014133063953764183,35,lat36.354002_lon127.411960,results_lat36.354002_lon127.411960_stat.txt
36.354036,127.479167,0.035609074209541534,0.01723242600882247,35,lat36.354036_lon127.479167,results_lat36.354036_lon127.479167_stat.txt
36.354616,127.40033,0.07180223711733899,0.04843607131414865,45,lat36.354616_lon127.400330,results_lat36.354616_lon127.400330_stat.txt
36.354686,127.460004,0.026037970826095904,0.01747549842432616,25,lat36.354686_lon127.460004,results_lat36.354686_lon127.460004_stat.txt
36.354723,127.395978,0.08457230925897369,0.05245860880241885,44,lat36.354723_lon127.395978,results_lat36.354723_lon127.395978_stat.txt
36.354814,127.376615,0.033110937940301635,0.03616732898175516,26,lat36.354814_lon127.376615,results_lat36.354814_lon127.376615_stat.txt
36.35484,127.38036,0.044438681040640644,0.18089930789688377,11,lat36.354840_lon127.380360,results_lat36.354840_lon127.380360_stat.txt
36.354853,127.384216,0.07980031896420045,0.04134276936692139,47,lat36.354853_lon127.384216,results_lat36.354853_lon127.384216_stat.txt
36.354989,127.440624,0.023259858563731212,0.017402371931426654,30,lat36.354989_lon127.440624,results_lat36.354989_lon127.440624_stat.txt
36.355013,127.470417,0.03159929417456163,0.01862222194454713,35,lat36.355013_lon127.470417,results_lat36.355013_lon127.470417_stat.txt
36.355563,127.384613,0.04597090220773782,0.18105767612578816,13,lat36.355563_lon127.384613,results_lat36.355563_lon127.384613_stat.txt
36.355802,127.310054,0.04762650932313542,0.1803642907507281,11,lat36.355802_lon127.310054,results_lat36.355802_lon127.310054_stat.txt
36.355829,127.407551,0.060385850587298916,0.052724825343347936,34,lat36.355829_lon127.407551,results_lat36.355829_lon127.407551_stat.txt
36.356221,127.425582,0.024190421351886003,0.013181134834433597,44,lat36.356221_lon127.425582,results_lat36.356221_lon127.425582_stat.txt
36.356373,127.518526,0.0579033591133014,0.17851829238168937,16,lat36.356373_lon127.518526,results_lat36.356373_lon127.518526_stat.txt
36.356455,127.492379,0.042578506011141014,0.024837073055398846,26,lat36.356455_lon127.492379,results_lat36.356455_lon127.492379_stat.txt
36.356747,127.499346,0.0723250778127468,0.17701337866420847,14,lat36.356747_lon127.499346,results_lat36.356747_lon127.499346_stat.txt
36.356841,127.472356,0.05882733121114998,0.1789888263252327,15,lat36.356841_lon127.472356,results_lat36.356841_lon127.472356_stat.txt
36.357375,127.405288,0.045608838511814534,0.03432851725197605,28,lat36.357375_lon127.405288,results_lat36.357375_lon127.405288_stat.txt
36.357521,127.494786,0.052109305394065566,0.030377371362482447,39,lat36.357521_lon127.494786,results_lat36.357521_lon127.494786_stat.txt
36.357872,127.413599,0.017359749102340158,0.010284396046406458,43,lat36.357872_lon127.413599,results_lat36.357872_lon127.413599_stat.txt
36.358105,127.46439,0.03385135622601019,0.020251022121840385,42,lat36.358105_lon127.464390,results_lat36.358105_lon127.464390_stat.txt
36.358236,127.365496,0.048598265178818476,0.18048689144451016,15,lat36.358236_lon127.365496,results_lat36.358236_lon127.365496_stat.txt
36.35844,127.388451,0.04388470779332472,0.18096880517363062,11,lat36.358440_lon127.388451,results_lat36.358440_lon127.388451_stat.txt
36.358618,127.494029,0.06588788041973896,0.0320442918347651,49,lat36.358618_lon127.494029,results_lat36.358618_lon127.494029_stat.txt
36.358998,127.477994,0.037034749431042166,0.018229761649182285,40,lat36.358998_lon127.477994,results_lat36.358998_lon127.477994_stat.txt
36.359125,127.31042,0.0516110518370961,0.1796052383229772,14,lat36.359125_lon127.310420,results_lat36.359125_lon127.310420_stat.txt
36.359164,127.372747,0.030998578518698156,0.02799158600689413,22,lat36.359164_lon127.372747,results_lat36.359164_lon127.372747_stat.txt
36.359427,127.433488,0.011337039238151969,0.006963543299760703,21,lat36.359427_lon127.433488,results_lat36.359427_lon127.433488_stat.txt
36.359461,127.481229,0.03585813979481663,0.013725595687209272,50,lat36.359461_lon127.481229,results_lat36.359461_lon127.481229_stat.txt
36.359593,127.436422,0.020118543713176694,0.016945646481545538,36,lat36.359593_lon127.436422,results_lat36.359593_lon127.436422_stat.txt
36.359633,127.39075,0.07239314608634516,0.0468412104753122,38,lat36.359633_lon127.390750,results_lat36.359633_lon127.390750_stat.txt
36.359935,127.428749,0.02440143901433064,0.011955377140643571,48,lat36.359935_lon127.428749,results_lat36.359935_lon127.428749_stat.txt
36.360992,127.354018,0.02717309491227506,0.023948780899387012,19,lat36.360992_lon127.354018,results_lat36.360992_lon127.354018_stat.txt
36.361042,127.299199,0.054037525699022856,0.032461799267959474,34,lat36.361042_lon127.299199,results_lat36.361042_lon127.299199_stat.txt
36.361071,127.285113,0.05407686115134626,0.17912442863422806,11,lat36.361071_lon127.285113,results_lat36.361071_lon127.285113_stat.txt
36.361201,127.317772,0.057558279161136844,0.18042895023302394,17,lat36.361201_lon127.317772,results_lat36.361201_lon127.317772_stat.txt
36.361214,127.290875,0.060437457189222124,0.02502863643865077,49,lat36.361214_lon127.290875,results_lat36.361214_lon127.290875_stat.txt
36.361315,127.355016,0.058075878285845935,0.18107999116774667,16,lat36.361315_lon127.355016,results_lat36.361315_lon127.355016_stat.txt
36.361344,127.458885,0.04550288303840009,0.18093091164523864,10,lat36.361344_lon127.458885,results_lat36.361344_lon127.458885_stat.txt
36.362116,127.344049,0.027236551164841687,0.02777449714924137,21,lat36.362116_lon127.344049,results_lat36.362116_lon127.344049_stat.txt
36.36277,127.500142,0.054326700223782214,0.03177150953358009,38,lat36.362770_lon127.500142,results_lat36.362770_lon127.500142_stat.txt
36.362806,127.40626,0.02558480303943922,0.024766424702384996,20,lat36.362806_lon127.406260,results_lat36.362806_lon127.406260_stat.txt
36.363303,127.422505,0.023073320376276737,0.015766464831900574,45,lat36.363303_lon127.422505,results_lat36.363303_lon127.422505_stat.txt
36.363394,127.371532,0.042139819980821655,0.18108501517485937,10,lat36.363394_lon127.371532,results_lat36.363394_lon127.371532_stat.txt
36.363469,127.451438,0.04412266380728284,0.021011040835622087,43,lat36.363469_lon127.451438,results_lat36.363469_lon127.451438_stat.txt
36.364071,127.441492,0.04484496381400279,0.18081113276726288,14,lat36.364071_lon127.441492,results_lat36.364071_lon127.441492_stat.txt
36.364172,127.294253,0.060497382680127075,0.17875243035210794,16,lat36.364172_lon127.294253,results_lat36.364172_lon127.294253_stat.txt
36.364182,127.294171,0.04342582107755675,0.05071922635806572,21,lat36.364182_lon127.294171,results_lat36.364182_lon127.294171_stat.txt
36.364409,127.4502,0.04947843859537458,0.02889298122332358,19,lat36.364409_lon127.450200,results_lat36.364409_lon127.450200_stat.txt
36.364442,127.345143,0.05700793059576961,0.02192674825322044,50,lat36.364442_lon127.345143,results_lat36.364442_lon127.345143_stat.txt
36.364488,127.360677,0.09393109157924227,0.04672850986657261,49,lat36.364488_lon127.360677,results_lat36.364488_lon127.360677_stat.txt
36.364844,127.345888,0.02983969159039969,0.033332086198022415,18,lat36.364844_lon127.345888,results_lat36.364844_lon127.345888_stat.txt
36.364988,127.50249,0.05280244788089581,0.030820585432318137,36,lat36.364988_lon127.502490,results_lat36.364988_lon127.502490_stat.txt
36.365406,127.363765,0.060726989748957336,0.033609911584499476,37,lat36.365406_lon127.363765,results_lat36.365406_lon127.363765_stat.txt
36.365988,127.47723,0.0380918091788048,0.029771039090024265,24,lat36.365988_lon127.477230,results_lat36.365988_lon127.477230_stat.txt
36.366569,127.443346,0.013796619342135833,0.010172060327010717,21,lat36.366569_lon127.443346,results_lat36.366569_lon127.443346_stat.txt
36.366673,127.308204,0.05320008160168494,0.1794332984259282,14,lat36.366673_lon127.308204,results_lat36.366673_lon127.308204_stat.txt
36.366717,127.452503,0.017366745897574486,0.009704862811832743,27,lat36.366717_lon127.452503,results_lat36.366717_lon127.452503_stat.txt
36.366727,127.435157,0.02349183293770013,0.01582805375468995,43,lat36.366727_lon127.435157,results_lat36.366727_lon127.435157_stat.txt
36.366767,127.320098,0.03225226518336582,0.03665020595299394,23,lat36.366767_lon127.320098,results_lat36.366767_lon127.320098_stat.txt
36.366784,127.362934,0.06166043486026772,0.18032291644396575,17,lat36.366784_lon127.362934,results_lat36.366784_lon127.362934_stat.txt
36.366898,127.374231,0.0368320426956475,0.0273915550951898,26,lat36.366898_lon127.374231,results_lat36.366898_lon127.374231_stat.txt
36.36691,127.453626,0.017307548297346712,0.010597142188632667,25,lat36.366910_lon127.453626,results_lat36.366910_lon127.453626_stat.txt
36.366968,127.441003,0.02119568439291598,0.011861200118996629,39,lat36.366968_lon127.441003,results_lat36.366968_lon127.441003_stat.txt
36.367018,127.465817,0.04439928888040522,0.020238160146761056,30,lat36.367018_lon127.465817,results_lat36.367018_lon127.465817_stat.txt
36.367159,127.410953,0.021687126089215376,0.01224655264513674,46,lat36.367159_lon127.410953,results_lat36.367159_lon127.410953_stat.txt
36.367392,127.390808,0.05968141551615498,0.04513564686142596,34,lat36.367392_lon127.390808,results_lat36.367392_lon127.390808_stat.txt
36.368017,127.391842,0.08882049160398181,0.04895606022542589,49,lat36.368017_lon127.391842,results_lat36.368017_lon127.391842_stat.txt
36.368162,127.455996,0.02092136587366927,0.012766989940877984,27,lat36.368162_lon127.455996,results_lat36.368162_lon127.455996_stat.txt
36.368298,127.466375,0.03495652168057508,0.014215151821005231,21,lat36.368298_lon127.466375,results_lat36.368298_lon127.466375_stat.txt
36.368363,127.431193,0.024252458915735523,0.013815635880085823,45,lat36.368363_lon127.431193,results_lat36.368363_lon127.431193_stat.txt
36.368391,127.393433,0.07531257206376389,0.051659877118617206,46,lat36.368391_lon127.393433,results_lat36.368391_lon127.393433_stat.txt
36.36876,127.34289,0.0565680962849676,0.026185420347545382,47,lat36.368760_lon127.342890,results_lat36.368760_lon127.342890_stat.txt
36.36892,127.473703,0.04287261103596104,0.017920780380496434,40,lat36.368920_lon127.473703,results_lat36.368920_lon127.473703_stat.txt
36.368986,127.290052,0.06057238966337184,0.1788262092066906,15,lat36.368986_lon127.290052,results_lat36.368986_lon127.290052_stat.txt
36.369008,127.32688,0.05453193660284487,0.03028541930705952,37,lat36.369008_lon127.326880,results_lat36.369008_lon127.326880_stat.txt
36.369259,127.44248,0.023567560320643253,0.01330880264236346,43,lat36.369259_lon127.442480,results_lat36.369259_lon127.442480_stat.txt
36.369276,127.382242,0.07118642683622646,0.03769598124317863,43,lat36.369276_lon127.382242,results_lat36.369276_lon127.382242_stat.txt
36.369438,127.325656,0.05989407695975082,0.026332773527885225,40,lat36.369438_lon127.325656,results_lat36.369438_lon127.325656_stat.txt
36.369478,127.427309,0.015626185213082445,0.009991276634592938,28,lat36.369478_lon127.427309,results_lat36.369478_lon127.427309_stat.txt
36.369691,127.36371,0.09226696457546651,0.05162394215511528,49,lat36.369691_lon127.363710,results_lat36.369691_lon127.363710_stat.txt
36.369856,127.359439,0.06492884669505489,0.04200403428079063,36,lat36.369856_lon127.359439,results_lat36.369856_lon127.359439_stat.txt
36.369918,127.328207,0.03167785677817718,0.030004177469380437,24,lat36.369918_lon127.328207,results_lat36.369918_lon127.328207_stat.txt
36.37009,127.508323,0.05170363348518993,0.025925948756046282,39,lat36.370090_lon127.508323,results_lat36.370090_lon127.508323_stat.txt
36.37019,127.420536,0.02288642839673781,0.0115670063175123,42,lat36.370190_lon127.420536,results_lat36.370190_lon127.420536_stat.txt
36.370628,127.377173,0.059451651813320225,0.1798278792967035,17,lat36.370628_lon127.377173,results_lat36.370628_lon127.377173_stat.txt
36.370674,127.473076,0.041442243460044846,0.022980749682107005,30,lat36.370674_lon127.473076,results_lat36.370674_lon127.473076_stat.txt
36.370992,127.435796,0.033488035937207554,0.02369741398502024,25,lat36.370992_lon127.435796,results_lat36.370992_lon127.435796_stat.txt
36.371037,127.301973,0.05720727430609983,0.038359237939133234,30,lat36.371037_lon127.301973,results_lat36.371037_lon127.301973_stat.txt
36.371282,127.509284,0.053301292864852266,0.03352651450430274,33,lat36.371282_lon127.509284,results_lat36.371282_lon127.509284_stat.txt
36.372089,127.438653,0.02287391105034394,0.014500778189713702,38,lat36.372089_lon127.438653,results_lat36.372089_lon127.438653_stat.txt
36.372204,127.321607,0.04974596791958874,0.0375650807636391,30,lat36.372204_lon127.321607,results_lat36.372204_lon127.321607_stat.txt
36.372286,127.372207,0.04728469238131802,0.1804568694406742,12,lat36.372286_lon127.372207,results_lat36.372286_lon127.372207_stat.txt
36.372375,127.451806,0.025520250208443628,0.014417663369043562,45,lat36.372375_lon127.451806,results_lat36.372375_lon127.451806_stat.txt
36.37239,127.358998,0.06156688052566648,0.04292679423006441,30,lat36.372390_lon127.358998,results_lat36.372390_lon127.358998_stat.txt
36.372499,127.331796,0.05942795657585515,0.047267022813323546,23,lat36.372499_lon127.331796,results_lat36.372499_lon127.331796_stat.txt
36.372552,127.375345,0.08215105057413208,0.04854687986833497,45,lat36.372552_lon127.375345,results_lat36.372552_lon127.375345_stat.txt
36.372729,127.411771,0.04522286068503646,0.18047505641730277,13,lat36.372729_lon127.411771,results_lat36.372729_lon127.411771_stat.txt
36.372962,127.510086,0.05530536376454493,0.03323239814205407,37,lat36.372962_lon127.510086,results_lat36.372962_lon127.510086_stat.txt
36.373278,127.306642,0.05208285930612047,0.17972366764999523,14,lat36.373278_lon127.306642,results_lat36.373278_lon127.306642_stat.txt
36.373416,127.332195,0.06914177241146989,0.1768458934422246,16,lat36.373416_lon127.332195,results_lat36.373416_lon127.332195_stat.txt
36.373609,127.510246,0.0429789534580692,0.023200028584244484,26,lat36.373609_lon127.510246,results_lat36.373609_lon127.510246_stat.txt
36.373673,127.47334,0.0363569737430697,0.02210091191337766,28,lat36.373673_lon127.473340,results_lat36.373673_lon127.473340_stat.txt
36.373809,127.44079,0.018367271148842103,0.010864976494498574,30,lat36.373809_lon127.440790,results_lat36.373809_lon127.440790_stat.txt
36.374096,127.307461,0.06438741862703704,0.03218950665286739,42,lat36.374096_lon127.307461,results_lat36.374096_lon127.307461_stat.txt
36.374112,127.420939,0.025932568941973225,0.01297934962746855,49,lat36.374112_lon127.420939,results_lat36.374112_lon127.420939_stat.txt
36.374185,127.417815,0.014730246276124508,0.009278461228780415,19,lat36.374185_lon127.417815,results_lat36.374185_lon127.417815_stat.txt
36.374205,127.343828,0.06490516926342892,0.032402361324469414,40,lat36.374205_lon127.343828,results_lat36.374205_lon127.343828_stat.txt
36.374745,127.375351,0.051182512376537974,0.17967893794654421,16,lat36.374745_lon127.375351,results_lat36.374745_lon127.375351_stat.txt
36.374753,127.344011,0.03575985017776652,0.039189387486932035,23,lat36.374753_lon127.344011,results_lat36.374753_lon127.344011_stat.txt
36.374797,127.306392,0.06451849820294828,0.023384482553215197,47,lat36.374797_lon127.306392,results_lat36.374797_lon127.306392_stat.txt
36.374872,127.395142,0.055481577689978065,0.03928034609200317,32,lat36.374872_lon127.395142,results_lat36.374872_lon127.395142_stat.txt
36.374882,127.404647,0.02435938116139117,0.020927348172523556,19,lat36.374882_lon127.404647,results_lat36.374882_lon127.404647_stat.txt
36.375041,127.36811,0.03836401340460508,0.042572131051529814,21,lat36.375041_lon127.368110,results_lat36.375041_lon127.368110_stat.txt
36.375769,127.506175,0.08199145862980456,0.17627031476120453,15,lat36.375769_lon127.506175,results_lat36.375769_lon127.506175_stat.txt
36.375802,127.513543,0.07009233275393832,0.1778145387092852,11,lat36.375802_lon127.513543,results_lat36.375802_lon127.513543_stat.txt
36.376187,127.366619,0.05963911869816518,0.18103136469395717,16,lat36.376187_lon127.366619,results_lat36.376187_lon127.366619_stat.txt
36.376459,127.358102,0.06547958100777346,0.05179670108511562,31,lat36.376459_lon127.358102,results_lat36.376459_lon127.358102_stat.txt
36.376577,127.305971,0.060952255314945525,0.031913748963349226,41,lat36.376577_lon127.305971,results_lat36.376577_lon127.305971_stat.txt
36.376836,127.397332,0.03031438650390468,0.027352670656817027,23,lat36.376836_lon127.397332,results_lat36.376836_lon127.397332_stat.txt
36.377059,127.356689,0.05635662316048816,0.17934116669726208,17,lat36.377059_lon127.356689,results_lat36.377059_lon127.356689_stat.txt
36.377073,127.386221,0.08792042978961913,0.05002909055710498,46,lat36.377073_lon127.386221,results_lat36.377073_lon127.386221_stat.txt
36.377449,127.450339,0.05158234347044181,0.018638378206851557,39,lat36.377449_lon127.450339,results_lat36.377449_lon127.450339_stat.txt
36.377557,127.453263,0.05120291981580515,0.019145410342155597,38,lat36.377557_lon127.453263,results_lat36.377557_lon127.453263_stat.txt
36.377588,127.418582,0.016073699752671963,0.011129268279926259,29,lat36.377588_lon127.418582,results_lat36.377588_lon127.418582_stat.txt
36.377632,127.333959,0.06191376301095281,0.029282906461837937,46,lat36.377632_lon127.333959,results_lat36.377632_lon127.333959_stat.txt
36.377671,127.289688,0.0625434849092708,0.026386687842707316,43,lat36.377671_lon127.289688,results_lat36.377671_lon127.289688_stat.txt
36.377857,127.463162,0.060473553326452725,0.17824919300439784,16,lat36.377857_lon127.463162,results_lat36.377857_lon127.463162_stat.txt
36.377878,127.289382,0.03726482071677612,0.02844850370430146,20,lat36.377878_lon127.289382,results_lat36.377878_lon127.289382_stat.txt
36.378339,127.303736,0.05712705631933649,0.03570427870230698,36,lat36.378339_lon127.303736,results_lat36.378339_lon127.303736_stat.txt
36.378474,127.477427,0.03930054350523762,0.017387519380026435,29,lat36.378474_lon127.477427,results_lat36.378474_lon127.477427_stat.txt
36.378543,127.289946,0.06934216507036399,0.035397328981961025,38,lat36.378543_lon127.289946,results_lat36.378543_lon127.289946_stat.txt
36.378778,127.512606,0.05760228727312163,0.032963723808300566,45,lat36.378778_lon127.512606,results_lat36.378778_lon127.512606_stat.txt
36.37906,127.392171,0.03947921612700265,0.040547143255829754,26,lat36.379060_lon127.392171,results_lat36.379060_lon127.392171_stat.txt
36.379222,127.31494,0.053859971676854634,0.02740427044320433,39,lat36.379222_lon127.314940,results_lat36.379222_lon127.314940_stat.txt
36.379367,127.412267,0.014583102188338663,0.00989757151950734,21,lat36.379367_lon127.412267,results_lat36.379367_lon127.412267_stat.txt
36.379374,127.36704,0.032750973963654444,0.0333323612214286,20,lat36.379374_lon127.367040,results_lat36.379374_lon127.367040_stat.txt
36.379568,127.45752,0.03865383119908412,0.01929532169812267,21,lat36.379568_lon127.457520,results_lat36.379568_lon127.457520_stat.txt
36.37988,127.316165,0.027508510405813192,0.023173940458647863,21,lat36.379880_lon127.316165,results_lat36.379880_lon127.316165_stat.txt
36.379941,127.305972,0.05254309316382124,0.17977779714010098,15,lat36.379941_lon127.305972,results_lat36.379941_lon127.305972_stat.txt
36.380023,127.462354,0.039749403265917124,0.02081173905920469,23,lat36.380023_lon127.462354,results_lat36.380023_lon127.462354_stat.txt
36.380613,127.305978,0.047934952195029794,0.1803138172445153,10,lat36.380613_lon127.305978,results_lat36.380613_lon127.305978_stat.txt
36.380699,127.32312,0.05942959910714487,0.026532219542729937,49,lat36.380699_lon127.323120,results_lat36.380699_lon127.323120_stat.txt
36.38082,127.361277,0.0475460485071872,0.04949911755497001,24,lat36.380820_lon127.361277,results_lat36.380820_lon127.361277_stat.txt
36.381083,127.35573,0.04599307159823734,0.02778765127025237,42,lat36.381083_lon127.355730,results_lat36.381083_lon127.355730_stat.txt
36.381257,127.320088,0.05949525717463352,0.03078349539847721,42,lat36.381257_lon127.320088,results_lat36.381257_lon127.320088_stat.txt
36.381923,127.455984,0.04519381976830491,0.015282383190495743,38,lat36.381923_lon127.455984,results_lat36.381923_lon127.455984_stat.txt
36.381935,127.461403,0.057786262241769505,0.17873007242468728,11,lat36.381935_lon127.461403,results_lat36.381935_lon127.461403_stat.txt
36.381997,127.343488,0.07001525347384638,0.02837608297956205,43,lat36.381997_lon127.343488,results_lat36.381997_lon127.343488_stat.txt
36.382329,127.366215,0.0652044888647479,0.04079722513075485,36,lat36.382329_lon127.366215,results_lat36.382329_lon127.366215_stat.txt
36.382519,127.521862,0.06127083564449213,0.03253822522345642,41,lat36.382519_lon127.521862,results_lat36.382519_lon127.521862_stat.txt
36.382751,127.404821,0.02322299100290755,0.009320376987396118,47,lat36.382751_lon127.404821,results_lat36.382751_lon127.404821_stat.txt
36.382803,127.403135,0.017237826719397366,0.009117892338573061,30,lat36.382803_lon127.403135,results_lat36.382803_lon127.403135_stat.txt
36.382899,127.514009,0.061160527565698536,0.03746827510554955,39,lat36.382899_lon127.514009,results_lat36.382899_lon127.514009_stat.txt
36.383164,127.359296,0.05782043824636849,0.04242913731582497,23,lat36.383164_lon127.359296,results_lat36.383164_lon127.359296_stat.txt
36.383399,127.290792,0.07131080726383746,0.025528098973224035,40,lat36.383399_lon127.290792,results_lat36.383399_lon127.290792_stat.txt
36.383715,127.328322,0.03252211792467111,0.03971574125034178,19,lat36.383715_lon127.328322,results_lat36.383715_lon127.328322_stat.txt
36.384062,127.522813,0.0766542806057527,0.03732703408420861,49,lat36.384062_lon127.522813,results_lat36.384062_lon127.522813_stat.txt
36.385307,127.447327,0.03202005378921038,0.015141387596581795,32,lat36.385307_lon127.447327,results_lat36.385307_lon127.447327_stat.txt
36.385575,127.291689,0.06358747836540028,0.02978851120988246,39,lat36.385575_lon127.291689,results_lat36.385575_lon127.291689_stat.txt
36.38565,127.48084,0.055109625989592015,0.1789217994131772,14,lat36.385650_lon127.480840,results_lat36.385650_lon127.480840_stat.txt
36.385687,127.452206,0.04629182989390935,0.01784691351962721,36,lat36.385687_lon127.452206,results_lat36.385687_lon127.452206_stat.txt
36.385786,127.480846,0.043910778338661985,0.01460172648708252,50,lat36.385786_lon127.480846,results_lat36.385786_lon127.480846_stat.txt
36.38579,127.425497,0.03374263296804412,0.023149870668256217,25,lat36.385790_lon127.425497,results_lat36.385790_lon127.425497_stat.txt
36.386461,127.460109,0.04948726603913239,0.019716938956168814,39,lat36.386461_lon127.460109,results_lat36.386461_lon127.460109_stat.txt
36.387169,127.426071,0.0125336128516492,0.009844929731988488,18,lat36.387169_lon127.426071,results_lat36.387169_lon127.426071_stat.txt
36.387542,127.447317,0.02646587953597295,0.015593148302718726,28,lat36.387542_lon127.447317,results_lat36.387542_lon127.447317_stat.txt
36.387797,127.300083,0.05174809760969656,0.03231419972722918,35,lat36.387797_lon127.300083,results_lat36.387797_lon127.300083_stat.txt
36.388137,127.315245,0.058602063851775174,0.026678115254911507,46,lat36.388137_lon127.315245,results_lat36.388137_lon127.315245_stat.txt
36.388499,127.301588,0.06405315640845095,0.030223427661333437,45,lat36.388499_lon127.301588,results_lat36.388499_lon127.301588_stat.txt
36.388609,127.326928,0.04003068999237613,0.029257972947015952,24,lat36.388609_lon127.326928,results_lat36.388609_lon127.326928_stat.txt
36.38917,127.417434,0.02879067088217826,0.01595617495319316,44,lat36.389170_lon127.417434,results_lat36.389170_lon127.417434_stat.txt
36.389192,127.332772,0.03772197373326945,0.03094484584468838,21,lat36.389192_lon127.332772,results_lat36.389192_lon127.332772_stat.txt
36.389193,127.402136,0.046509563101747094,0.18037500508351553,11,lat36.389193_lon127.402136,results_lat36.389193_lon127.402136_stat.txt
36.389479,127.38694,0.026166672473985277,0.026716490973238544,18,lat36.389479_lon127.386940,results_lat36.389479_lon127.386940_stat.txt
36.389544,127.431109,0.046352446887425416,0.016435019775745865,48,lat36.389544_lon127.431109,results_lat36.389544_lon127.431109_stat.txt
36.389654,127.302865,0.05466824196414148,0.1805570833461491,13,lat36.389654_lon127.302865,results_lat36.389654_lon127.302865_stat.txt
36.389676,127.452175,0.05051133435875891,0.023170451936211187,27,lat36.389676_lon127.452175,results_lat36.389676_lon127.452175_stat.txt
36.389745,127.480535,0.04495343437437739,0.01903492827129185,47,lat36.389745_lon127.480535,results_lat36.389745_lon127.480535_stat.txt
36.389852,127.320456,0.04125483730040428,0.035511283417586574,25,lat36.389852_lon127.320456,results_lat36.389852_lon127.320456_stat.txt
36.389987,127.374197,0.05103687364438238,0.17956975508946288,13,lat36.389987_lon127.374197,results_lat36.389987_lon127.374197_stat.txt
36.390087,127.46311,0.04520879448764881,0.020898225307841373,31,lat36.390087_lon127.463110,results_lat36.390087_lon127.463110_stat.txt
36.390501,127.406884,0.016214325255115035,0.008014844383744424,29,lat36.390501_lon127.406884,results_lat36.390501_lon127.406884_stat.txt
36.390628,127.392605,0.03617562278300417,0.02606283726999653,23,lat36.390628_lon127.392605,results_lat36.390628_lon127.392605_stat.txt
36.390915,127.322981,0.043502852979703084,0.03231702377900817,27,lat36.390915_lon127.322981,results_lat36.390915_lon127.322981_stat.txt
36.39099,127.307806,0.06257342344535943,0.02581489393127528,49,lat36.390990_lon127.307806,results_lat36.390990_lon127.307806_stat.txt
36.391165,127.311876,0.06430040915516334,0.026161759274237386,40,lat36.391165_lon127.311876,results_lat36.391165_lon127.311876_stat.txt
36.391511,127.422351,0.019066241361954683,0.011233044350744684,29,lat36.391511_lon127.422351,results_lat36.391511_lon127.422351_stat.txt
36.391669,127.386168,0.04962029680059969,0.17990952866504653,11,lat36.391669_lon127.386168,results_lat36.391669_lon127.386168_stat.txt
36.391679,127.387746,0.06249579835474875,0.0404915160671533,37,lat36.391679_lon127.387746,results_lat36.391679_lon127.387746_stat.txt
36.391938,127.422066,0.029398012562610085,0.012853860581665325,47,lat36.391938_lon127.422066,results_lat36.391938_lon127.422066_stat.txt
36.392582,127.475635,0.039320887015857085,0.03427587787035504,18,lat36.392582_lon127.475635,results_lat36.392582_lon127.475635_stat.txt
36.392601,127.475278,0.045118328913824626,0.01719884456422954,43,lat36.392601_lon127.475278,results_lat36.392601_lon127.475278_stat.txt
36.392684,127.286372,0.07057891191031357,0.026878097889977127,45,lat36.392684_lon127.286372,results_lat36.392684_lon127.286372_stat.txt
36.393079,127.524183,0.0734451624285243,0.17735825760600984,14,lat36.393079_lon127.524183,results_lat36.393079_lon127.524183_stat.txt
36.393413,127.53129,0.04579457798727883,0.021785062499287654,23,lat36.393413_lon127.531290,results_lat36.393413_lon127.531290_stat.txt
36.393646,127.289858,0.03621281538987316,0.03184374726768913,18,lat36.393646_lon127.289858,results_lat36.393646_lon127.289858_stat.txt
36.393903,127.301441,0.038540198725856595,0.02229715348373793,28,lat36.393903_lon127.301441,results_lat36.393903_lon127.301441_stat.txt
36.393919,127.345329,0.05310794232509371,0.03516591972190208,23,lat36.393919_lon127.345329,results_lat36.393919_lon127.345329_stat.txt
36.394121,127.389716,0.085656105405687,0.04428014567202305,42,lat36.394121_lon127.389716,results_lat36.394121_lon127.389716_stat.txt
36.394232,127.468096,0.0363238596597391,0.01687579484856034,33,lat36.394232_lon127.468096,results_lat36.394232_lon127.468096_stat.txt
36.394291,127.3732,0.02989536844798944,0.02838244542030507,18,lat36.394291_lon127.373200,results_lat36.394291_lon127.373200_stat.txt
36.394505,127.39058,0.08724042405274567,0.04143181626771199,42,lat36.394505_lon127.390580,results_lat36.394505_lon127.390580_stat.txt
36.394942,127.406583,0.017072226434668537,0.009792909491871718,18,lat36.394942_lon127.406583,results_lat36.394942_lon127.406583_stat.txt
36.395243,127.286714,0.07725175531223642,0.034128035348157726,48,lat36.395243_lon127.286714,results_lat36.395243_lon127.286714_stat.txt
36.395304,127.316919,0.041692475642494314,0.03859473632212085,19,lat36.395304_lon127.316919,results_lat36.395304_lon127.316919_stat.txt
36.39564,127.458159,0.07274482058634438,0.03343732931030057,22,lat36.395640_lon127.458159,results_lat36.395640_lon127.458159_stat.txt
36.396576,127.443539,0.029785033482121585,0.01775956895059008,40,lat36.396576_lon127.443539,results_lat36.396576_lon127.443539_stat.txt
36.39681,127.400394,0.050416648757198854,0.179844295156278,14,lat36.396810_lon127.400394,results_lat36.396810_lon127.400394_stat.txt
36.396892,127.49195,0.04886853070592328,0.021876234521494647,38,lat36.396892_lon127.491950,results_lat36.396892_lon127.491950_stat.txt
36.397299,127.37431,0.045233960982275216,0.03457407362024588,26,lat36.397299_lon127.374310,results_lat36.397299_lon127.374310_stat.txt
36.397865,127.402702,0.018404087777723083,0.01094795556040085,24,lat36.397865_lon127.402702,results_lat36.397865_lon127.402702_stat.txt
36.397948,127.470001,0.04687896783333437,0.017344203556307978,49,lat36.397948_lon127.470001,results_lat36.397948_lon127.470001_stat.txt
36.39807,127.432032,0.02374115662935046,0.01434015110462751,33,lat36.398070_lon127.432032,results_lat36.398070_lon127.432032_stat.txt
36.398094,127.426434,0.05334310381904366,0.1799142285991889,17,lat36.398094_lon127.426434,results_lat36.398094_lon127.426434_stat.txt
36.398334,127.422529,0.018959962360770778,0.012677950853984044,27,lat36.398334_lon127.422529,results_lat36.398334_lon127.422529_stat.txt
36.398814,127.407066,0.02457135557528118,0.017918003311308685,41,lat36.398814_lon127.407066,results_lat36.398814_lon127.407066_stat.txt
36.398966,127.392749,0.04941207169891815,0.17976472473921856,13,lat36.398966_lon127.392749,results_lat36.398966_lon127.392749_stat.txt
36.399087,127.367429,0.05655647696415927,0.02439154373373589,35,lat36.399087_lon127.367429,results_lat36.399087_lon127.367429_stat.txt
36.39943,127.348674,0.04877851974579155,0.030427385060500987,35,lat36.399430_lon127.348674,results_lat36.399430_lon127.348674_stat.txt
36.400094,127.397433,0.034726213173673574,0.018130381083859306,49,lat36.400094_lon127.397433,results_lat36.400094_lon127.397433_stat.txt
36.401105,127.394428,0.02713895524703928,0.014427164092486856,37,lat36.401105_lon127.394428,results_lat36.401105_lon127.394428_stat.txt
36.401301,127.459652,0.06496370578328321,0.026550894987556795,37,lat36.401301_lon127.459652,results_lat36.401301_lon127.459652_stat.txt
36.4015,127.459778,0.07176528345762581,0.17657172381393021,11,lat36.401500_lon127.459778,results_lat36.401500_lon127.459778_stat.txt
36.401978,127.529112,0.05567977934622073,0.02704052618766291,28,lat36.401978_lon127.529112,results_lat36.401978_lon127.529112_stat.txt
36.401999,127.479173,0.03888302246537581,0.019880802530405493,21,lat36.401999_lon127.479173,results_lat36.401999_lon127.479173_stat.txt
36.402481,127.479294,0.041995462298929455,0.017092493436494525,27,lat36.402481_lon127.479294,results_lat36.402481_lon127.479294_stat.txt
36.402627,127.342787,0.05878056776443283,0.03023818962813035,25,lat36.402627_lon127.342787,results_lat36.402627_lon127.342787_stat.txt
36.403436,127.388511,0.059451421804909796,0.027490646111681994,27,lat36.403436_lon127.388511,results_lat36.403436_lon127.388511_stat.txt
36.403502,127.339251,0.05840437803351431,0.02708658470299625,38,lat36.403502_lon127.339251,results_lat36.403502_lon127.339251_stat.txt
36.403525,127.282906,0.06909976238037428,0.026529018572816747,46,lat36.403525_lon127.282906,results_lat36.403525_lon127.282906_stat.txt
36.403678,127.394297,0.04870035324567668,0.17989650693823636,13,lat36.403678_lon127.394297,results_lat36.403678_lon127.394297_stat.txt
36.403776,127.404912,0.02043674271737503,0.010686279531834186,18,lat36.403776_lon127.404912,results_lat36.403776_lon127.404912_stat.txt
36.403797,127.447419,0.03411714196231654,0.016326060630172116,37,lat36.403797_lon127.447419,results_lat36.403797_lon127.447419_stat.txt
36.404134,127.401598,0.032029828570290006,0.01442886396749055,47,lat36.404134_lon127.401598,results_lat36.404134_lon127.401598_stat.txt
36.404401,127.365932,0.051059986888974555,0.02780761094481233,33,lat36.404401_lon127.365932,results_lat36.404401_lon127.365932_stat.txt
36.40462,127.430483,0.019405971010924398,0.012248111856505416,26,lat36.404620_lon127.430483,results_lat36.404620_lon127.430483_stat.txt
36.404881,127.293387,0.0389854749603413,0.042728546807081005,20,lat36.404881_lon127.293387,results_lat36.404881_lon127.293387_stat.txt
36.4049,127.339553,0.05667245188900149,0.033916245548509256,30,lat36.404900_lon127.339553,results_lat36.404900_lon127.339553_stat.txt
36.404916,127.417353,0.07613862325210317,0.036302753509944226,26,lat36.404916_lon127.417353,results_lat36.404916_lon127.417353_stat.txt
36.405156,127.311172,0.06125372830133651,0.02330593059604218,47,lat36.405156_lon127.311172,results_lat36.405156_lon127.311172_stat.txt
36.405299,127.400839,0.0264107153303843,0.012853961605134656,44,lat36.405299_lon127.400839,results_lat36.405299_lon127.400839_stat.txt
36.405343,127.403519,0.02366364947973137,0.010214369704662118,37,lat36.405343_lon127.403519,results_lat36.405343_lon127.403519_stat.txt
36.405534,127.475729,0.04013044477933385,0.021374641980844943,24,lat36.405534_lon127.475729,results_lat36.405534_lon127.475729_stat.txt
36.405723,127.342132,0.07835901625554337,0.045568504172871074,20,lat36.405723_lon127.342132,results_lat36.405723_lon127.342132_stat.txt
36.405974,127.424744,0.022363241611896567,0.022539987689965717,25,lat36.405974_lon127.424744,results_lat36.405974_lon127.424744_stat.txt
36.406285,127.35573,0.05998645569897456,0.03212720891487239,37,lat36.406285_lon127.355730,results_lat36.406285_lon127.355730_stat.txt
36.406659,127.282546,0.04934666307772481,0.038069807462412765,21,lat36.406659_lon127.282546,results_lat36.406659_lon127.282546_stat.txt
36.407076,127.43082,0.05050097226218607,0.1799279340587583,11,lat36.407076_lon127.430820,results_lat36.407076_lon127.430820_stat.txt
36.407282,127.497308,0.07759030391167779,0.17607225618571185,12,lat36.407282_lon127.497308,results_lat36.407282_lon127.497308_stat.txt
36.407458,127.437938,0.039724759176739934,0.02108739656269305,45,lat36.407458_lon127.437938,results_lat36.407458_lon127.437938_stat.txt
36.407469,127.404407,0.02111687177820042,0.00996681245082821,27,lat36.407469_lon127.404407,results_lat36.407469_lon127.404407_stat.txt
36.407709,127.354325,0.11403069465485557,0.17772401946310415,16,lat36.407709_lon127.354325,results_lat36.407709_lon127.354325_stat.txt
36.408101,127.293641,0.06989323251680363,0.02954538909480005,41,lat36.408101_lon127.293641,results_lat36.408101_lon127.293641_stat.txt
36.408134,127.497893,0.049513453664533726,0.02273101331794351,20,lat36.408134_lon127.497893,results_lat36.408134_lon127.497893_stat.txt
36.408205,127.497875,0.057729701967458406,0.018040829951087453,46,lat36.408205_lon127.497875,results_lat36.408205_lon127.497875_stat.txt
36.408434,127.402281,0.03201108949345142,0.015440591637143198,50,lat36.408434_lon127.402281,results_lat36.408434_lon127.402281_stat.txt
36.408596,127.366568,0.0783905577692306,0.18155220617779985,10,lat36.408596_lon127.366568,results_lat36.408596_lon127.366568_stat.txt
36.40897,127.475939,0.04736591675033588,0.01700423593007961,44,lat36.408970_lon127.475939,results_lat36.408970_lon127.475939_stat.txt
36.40919,127.475608,0.05976433428272031,0.025333168327456884,46,lat36.409190_lon127.475608,results_lat36.409190_lon127.475608_stat.txt
36.409766,127.452481,0.03138989211546269,0.020445266141708718,18,lat36.409766_lon127.452481,results_lat36.409766_lon127.452481_stat.txt
36.410156,127.406175,0.02200280402286583,0.012410380215995073,27,lat36.410156_lon127.406175,results_lat36.410156_lon127.406175_stat.txt
36.410898,127.405999,0.02202821623282156,0.011242678647156147,33,lat36.410898_lon127.405999,results_lat36.410898_lon127.405999_stat.txt
36.411291,127.413228,0.051785351749181634,0.1794690284068027,15,lat36.411291_lon127.413228,results_lat36.411291_lon127.413228_stat.txt
36.411509,127.538859,0.07660854876961248,0.039868878927786386,38,lat36.411509_lon127.538859,results_lat36.411509_lon127.538859_stat.txt
36.411666,127.382089,0.06484712578902638,0.04263695217919478,31,lat36.411666_lon127.382089,results_lat36.411666_lon127.382089_stat.txt
36.411827,127.485407,0.05154800753122117,0.01946100284897873,35,lat36.411827_lon127.485407,results_lat36.411827_lon127.485407_stat.txt
36.411902,127.433221,0.03037469652895163,0.01419685099106216,41,lat36.411902_lon127.433221,results_lat36.411902_lon127.433221_stat.txt
36.412025,127.308795,0.05053306151226386,0.1797181197557415,12,lat36.412025_lon127.308795,results_lat36.412025_lon127.308795_stat.txt
36.412776,127.34395,0.07064054820063198,0.05009353026538369,22,lat36.412776_lon127.343950,results_lat36.412776_lon127.343950_stat.txt
36.412853,127.425808,0.05131868212141968,0.17979764457655903,11,lat36.412853_lon127.425808,results_lat36.412853_lon127.425808_stat.txt
36.413078,127.462222,0.04251822099831083,0.022132108564017768,28,lat36.413078_lon127.462222,results_lat36.413078_lon127.462222_stat.txt
36.413487,127.294411,0.06109512123999107,0.03154387050648312,39,lat36.413487_lon127.294411,results_lat36.413487_lon127.294411_stat.txt
36.413529,127.415308,0.03432621299780356,0.012705825481810118,50,lat36.413529_lon127.415308,results_lat36.413529_lon127.415308_stat.txt
36.413628,127.316499,0.0687933167558621,0.029471769188636608,43,lat36.413628_lon127.316499,results_lat36.413628_lon127.316499_stat.txt
36.413672,127.466262,0.03981618684788889,0.01613770477555184,33,lat36.413672_lon127.466262,results_lat36.413672_lon127.466262_stat.txt
36.413723,127.411471,0.021538374014251592,0.013261720827288664,22,lat36.413723_lon127.411471,results_lat36.413723_lon127.411471_stat.txt
36.413979,127.450482,0.027808547213101116,0.014825528188618523,30,lat36.413979_lon127.450482,results_lat36.413979_lon127.450482_stat.txt
36.414431,127.400545,0.022738190304489918,0.011508211165081682,24,lat36.414431_lon127.400545,results_lat36.414431_lon127.400545_stat.txt
36.414551,127.445664,0.026988045552119096,0.01559882176229387,30,lat36.414551_lon127.445664,results_lat36.414551_lon127.445664_stat.txt
36.414571,127.436604,0.025879708972228722,0.014336882479753335,30,lat36.414571_lon127.436604,results_lat36.414571_lon127.436604_stat.txt
36.414769,127.401623,0.029915915940465814,0.013646035549358738,31,lat36.414769_lon127.401623,results_lat36.414769_lon127.401623_stat.txt
36.414866,127.386604,0.05987612084646208,0.028399895043323308,28,lat36.414866_lon127.386604,results_lat36.414866_lon127.386604_stat.txt
36.414894,127.390271,0.05711827938398021,0.17876642959659866,16,lat36.414894_lon127.390271,results_lat36.414894_lon127.390271_stat.txt
36.414955,127.456566,0.0563841290416149,0.02224133068539975,47,lat36.414955_lon127.456566,results_lat36.414955_lon127.456566_stat.txt
36.414971,127.456682,0.05644637586677123,0.02338571134505296,46,lat36.414971_lon127.456682,results_lat36.414971_lon127.456682_stat.txt
36.415118,127.443126,0.03408901845747511,0.016812824810908025,45,lat36.415118_lon127.443126,results_lat36.415118_lon127.443126_stat.txt
36.415138,127.300739,0.05728471438225542,0.03715968652758837,32,lat36.415138_lon127.300739,results_lat36.415138_lon127.300739_stat.txt
36.415269,127.352277,0.06944448625913512,0.03678566631897263,33,lat36.415269_lon127.352277,results_lat36.415269_lon127.352277_stat.txt
36.415466,127.335087,0.06353641397118476,0.027186317888030005,29,lat36.415466_lon127.335087,results_lat36.415466_lon127.335087_stat.txt
36.415522,127.423122,0.05167585267396837,0.1793645585226813,17,lat36.415522_lon127.423122,results_lat36.415522_lon127.423122_stat.txt
36.415772,127.472079,0.06791229865250535,0.1774075690155444,13,lat36.415772_lon127.472079,results_lat36.415772_lon127.472079_stat.txt
36.416062,127.409018,0.03173285404907362,0.014368446664298587,39,lat36.416062_lon127.409018,results_lat36.416062_lon127.409018_stat.txt
36.416079,127.394168,0.04760467889511054,0.02439804231241631,50,lat36.416079_lon127.394168,results_lat36.416079_lon127.394168_stat.txt
36.416276,127.399648,0.02963549609683535,0.019279781894977185,22,lat36.416276_lon127.399648,results_lat36.416276_lon127.399648_stat.txt
36.416346,127.331467,0.0725326396048399,0.039867863376874015,25,lat36.416346_lon127.331467,results_lat36.416346_lon127.331467_stat.txt
36.41638,127.33885,0.08950777775918586,0.17781272096096848,11,lat36.416380_lon127.338850,results_lat36.416380_lon127.338850_stat.txt
36.416463,127.314787,0.03918174810947861,0.042360096157328955,20,lat36.416463_lon127.314787,results_lat36.416463_lon127.314787_stat.txt
36.416694,127.407627,0.025116515886102555,0.014150325032346062,21,lat36.416694_lon127.407627,results_lat36.416694_lon127.407627_stat.txt
36.416716,127.408209,0.026164676800470864,0.018446105705774728,22,lat36.416716_lon127.408209,results_lat36.416716_lon127.408209_stat.txt
36.416839,127.331015,0.06685887132528529,0.03298856822100907,40,lat36.416839_lon127.331015,results_lat36.416839_lon127.331015_stat.txt
36.417014,127.301276,0.046103562371552,0.034378573485121446,27,lat36.417014_lon127.301276,results_lat36.417014_lon127.301276_stat.txt
36.417234,127.376889,0.06608924991512717,0.027874129848751764,36,lat36.417234_lon127.376889,results_lat36.417234_lon127.376889_stat.txt
36.418089,127.322282,0.03812383547772978,0.032696540935118215,20,lat36.418089_lon127.322282,results_lat36.418089_lon127.322282_stat.txt
36.418303,127.295384,0.05792658070831192,0.034526318067585944,32,lat36.418303_lon127.295384,results_lat36.418303_lon127.295384_stat.txt
36.418667,127.520844,0.06968492619476237,0.03595653477711652,20,lat36.418667_lon127.520844,results_lat36.418667_lon127.520844_stat.txt
36.418752,127.305714,0.06649390056794141,0.028931961128545142,39,lat36.418752_lon127.305714,results_lat36.418752_lon127.305714_stat.txt
36.418899,127.326506,0.06303619931836503,0.030439878610871916,32,lat36.418899_lon127.326506,results_lat36.418899_lon127.326506_stat.txt
36.419288,127.480372,0.06297028039362725,0.027758909205602568,40,lat36.419288_lon127.480372,results_lat36.419288_lon127.480372_stat.txt
36.419437,127.389649,0.02978936904576667,0.014091776574658123,33,lat36.419437_lon127.389649,results_lat36.419437_lon127.389649_stat.txt
36.41969,127.326563,0.06463737945948612,0.03164165326734582,21,lat36.419690_lon127.326563,results_lat36.419690_lon127.326563_stat.txt
36.419998,127.475326,0.05825357514388667,0.02738380449684009,38,lat36.419998_lon127.475326,results_lat36.419998_lon127.475326_stat.txt
36.42018,127.528565,0.0757565219004467,0.03599197607789731,38,lat36.420180_lon127.528565,results_lat36.420180_lon127.528565_stat.txt
36.420991,127.326312,0.07292252865620343,0.03470182709541571,46,lat36.420991_lon127.326312,results_lat36.420991_lon127.326312_stat.txt
36.421473,127.374315,0.07095573103918008,0.03961456241649952,19,lat36.421473_lon127.374315,results_lat36.421473_lon127.374315_stat.txt
36.421483,127.418764,0.053177058411599205,0.17941311825155792,13,lat36.421483_lon127.418764,results_lat36.421483_lon127.418764_stat.txt
36.421935,127.427793,0.028197697416630047,0.0156414663628267,32,lat36.421935_lon127.427793,results_lat36.421935_lon127.427793_stat.txt
36.422002,127.415956,0.027551243071682597,0.011421313453646973,31,lat36.422002_lon127.415956,results_lat36.422002_lon127.415956_stat.txt
36.422079,127.46108,0.052674115584692385,0.02360425699487365,38,lat36.422079_lon127.461080,results_lat36.422079_lon127.461080_stat.txt
36.423917,127.375301,0.06254703932168734,0.034158267428212485,36,lat36.423917_lon127.375301,results_lat36.423917_lon127.375301_stat.txt
36.424123,127.388694,0.02564169863275326,0.012886595880885815,31,lat36.424123_lon127.388694,results_lat36.424123_lon127.388694_stat.txt
36.424144,127.425539,0.025290565663782516,0.012302301214553646,34,lat36.424144_lon127.425539,results_lat36.424144_lon127.425539_stat.txt
36.424224,127.379782,0.0597296026966856,0.029220853595206712,27,lat36.424224_lon127.379782,results_lat36.424224_lon127.379782_stat.txt
36.424452,127.4072,0.03074674941196615,0.017748723325233765,37,lat36.424452_lon127.407200,results_lat36.424452_lon127.407200_stat.txt
36.424836,127.452128,0.050186099124230235,0.18004586433938682,10,lat36.424836_lon127.452128,results_lat36.424836_lon127.452128_stat.txt
36.424975,127.403268,0.026823481179322217,0.015868666369585668,23,lat36.424975_lon127.403268,results_lat36.424975_lon127.403268_stat.txt
36.425331,127.382599,0.06520587425741889,0.032551222902503486,24,lat36.425331_lon127.382599,results_lat36.425331_lon127.382599_stat.txt
36.425359,127.435893,0.04531301025542199,0.024696794478702617,30,lat36.425359_lon127.435893,results_lat36.425359_lon127.435893_stat.txt
36.425428,127.436022,0.05211349493125471,0.024940875919079862,47,lat36.425428_lon127.436022,results_lat36.425428_lon127.436022_stat.txt
36.42552,127.373213,0.07497002209342814,0.03604962231783038,42,lat36.425520_lon127.373213,results_lat36.425520_lon127.373213_stat.txt
36.427043,127.408832,0.025035190686190614,0.011890297725416943,27,lat36.427043_lon127.408832,results_lat36.427043_lon127.408832_stat.txt
36.427296,127.412968,0.030195149278308676,0.015078550992256528,25,lat36.427296_lon127.412968,results_lat36.427296_lon127.412968_stat.txt
36.427647,127.4092,0.023000656322481265,0.013741560972717896,20,lat36.427647_lon127.409200,results_lat36.427647_lon127.409200_stat.txt
36.427748,127.400609,0.02425510995072428,0.011194044225053589,18,lat36.427748_lon127.400609,results_lat36.427748_lon127.400609_stat.txt
36.428189,127.435543,0.02917839896977516,0.015524268134514555,22,lat36.428189_lon127.435543,results_lat36.428189_lon127.435543_stat.txt
36.428646,127.401029,0.02638480956371331,0.016561157720304812,21,lat36.428646_lon127.401029,results_lat36.428646_lon127.401029_stat.txt
36.428776,127.380619,0.036350919697108346,0.01824004086584242,38,lat36.428776_lon127.380619,results_lat36.428776_lon127.380619_stat.txt
36.428918,127.374172,0.07412411067586326,0.031728775664548126,48,lat36.428918_lon127.374172,results_lat36.428918_lon127.374172_stat.txt
36.429228,127.456954,0.03036993411052632,0.017050013875094704,21,lat36.429228_lon127.456954,results_lat36.429228_lon127.456954_stat.txt
36.429283,127.435231,0.029763740379471097,0.015600750642655451,33,lat36.429283_lon127.435231,results_lat36.429283_lon127.435231_stat.txt
36.430011,127.392113,0.026336263126607768,0.01522028510772721,21,lat36.430011_lon127.392113,results_lat36.430011_lon127.392113_stat.txt
36.430889,127.452522,0.0275123099904009,0.014531933312503197,24,lat36.430889_lon127.452522,results_lat36.430889_lon127.452522_stat.txt
36.431854,127.380547,0.03536606424966962,0.01880118336253444,39,lat36.431854_lon127.380547,results_lat36.431854_lon127.380547_stat.txt
36.432326,127.468209,0.036028613256303424,0.01834522590746684,24,lat36.432326_lon127.468209,results_lat36.432326_lon127.468209_stat.txt
36.432979,127.402234,0.029820023453482388,0.013459838495531782,31,lat36.432979_lon127.402234,results_lat36.432979_lon127.402234_stat.txt
36.433365,127.468779,0.06631548091354239,0.177651012465291,16,lat36.433365_lon127.468779,results_lat36.433365_lon127.468779_stat.txt
36.433409,127.386044,0.04092153158811422,0.020699056059603812,47,lat36.433409_lon127.386044,results_lat36.433409_lon127.386044_stat.txt
36.434229,127.400834,0.050244922088992915,0.1800853072201893,10,lat36.434229_lon127.400834,results_lat36.434229_lon127.400834_stat.txt
36.434718,127.456143,0.03930638410144493,0.019988421946776587,30,lat36.434718_lon127.456143,results_lat36.434718_lon127.456143_stat.txt
36.434842,127.46973,0.05553821174125763,0.026736038285266966,50,lat36.434842_lon127.469730,results_lat36.434842_lon127.469730_stat.txt
36.43496,127.469816,0.04909917355300105,0.023457347994850133,43,lat36.434960_lon127.469816,results_lat36.434960_lon127.469816_stat.txt
36.434996,127.433399,0.027668853362503368,0.016231192340711898,26,lat36.434996_lon127.433399,results_lat36.434996_lon127.433399_stat.txt
36.435095,127.436999,0.03370074267201425,0.013845303303883947,44,lat36.435095_lon127.436999,results_lat36.435095_lon127.436999_stat.txt
36.435114,127.433307,0.026116129615063856,0.013058158857566083,27,lat36.435114_lon127.433307,results_lat36.435114_lon127.433307_stat.txt
36.435204,127.40579,0.035555870481198716,0.017840008232335315,38,lat36.435204_lon127.405790,results_lat36.435204_lon127.405790_stat.txt
36.435624,127.366353,0.03990653320203351,0.019618619802985144,30,lat36.435624_lon127.366353,results_lat36.435624_lon127.366353_stat.txt
36.436102,127.377603,0.054554706435402674,0.17898734717451872,13,lat36.436102_lon127.377603,results_lat36.436102_lon127.377603_stat.txt
36.436196,127.422517,0.026729957668552108,0.011520993587871594,40,lat36.436196_lon127.422517,results_lat36.436196_lon127.422517_stat.txt
36.436758,127.463824,0.05790165026738819,0.17899219981942605,11,lat36.436758_lon127.463824,results_lat36.436758_lon127.463824_stat.txt
36.43697,127.464305,0.04815128440721786,0.02299567398453492,48,lat36.436970_lon127.464305,results_lat36.436970_lon127.464305_stat.txt
36.437058,127.464458,0.03395575411145577,0.01755500183723214,23,lat36.437058_lon127.464458,results_lat36.437058_lon127.464458_stat.txt
36.437304,127.447649,0.027868733215018357,0.013673058130090301,24,lat36.437304_lon127.447649,results_lat36.437304_lon127.447649_stat.txt
36.43745,127.413166,0.040767119780415834,0.0207849410081619,48,lat36.437450_lon127.413166,results_lat36.437450_lon127.413166_stat.txt
36.437529,127.358616,0.057713234323399226,0.17886673461570854,10,lat36.437529_lon127.358616,results_lat36.437529_lon127.358616_stat.txt
36.437776,127.431352,0.055593659708205255,0.17946569771407284,15,lat36.437776_lon127.431352,results_lat36.437776_lon127.431352_stat.txt
36.437845,127.412708,0.02610381294405929,0.014619430543524579,28,lat36.437845_lon127.412708,results_lat36.437845_lon127.412708_stat.txt
36.437879,127.434158,0.05520171672804419,0.17953385705117664,15,lat36.437879_lon127.434158,results_lat36.437879_lon127.434158_stat.txt
36.43792,127.480914,0.08803652797198322,0.03380092498228424,37,lat36.437920_lon127.480914,results_lat36.437920_lon127.480914_stat.txt
36.437931,127.426013,0.02886406185991626,0.014281117068892207,30,lat36.437931_lon127.426013,results_lat36.437931_lon127.426013_stat.txt
36.438387,127.453371,0.03173707361704726,0.01964666950998554,24,lat36.438387_lon127.453371,results_lat36.438387_lon127.453371_stat.txt
36.439239,127.346912,0.05332805954711771,0.02281700932788549,45,lat36.439239_lon127.346912,results_lat36.439239_lon127.346912_stat.txt
36.439572,127.413584,0.06085042296870678,0.17940514191133725,15,lat36.439572_lon127.413584,results_lat36.439572_lon127.413584_stat.txt
36.440077,127.484705,0.06798034725718803,0.027862045640651173,29,lat36.440077_lon127.484705,results_lat36.440077_lon127.484705_stat.txt
36.440167,127.423957,0.04798329896125491,0.18039053767094296,10,lat36.440167_lon127.423957,results_lat36.440167_lon127.423957_stat.txt
36.440209,127.392989,0.0274199769659363,0.01435296790990958,28,lat36.440209_lon127.392989,results_lat36.440209_lon127.392989_stat.txt
36.440354,127.48675,0.10175929503450039,0.03254204181206876,43,lat36.440354_lon127.486750,results_lat36.440354_lon127.486750_stat.txt
36.440723,127.48779,0.08749914144093436,0.1754989720448948,10,lat36.440723_lon127.487790,results_lat36.440723_lon127.487790_stat.txt
36.441422,127.386869,0.02655506458809572,0.017636392197493144,22,lat36.441422_lon127.386869,results_lat36.441422_lon127.386869_stat.txt
36.441817,127.35334,0.05192009373096996,0.024873233981027098,47,lat36.441817_lon127.353340,results_lat36.441817_lon127.353340_stat.txt
36.441859,127.375348,0.041604551261359986,0.01781569313701527,49,lat36.441859_lon127.375348,results_lat36.441859_lon127.375348_stat.txt
36.441995,127.358372,0.07102420713374752,0.17765675806613784,15,lat36.441995_lon127.358372,results_lat36.441995_lon127.358372_stat.txt
36.442135,127.430264,0.02526295263349349,0.01773840136520506,18,lat36.442135_lon127.430264,results_lat36.442135_lon127.430264_stat.txt
36.442581,127.446601,0.05497704771793608,0.17902729667018,13,lat36.442581_lon127.446601,results_lat36.442581_lon127.446601_stat.txt
36.442657,127.391385,0.030260238373371735,0.017749043890553224,34,lat36.442657_lon127.391385,results_lat36.442657_lon127.391385_stat.txt
36.442785,127.434924,0.05349824135146764,0.17912422940782607,14,lat36.442785_lon127.434924,results_lat36.442785_lon127.434924_stat.txt
36.443412,127.382873,0.04261161062659583,0.018606843392562793,50,lat36.443412_lon127.382873,results_lat36.443412_lon127.382873_stat.txt
36.443479,127.440266,0.027336868588485493,0.011379886915707361,35,lat36.443479_lon127.440266,results_lat36.443479_lon127.440266_stat.txt
36.44379,127.439797,0.026893764072171027,0.014796372108064665,25,lat36.443790_lon127.439797,results_lat36.443790_lon127.439797_stat.txt
36.443845,127.358837,0.06428560194681934,0.17857128848855494,12,lat36.443845_lon127.358837,results_lat36.443845_lon127.358837_stat.txt
36.444233,127.453101,0.03911939281354558,0.016912034501207047,42,lat36.444233_lon127.453101,results_lat36.444233_lon127.453101_stat.txt
36.444692,127.467359,0.036438332907448065,0.02439986869136433,27,lat36.444692_lon127.467359,results_lat36.444692_lon127.467359_stat.txt
36.445141,127.396449,0.034385733918307924,0.01603853992656195,37,lat36.445141_lon127.396449,results_lat36.445141_lon127.396449_stat.txt
36.446721,127.387618,0.036368732153739876,0.017586888952194013,36,lat36.446721_lon127.387618,results_lat36.446721_lon127.387618_stat.txt
36.446951,127.440135,0.03537797575380262,0.016013605616685928,49,lat36.446951_lon127.440135,results_lat36.446951_lon127.440135_stat.txt
36.447601,127.380748,0.024897720522715862,0.012283806334043407,19,lat36.447601_lon127.380748,results_lat36.447601_lon127.380748_stat.txt
36.447665,127.388317,0.0450569612717499,0.020979939420145925,49,lat36.447665_lon127.388317,results_lat36.447665_lon127.388317_stat.txt
36.449061,127.419781,0.03271801244932635,0.017592186174491015,41,lat36.449061_lon127.419781,results_lat36.449061_lon127.419781_stat.txt
36.449897,127.472989,0.058529835826235874,0.17885139775215908,11,lat36.449897_lon127.472989,results_lat36.449897_lon127.472989_stat.txt
36.450077,127.37008,0.03589650071374792,0.017603049468444147,32,lat36.450077_lon127.370080,results_lat36.450077_lon127.370080_stat.txt
36.450465,127.440452,0.024705247393521826,0.015657493257755364,21,lat36.450465_lon127.440452,results_lat36.450465_lon127.440452_stat.txt
36.450585,127.363074,0.04008069445360206,0.019757570537076767,36,lat36.450585_lon127.363074,results_lat36.450585_lon127.363074_stat.txt
36.450806,127.392234,0.03079321308923573,0.01769444890771467,26,lat36.450806_lon127.392234,results_lat36.450806_lon127.392234_stat.txt
36.451448,127.421991,0.024762299435457602,0.017611529122427597,19,lat36.451448_lon127.421991,results_lat36.451448_lon127.421991_stat.txt
36.451554,127.430288,0.028649197455923946,0.01305257920627875,42,lat36.451554_lon127.430288,results_lat36.451554_lon127.430288_stat.txt
36.451834,127.357891,0.04920920410338477,0.021350588472572207,49,lat36.451834_lon127.357891,results_lat36.451834_lon127.357891_stat.txt
36.452373,127.366145,0.03990115085688704,0.015592623292257093,41,lat36.452373_lon127.366145,results_lat36.452373_lon127.366145_stat.txt
36.453073,127.419375,0.030866578982602387,0.02137017991064539,20,lat36.453073_lon127.419375,results_lat36.453073_lon127.419375_stat.txt
36.454588,127.417136,0.08174035082523372,0.17639729025712841,14,lat36.454588_lon127.417136,results_lat36.454588_lon127.417136_stat.txt
36.454627,127.359008,0.05743859967126467,0.17873439582436046,11,lat36.454627_lon127.359008,results_lat36.454627_lon127.359008_stat.txt
36.455127,127.39235,0.036753337107122135,0.016917442106328354,32,lat36.455127_lon127.392350,results_lat36.455127_lon127.392350_stat.txt
36.455318,127.365881,0.03265578296813911,0.01811897720121973,28,lat36.455318_lon127.365881,results_lat36.455318_lon127.365881_stat.txt
36.456044,127.464364,0.03879524712400781,0.014262782854012444,43,lat36.456044_lon127.464364,results_lat36.456044_lon127.464364_stat.txt
36.456193,127.399351,0.04560372998425884,0.017757298424088602,40,lat36.456193_lon127.399351,results_lat36.456193_lon127.399351_stat.txt
36.456325,127.472719,0.046965846783096,0.024336777871889443,44,lat36.456325_lon127.472719,results_lat36.456325_lon127.472719_stat.txt
36.458627,127.370818,0.04044100012286588,0.024242799529529187,19,lat36.458627_lon127.370818,results_lat36.458627_lon127.370818_stat.txt
36.46013,127.37095,0.05354006632302455,0.025572694984218804,36,lat36.460130_lon127.370950,results_lat36.460130_lon127.370950_stat.txt
36.460373,127.46591,0.0552159965026452,0.1791468936646303,12,lat36.460373_lon127.465910,results_lat36.460373_lon127.465910_stat.txt
36.460477,127.465936,0.03092978037267172,0.015950174370126104,32,lat36.460477_lon127.465936,results_lat36.460477_lon127.465936_stat.txt
36.46053,127.370909,0.04612437083811294,0.025462242998671416,23,lat36.460530_lon127.370909,results_lat36.460530_lon127.370909_stat.txt
36.460589,127.465964,0.04251246401636743,0.01610546658304562,46,lat36.460589_lon127.465964,results_lat36.460589_lon127.465964_stat.txt
36.461615,127.367927,0.038590481884217064,0.03200806208666582,18,lat36.461615_lon127.367927,results_lat36.461615_lon127.367927_stat.txt
36.46211,127.37939,0.06398257985434383,0.17821359582735014,15,lat36.462110_lon127.379390,results_lat36.462110_lon127.379390_stat.txt
36.462876,127.395397,0.05019186725634235,0.025584898034233507,46,lat36.462876_lon127.395397,results_lat36.462876_lon127.395397_stat.txt
36.463041,127.471521,0.036328837677803885,0.015487278220739524,28,lat36.463041_lon127.471521,results_lat36.463041_lon127.471521_stat.txt
36.463905,127.396741,0.03452769600003638,0.018663378978485162,22,lat36.463905_lon127.396741,results_lat36.463905_lon127.396741_stat.txt
36.464337,127.373462,0.0404045813870194,0.020456793769586444,19,lat36.464337_lon127.373462,results_lat36.464337_lon127.373462_stat.txt
36.465199,127.374541,0.0341386141532213,0.014864454716805506,23,lat36.465199_lon127.374541,results_lat36.465199_lon127.374541_stat.txt
36.46564,127.474836,0.06678433396068068,0.1771969661942383,17,lat36.465640_lon127.474836,results_lat36.465640_lon127.474836_stat.txt
36.467314,127.469659,0.03478431382797201,0.016191000272285098,27,lat36.467314_lon127.469659,results_lat36.467314_lon127.469659_stat.txt
36.46868,127.361471,0.04554134360103023,0.01898844627246224,28,lat36.468680_lon127.361471,results_lat36.468680_lon127.361471_stat.txt
36.469108,127.365246,0.04273481369003586,0.02597304932963351,21,lat36.469108_lon127.365246,results_lat36.469108_lon127.365246_stat.txt
36.472583,127.364285,0.06647853638363933,0.1782862307362641,12,lat36.472583_lon127.364285,results_lat36.472583_lon127.364285_stat.txt
36.474481,127.377299,0.06822887190068294,0.02690058215381824,36,lat36.474481_lon127.377299,results_lat36.474481_lon127.377299_stat.txt
36.475966,127.373757,0.04444339167883951,0.024113353068687473,32,lat36.475966_lon127.373757,results_lat36.475966_lon127.373757_stat.txt
36.47628,127.406136,0.03668786198470442,0.023060320914202435,34,lat36.476280_lon127.406136,results_lat36.476280_lon127.406136_stat.txt
36.478746,127.397556,0.04369540321350644,0.01833598922982229,39,lat36.478746_lon127.397556,results_lat36.478746_lon127.397556_stat.txt
36.478844,127.388262,0.03830540259410954,0.015777888392889242,28,lat36.478844_lon127.388262,results_lat36.478844_lon127.388262_stat.txt
36.479599,127.380657,0.045694481935349335,0.023271076997500945,25,lat36.479599_lon127.380657,results_lat36.479599_lon127.380657_stat.txt
36.480134,127.386474,0.04610895056467871,0.020305504734655463,36,lat36.480134_lon127.386474,results_lat36.480134_lon127.386474_stat.txt
36.480634,127.39781,0.04460367183178541,0.015928530465448454,37,lat36.480634_lon127.397810,results_lat36.480634_lon127.397810_stat.txt
36.481281,127.396303,0.05134792015866198,0.01798946914115017,48,lat36.481281_lon127.396303,results_lat36.481281_lon127.396303_stat.txt
36.482555,127.395094,0.056773407294313086,0.025229868281589414,47,lat36.482555_lon127.395094,results_lat36.482555_lon127.395094_stat.txt
36.482898,127.393119,0.040684069581396747,0.017569306695248775,28,lat36.482898_lon127.393119,results_lat36.482898_lon127.393119_stat.txt
36.483274,127.380078,0.05955480132656355,0.021690383519295097,48,lat36.483274_lon127.380078,results_lat36.483274_lon127.380078_stat.txt
36.484412,127.367572,0.04993377956991469,0.023919873155508458,24,lat36.484412_lon127.367572,results_lat36.484412_lon127.367572_stat.txt
36.486509,127.374672,0.07362145289760577,0.02454607025888845,44,lat36.486509_lon127.374672,results_lat36.486509_lon127.374672_stat.txt
36.487659,127.39775,0.07229037005533888,0.17821511443445026,13,lat36.487659_lon127.397750,results_lat36.487659_lon127.397750_stat.txt
36.489493,127.385606,0.053441683119120474,0.018808682746853503,41,lat36.489493_lon127.385606,results_lat36.489493_lon127.385606_stat.txt
36.489656,127.3743,0.06227610423604193,0.028281454073963465,29,lat36.489656_lon127.374300,results_lat36.489656_lon127.374300_stat.txt
36.490542,127.395235,0.05974377780352206,0.02173961718652802,50,lat36.490542_lon127.395235,results_lat36.490542_lon127.395235_stat.txt
36.492878,127.376976,0.07938503706507237,0.1770865375370573,16,lat36.492878_lon127.376976,results_lat36.492878_lon127.376976_stat.txt
36.49298,127.388368,0.06037006326390577,0.02925009039128949,29,lat36.492980_lon127.388368,results_lat36.492980_lon127.388368_stat.txt
36.49383,127.385604,0.04731442165914216,0.029739249353493785,20,lat36.493830_lon127.385604,results_lat36.493830_lon127.385604_stat.txt
36.494519,127.379523,0.06404147821410668,0.03017861678527565,43,lat36.494519_lon127.379523,results_lat36.494519_lon127.379523_stat.txt
