lat,lon,pdr_mean,pdr_std,source_folder,stat_file
36.204312,127.430868,0.08816868522107223,0.031030575816813396,lat36.204312_lon127.430868,results_lat36.204312_lon127.430868_stat.txt
36.205467,127.341884,0.05126099734219439,0.021784945102608047,lat36.205467_lon127.341884,results_lat36.205467_lon127.341884_stat.txt
36.206491,127.433238,0.08039660506129492,0.03073590004657305,lat36.206491_lon127.433238,results_lat36.206491_lon127.433238_stat.txt
36.206661,127.340999,0.04620472540031668,0.017929088628113408,lat36.206661_lon127.340999,results_lat36.206661_lon127.340999_stat.txt
36.207273,127.434386,0.0838011117945358,0.033604827052348435,lat36.207273_lon127.434386,results_lat36.207273_lon127.434386_stat.txt
36.207724,127.435489,0.08823766098806414,0.03533178309355489,lat36.207724_lon127.435489,results_lat36.207724_lon127.435489_stat.txt
36.210112,127.324795,0.058682476040431523,0.023561681420296802,lat36.210112_lon127.324795,results_lat36.210112_lon127.324795_stat.txt
36.21084,127.336503,0.04731007907455317,0.021808467247292438,lat36.210840_lon127.336503,results_lat36.210840_lon127.336503_stat.txt
36.213286,127.41276,0.043345646045756046,0.017462828588678318,lat36.213286_lon127.412760,results_lat36.213286_lon127.412760_stat.txt
36.214354,127.352051,0.04817571653249787,0.0211216621474685,lat36.214354_lon127.352051,results_lat36.214354_lon127.352051_stat.txt
36.216278,127.341629,0.043238463253654345,0.01831003764466019,lat36.216278_lon127.341629,results_lat36.216278_lon127.341629_stat.txt
36.216521,127.449384,0.05146792917557934,0.027081783595980673,lat36.216521_lon127.449384,results_lat36.216521_lon127.449384_stat.txt
36.217121,127.340797,0.04534421565061681,0.02188231647850417,lat36.217121_lon127.340797,results_lat36.217121_lon127.340797_stat.txt
36.21736,127.441416,0.04765629947220283,0.025828820389527322,lat36.217360_lon127.441416,results_lat36.217360_lon127.441416_stat.txt
36.217886,127.439068,0.05042067152105846,0.03013084473138326,lat36.217886_lon127.439068,results_lat36.217886_lon127.439068_stat.txt
36.218396,127.337953,0.045480576458042286,0.01950101562474392,lat36.218396_lon127.337953,results_lat36.218396_lon127.337953_stat.txt
36.219389,127.436059,0.04737384512307641,0.029171425868676163,lat36.219389_lon127.436059,results_lat36.219389_lon127.436059_stat.txt
36.22039,127.436493,0.04690966724542798,0.030428322931579807,lat36.220390_lon127.436493,results_lat36.220390_lon127.436493_stat.txt
36.220859,127.446143,0.046064416667145634,0.028067029962096392,lat36.220859_lon127.446143,results_lat36.220859_lon127.446143_stat.txt
36.221825,127.346068,0.0432913834301787,0.016067739766539767,lat36.221825_lon127.346068,results_lat36.221825_lon127.346068_stat.txt
36.222073,127.33626,0.043598367609736455,0.01738521283627631,lat36.222073_lon127.336260,results_lat36.222073_lon127.336260_stat.txt
36.222101,127.346323,0.04407112186417125,0.017559188347288972,lat36.222101_lon127.346323,results_lat36.222101_lon127.346323_stat.txt
36.222951,127.429905,0.04803456701272058,0.02670978016334597,lat36.222951_lon127.429905,results_lat36.222951_lon127.429905_stat.txt
36.225116,127.299396,0.0441414254604929,0.0186145542975736,lat36.225116_lon127.299396,results_lat36.225116_lon127.299396_stat.txt
36.226479,127.446638,0.041752610407778994,0.02331106777688253,lat36.226479_lon127.446638,results_lat36.226479_lon127.446638_stat.txt
36.227229,127.302371,0.041049100454808245,0.017679497548198617,lat36.227229_lon127.302371,results_lat36.227229_lon127.302371_stat.txt
36.227254,127.457333,0.0412523108367381,0.022381663423678547,lat36.227254_lon127.457333,results_lat36.227254_lon127.457333_stat.txt
36.228742,127.455351,0.04253306987667826,0.02451241346479498,lat36.228742_lon127.455351,results_lat36.228742_lon127.455351_stat.txt
36.228768,127.314925,0.04156232283028829,0.020387554630159874,lat36.228768_lon127.314925,results_lat36.228768_lon127.314925_stat.txt
36.230784,127.448975,0.04598350687690197,0.02860515661312904,lat36.230784_lon127.448975,results_lat36.230784_lon127.448975_stat.txt
36.231773,127.481377,0.03622078647737488,0.01660696470649121,lat36.231773_lon127.481377,results_lat36.231773_lon127.481377_stat.txt
36.231778,127.350874,0.041983942629878965,0.02092327003212633,lat36.231778_lon127.350874,results_lat36.231778_lon127.350874_stat.txt
36.231819,127.349375,0.041169282300085985,0.019116333296628655,lat36.231819_lon127.349375,results_lat36.231819_lon127.349375_stat.txt
36.232349,127.336635,0.04214704417002242,0.02204609034753613,lat36.232349_lon127.336635,results_lat36.232349_lon127.336635_stat.txt
36.234045,127.414495,0.04456492888532853,0.019348961162516564,lat36.234045_lon127.414495,results_lat36.234045_lon127.414495_stat.txt
36.234504,127.313472,0.04277365387798969,0.0190426833228837,lat36.234504_lon127.313472,results_lat36.234504_lon127.313472_stat.txt
36.234938,127.309611,0.043557060569965896,0.019928540185219883,lat36.234938_lon127.309611,results_lat36.234938_lon127.309611_stat.txt
36.23509,127.415066,0.04046143312023952,0.018054322913192124,lat36.235090_lon127.415066,results_lat36.235090_lon127.415066_stat.txt
36.236038,127.39667,0.04154074245863164,0.018743677553635082,lat36.236038_lon127.396670,results_lat36.236038_lon127.396670_stat.txt
36.236121,127.453969,0.04169105696508164,0.022390350487549802,lat36.236121_lon127.453969,results_lat36.236121_lon127.453969_stat.txt
36.236778,127.455045,0.047282811675965056,0.027428627903270608,lat36.236778_lon127.455045,results_lat36.236778_lon127.455045_stat.txt
36.236863,127.455127,0.047157865408233635,0.02791851886075907,lat36.236863_lon127.455127,results_lat36.236863_lon127.455127_stat.txt
36.238378,127.479979,0.04031439468990276,0.022647007950650055,lat36.238378_lon127.479979,results_lat36.238378_lon127.479979_stat.txt
36.238654,127.479783,0.04060716085706003,0.023763963339616247,lat36.238654_lon127.479783,results_lat36.238654_lon127.479783_stat.txt
36.2389,127.42277,0.04109498235168347,0.020099996333454804,lat36.238900_lon127.422770,results_lat36.238900_lon127.422770_stat.txt
36.239134,127.314882,0.04091545209284317,0.023956113748686763,lat36.239134_lon127.314882,results_lat36.239134_lon127.314882_stat.txt
36.239304,127.468969,0.045797858617970796,0.030764175338348333,lat36.239304_lon127.468969,results_lat36.239304_lon127.468969_stat.txt
36.239533,127.345238,0.038010052034475925,0.01797694212738642,lat36.239533_lon127.345238,results_lat36.239533_lon127.345238_stat.txt
36.239635,127.406031,0.04064895270459374,0.021133850870878875,lat36.239635_lon127.406031,results_lat36.239635_lon127.406031_stat.txt
36.240083,127.349646,0.03843793954325983,0.015738343781375803,lat36.240083_lon127.349646,results_lat36.240083_lon127.349646_stat.txt
36.240115,127.319359,0.0390386154020595,0.01881568666427543,lat36.240115_lon127.319359,results_lat36.240115_lon127.319359_stat.txt
36.241745,127.352452,0.04024013687803095,0.019790275401796294,lat36.241745_lon127.352452,results_lat36.241745_lon127.352452_stat.txt
36.241802,127.398243,0.0411877414183479,0.01826082676332021,lat36.241802_lon127.398243,results_lat36.241802_lon127.398243_stat.txt
36.242927,127.353963,0.03805425156452358,0.017280488943162784,lat36.242927_lon127.353963,results_lat36.242927_lon127.353963_stat.txt
36.242989,127.465816,0.04594304982057314,0.03201914674749616,lat36.242989_lon127.465816,results_lat36.242989_lon127.465816_stat.txt
36.243003,127.465892,0.04666025333537093,0.03210824179695704,lat36.243003_lon127.465892,results_lat36.243003_lon127.465892_stat.txt
36.243097,127.283415,0.07538650062966065,0.05336588296179926,lat36.243097_lon127.283415,results_lat36.243097_lon127.283415_stat.txt
36.243108,127.308893,0.04474672186774357,0.02107924820724951,lat36.243108_lon127.308893,results_lat36.243108_lon127.308893_stat.txt
36.243184,127.283326,0.07386745638425841,0.05120001674495337,lat36.243184_lon127.283326,results_lat36.243184_lon127.283326_stat.txt
36.243233,127.466533,0.04688035099076281,0.03252156516285952,lat36.243233_lon127.466533,results_lat36.243233_lon127.466533_stat.txt
36.243642,127.321388,0.03928134997138843,0.01594759856625061,lat36.243642_lon127.321388,results_lat36.243642_lon127.321388_stat.txt
36.243831,127.351424,0.03731478292891777,0.017010390022055358,lat36.243831_lon127.351424,results_lat36.243831_lon127.351424_stat.txt
36.244962,127.423945,0.03794215160745164,0.01929409127165071,lat36.244962_lon127.423945,results_lat36.244962_lon127.423945_stat.txt
36.245559,127.31828,0.0408791646158847,0.018924123282256143,lat36.245559_lon127.318280,results_lat36.245559_lon127.318280_stat.txt
36.246042,127.314574,0.043132427401843705,0.020664171891602592,lat36.246042_lon127.314574,results_lat36.246042_lon127.314574_stat.txt
36.246235,127.328611,0.033757918041718654,0.01661997216137916,lat36.246235_lon127.328611,results_lat36.246235_lon127.328611_stat.txt
36.246982,127.475154,0.04887509248872451,0.031750956663240855,lat36.246982_lon127.475154,results_lat36.246982_lon127.475154_stat.txt
36.248308,127.410077,0.03627327325267224,0.017492036865206877,lat36.248308_lon127.410077,results_lat36.248308_lon127.410077_stat.txt
36.24988,127.469069,0.04244431768142328,0.023081514448312235,lat36.249880_lon127.469069,results_lat36.249880_lon127.469069_stat.txt
36.250008,127.302603,0.06579371102080814,0.0359099168119778,lat36.250008_lon127.302603,results_lat36.250008_lon127.302603_stat.txt
36.250081,127.431826,0.0388111159285068,0.020772141456440043,lat36.250081_lon127.431826,results_lat36.250081_lon127.431826_stat.txt
36.250408,127.319155,0.04205461177829584,0.0203883188742207,lat36.250408_lon127.319155,results_lat36.250408_lon127.319155_stat.txt
36.250688,127.401952,0.038946893174384725,0.01721431472708095,lat36.250688_lon127.401952,results_lat36.250688_lon127.401952_stat.txt
36.251196,127.311435,0.04001555572457806,0.017114933697678168,lat36.251196_lon127.311435,results_lat36.251196_lon127.311435_stat.txt
36.25135,127.460774,0.03936141626934102,0.022095086568791788,lat36.251350_lon127.460774,results_lat36.251350_lon127.460774_stat.txt
36.251356,127.400134,0.03234352149253549,0.017843580179093134,lat36.251356_lon127.400134,results_lat36.251356_lon127.400134_stat.txt
36.25203,127.34688,0.0326819814711767,0.017363923603159366,lat36.252030_lon127.346880,results_lat36.252030_lon127.346880_stat.txt
36.252257,127.405824,0.03235300407315565,0.01891476532801853,lat36.252257_lon127.405824,results_lat36.252257_lon127.405824_stat.txt
36.25289,127.312359,0.06588292826685176,0.042950313773156494,lat36.252890_lon127.312359,results_lat36.252890_lon127.312359_stat.txt
36.252969,127.306452,0.06588673059603553,0.0407073757139852,lat36.252969_lon127.306452,results_lat36.252969_lon127.306452_stat.txt
36.253134,127.306142,0.06550860269695022,0.03858100659406853,lat36.253134_lon127.306142,results_lat36.253134_lon127.306142_stat.txt
36.253227,127.304075,0.06361721662961864,0.034815787290180644,lat36.253227_lon127.304075,results_lat36.253227_lon127.304075_stat.txt
36.253899,127.401649,0.02731230343222312,0.015529247550379393,lat36.253899_lon127.401649,results_lat36.253899_lon127.401649_stat.txt
36.254164,127.324239,0.03746632086060566,0.016056456677151134,lat36.254164_lon127.324239,results_lat36.254164_lon127.324239_stat.txt
36.254596,127.400596,0.02837623900366054,0.0175754459059788,lat36.254596_lon127.400596,results_lat36.254596_lon127.400596_stat.txt
36.254761,127.451876,0.043684509699558775,0.026136951483613422,lat36.254761_lon127.451876,results_lat36.254761_lon127.451876_stat.txt
36.254966,127.325701,0.03837896373610324,0.017504257231774085,lat36.254966_lon127.325701,results_lat36.254966_lon127.325701_stat.txt
36.25513,127.33939,0.033997270721386794,0.018825519319096637,lat36.255130_lon127.339390,results_lat36.255130_lon127.339390_stat.txt
36.255177,127.396266,0.02956960764440227,0.016926698761196683,lat36.255177_lon127.396266,results_lat36.255177_lon127.396266_stat.txt
36.255599,127.319743,0.04423325483969582,0.022082121633380147,lat36.255599_lon127.319743,results_lat36.255599_lon127.319743_stat.txt
36.256199,127.34185,0.03202733775243298,0.016144626921232568,lat36.256199_lon127.341850,results_lat36.256199_lon127.341850_stat.txt
36.256618,127.454047,0.037937617349715395,0.024731115203564937,lat36.256618_lon127.454047,results_lat36.256618_lon127.454047_stat.txt
36.256899,127.285501,0.07276261927895722,0.04291388694423162,lat36.256899_lon127.285501,results_lat36.256899_lon127.285501_stat.txt
36.256936,127.344562,0.03513606697506056,0.01680585083505413,lat36.256936_lon127.344562,results_lat36.256936_lon127.344562_stat.txt
36.257902,127.444287,0.03994688503770394,0.02395032947815657,lat36.257902_lon127.444287,results_lat36.257902_lon127.444287_stat.txt
36.258294,127.479153,0.03857564904825913,0.02416098178701874,lat36.258294_lon127.479153,results_lat36.258294_lon127.479153_stat.txt
36.258562,127.346537,0.032434201380122735,0.015266354258671806,lat36.258562_lon127.346537,results_lat36.258562_lon127.346537_stat.txt
36.258721,127.452477,0.04213143095554018,0.02578666425719869,lat36.258721_lon127.452477,results_lat36.258721_lon127.452477_stat.txt
36.258752,127.345578,0.03345472873660493,0.018398845298643773,lat36.258752_lon127.345578,results_lat36.258752_lon127.345578_stat.txt
36.259531,127.436502,0.0405309674529305,0.024446582289622786,lat36.259531_lon127.436502,results_lat36.259531_lon127.436502_stat.txt
36.260087,127.352782,0.03320358307832156,0.018510616233987826,lat36.260087_lon127.352782,results_lat36.260087_lon127.352782_stat.txt
36.26085,127.438081,0.04003785232447148,0.023530795250702393,lat36.260850_lon127.438081,results_lat36.260850_lon127.438081_stat.txt
36.261205,127.315128,0.04907693128533911,0.022297190814263623,lat36.261205_lon127.315128,results_lat36.261205_lon127.315128_stat.txt
36.2616,127.295096,0.058765602971306535,0.03782586607651679,lat36.261600_lon127.295096,results_lat36.261600_lon127.295096_stat.txt
36.261742,127.350577,0.03152764769691787,0.01691860828841692,lat36.261742_lon127.350577,results_lat36.261742_lon127.350577_stat.txt
36.261961,127.340539,0.032346220948283246,0.01736192629183657,lat36.261961_lon127.340539,results_lat36.261961_lon127.340539_stat.txt
36.262,127.332494,0.03655707023472794,0.02146926528689017,lat36.262000_lon127.332494,results_lat36.262000_lon127.332494_stat.txt
36.262681,127.413864,0.030124718780246897,0.016145756041054973,lat36.262681_lon127.413864,results_lat36.262681_lon127.413864_stat.txt
36.262873,127.469407,0.03773622524789473,0.030109579147315244,lat36.262873_lon127.469407,results_lat36.262873_lon127.469407_stat.txt
36.262917,127.326302,0.04105959534351607,0.018448703240108395,lat36.262917_lon127.326302,results_lat36.262917_lon127.326302_stat.txt
36.26324,127.408786,0.027225627941253862,0.013595693993705618,lat36.263240_lon127.408786,results_lat36.263240_lon127.408786_stat.txt
36.263388,127.345511,0.03113541262599417,0.015698170744138925,lat36.263388_lon127.345511,results_lat36.263388_lon127.345511_stat.txt
36.263628,127.48173,0.036201862503973725,0.027788301358986457,lat36.263628_lon127.481730,results_lat36.263628_lon127.481730_stat.txt
36.263992,127.292213,0.06341772367901269,0.04641909400555002,lat36.263992_lon127.292213,results_lat36.263992_lon127.292213_stat.txt
36.26431,127.292529,0.05924454568340976,0.037463323382265615,lat36.264310_lon127.292529,results_lat36.264310_lon127.292529_stat.txt
36.26437,127.410365,0.0298285029002907,0.016065589959264874,lat36.264370_lon127.410365,results_lat36.264370_lon127.410365_stat.txt
36.264649,127.399381,0.031234486235087032,0.01865705215987462,lat36.264649_lon127.399381,results_lat36.264649_lon127.399381_stat.txt
36.26468,127.298474,0.059633160936042345,0.03817632381893814,lat36.264680_lon127.298474,results_lat36.264680_lon127.298474_stat.txt
36.265444,127.330352,0.038079909057915806,0.019594547183006236,lat36.265444_lon127.330352,results_lat36.265444_lon127.330352_stat.txt
36.266674,127.396137,0.027955036302325643,0.015406666999103686,lat36.266674_lon127.396137,results_lat36.266674_lon127.396137_stat.txt
36.266683,127.396126,0.02795243387117775,0.015406011975133818,lat36.266683_lon127.396126,results_lat36.266683_lon127.396126_stat.txt
36.266852,127.459236,0.0345669173098627,0.01784129563689215,lat36.266852_lon127.459236,results_lat36.266852_lon127.459236_stat.txt
36.26725,127.446529,0.03863332828672084,0.023121244000464277,lat36.267250_lon127.446529,results_lat36.267250_lon127.446529_stat.txt
36.267799,127.443361,0.04116872739654151,0.02522130143886571,lat36.267799_lon127.443361,results_lat36.267799_lon127.443361_stat.txt
36.267833,127.319302,0.06711443215870706,0.051069980896590914,lat36.267833_lon127.319302,results_lat36.267833_lon127.319302_stat.txt
36.267999,127.290037,0.05923699758676116,0.03862761606645988,lat36.267999_lon127.290037,results_lat36.267999_lon127.290037_stat.txt
36.268149,127.321473,0.06627762688362558,0.046725171334487316,lat36.268149_lon127.321473,results_lat36.268149_lon127.321473_stat.txt
36.268161,127.347082,0.02964798940573082,0.0148754166350936,lat36.268161_lon127.347082,results_lat36.268161_lon127.347082_stat.txt
36.268599,127.341713,0.036091186817246684,0.01795616089461957,lat36.268599_lon127.341713,results_lat36.268599_lon127.341713_stat.txt
36.26883,127.475806,0.03720797925117333,0.028943352298961583,lat36.268830_lon127.475806,results_lat36.268830_lon127.475806_stat.txt
36.269013,127.412432,0.03221201154410291,0.019256655239563485,lat36.269013_lon127.412432,results_lat36.269013_lon127.412432_stat.txt
36.269084,127.404499,0.027244299498800587,0.013961811540800052,lat36.269084_lon127.404499,results_lat36.269084_lon127.404499_stat.txt
36.269457,127.478129,0.039639590441723875,0.027271900581367456,lat36.269457_lon127.478129,results_lat36.269457_lon127.478129_stat.txt
36.269544,127.400916,0.02840617567561292,0.015500764443301526,lat36.269544_lon127.400916,results_lat36.269544_lon127.400916_stat.txt
36.269886,127.348452,0.02774871465034922,0.01407928270338239,lat36.269886_lon127.348452,results_lat36.269886_lon127.348452_stat.txt
36.269985,127.386372,0.029373856646552676,0.017553046470183215,lat36.269985_lon127.386372,results_lat36.269985_lon127.386372_stat.txt
36.270518,127.328772,0.06002870458342695,0.04105078809857012,lat36.270518_lon127.328772,results_lat36.270518_lon127.328772_stat.txt
36.270614,127.388718,0.02791688148054292,0.012462011331948613,lat36.270614_lon127.388718,results_lat36.270614_lon127.388718_stat.txt
36.270806,127.354616,0.03019366504275701,0.014668926198974076,lat36.270806_lon127.354616,results_lat36.270806_lon127.354616_stat.txt
36.270831,127.475125,0.03990303305657368,0.029575451296092653,lat36.270831_lon127.475125,results_lat36.270831_lon127.475125_stat.txt
36.272011,127.37667,0.029971368312049607,0.014967847296030816,lat36.272011_lon127.376670,results_lat36.272011_lon127.376670_stat.txt
36.272257,127.428444,0.040615798456167834,0.01890108118361405,lat36.272257_lon127.428444,results_lat36.272257_lon127.428444_stat.txt
36.272377,127.403743,0.028056229727819584,0.013077429967621405,lat36.272377_lon127.403743,results_lat36.272377_lon127.403743_stat.txt
36.2725,127.327097,0.05564747951488298,0.038888902859005064,lat36.272500_lon127.327097,results_lat36.272500_lon127.327097_stat.txt
36.272637,127.275701,0.05888220679618266,0.039132800294663865,lat36.272637_lon127.275701,results_lat36.272637_lon127.275701_stat.txt
36.273229,127.474121,0.03408646950960907,0.02319884257776298,lat36.273229_lon127.474121,results_lat36.273229_lon127.474121_stat.txt
36.273286,127.397568,0.028406390078706035,0.014576495626038742,lat36.273286_lon127.397568,results_lat36.273286_lon127.397568_stat.txt
36.27352,127.396101,0.02860485012635215,0.015085209190053291,lat36.273520_lon127.396101,results_lat36.273520_lon127.396101_stat.txt
36.273979,127.47271,0.035891064018385495,0.023875886990503848,lat36.273979_lon127.472710,results_lat36.273979_lon127.472710_stat.txt
36.274077,127.426428,0.04129875840437739,0.02375912691710552,lat36.274077_lon127.426428,results_lat36.274077_lon127.426428_stat.txt
36.274174,127.426133,0.041140210517880964,0.02383139515378012,lat36.274174_lon127.426133,results_lat36.274174_lon127.426133_stat.txt
36.274373,127.362713,0.025227466599776226,0.012772601673758733,lat36.274373_lon127.362713,results_lat36.274373_lon127.362713_stat.txt
36.274623,127.455387,0.03312721567404254,0.020742151744738476,lat36.274623_lon127.455387,results_lat36.274623_lon127.455387_stat.txt
36.27465,127.409134,0.029074769088491506,0.015658945844502895,lat36.274650_lon127.409134,results_lat36.274650_lon127.409134_stat.txt
36.274937,127.400414,0.030205704809438762,0.015674689395674783,lat36.274937_lon127.400414,results_lat36.274937_lon127.400414_stat.txt
36.27513,127.400452,0.03173289520160839,0.018052348056071355,lat36.275130_lon127.400452,results_lat36.275130_lon127.400452_stat.txt
36.275647,127.289184,0.061861951888177856,0.040954953417523685,lat36.275647_lon127.289184,results_lat36.275647_lon127.289184_stat.txt
36.27574,127.477013,0.03675403869149733,0.02491822307049814,lat36.275740_lon127.477013,results_lat36.275740_lon127.477013_stat.txt
36.275769,127.455801,0.032749084628794375,0.02123887482170241,lat36.275769_lon127.455801,results_lat36.275769_lon127.455801_stat.txt
36.275904,127.309672,0.06528593763112973,0.037363856271259814,lat36.275904_lon127.309672,results_lat36.275904_lon127.309672_stat.txt
36.275941,127.343501,0.028306738664818774,0.014232104195810386,lat36.275941_lon127.343501,results_lat36.275941_lon127.343501_stat.txt
36.276012,127.406805,0.047241926574606616,0.03020436689314729,lat36.276012_lon127.406805,results_lat36.276012_lon127.406805_stat.txt
36.276016,127.491144,0.03689500566814433,0.029435440566432405,lat36.276016_lon127.491144,results_lat36.276016_lon127.491144_stat.txt
36.276027,127.365377,0.026336734278425963,0.015592742750934887,lat36.276027_lon127.365377,results_lat36.276027_lon127.365377_stat.txt
36.276055,127.481039,0.04314598182118579,0.034766061878485494,lat36.276055_lon127.481039,results_lat36.276055_lon127.481039_stat.txt
36.276309,127.394288,0.024459043096169933,0.012490765395849554,lat36.276309_lon127.394288,results_lat36.276309_lon127.394288_stat.txt
36.276857,127.41266,0.032918756085938944,0.019077755474183635,lat36.276857_lon127.412660,results_lat36.276857_lon127.412660_stat.txt
36.276887,127.325076,0.06140403101630592,0.04138149630823271,lat36.276887_lon127.325076,results_lat36.276887_lon127.325076_stat.txt
36.276899,127.420931,0.03318924375544053,0.022097789614047823,lat36.276899_lon127.420931,results_lat36.276899_lon127.420931_stat.txt
36.276968,127.377946,0.02800930568010036,0.014915789907975404,lat36.276968_lon127.377946,results_lat36.276968_lon127.377946_stat.txt
36.276969,127.25944,0.0669224021580726,0.041805762191639444,lat36.276969_lon127.259440,results_lat36.276969_lon127.259440_stat.txt
36.277733,127.331506,0.04101318105119175,0.02204053202301151,lat36.277733_lon127.331506,results_lat36.277733_lon127.331506_stat.txt
36.277967,127.336909,0.029951235499440513,0.0167415592307471,lat36.277967_lon127.336909,results_lat36.277967_lon127.336909_stat.txt
36.278051,127.405621,0.026934895176048346,0.014776052705793822,lat36.278051_lon127.405621,results_lat36.278051_lon127.405621_stat.txt
36.278244,127.435459,0.041836008359218656,0.02312540014778739,lat36.278244_lon127.435459,results_lat36.278244_lon127.435459_stat.txt
36.278244,127.43565,0.04256866610590563,0.023175200688847066,lat36.278244_lon127.435650,results_lat36.278244_lon127.435650_stat.txt
36.278279,127.432154,0.04392083942559226,0.025918453721446775,lat36.278279_lon127.432154,results_lat36.278279_lon127.432154_stat.txt
36.278333,127.427108,0.0456075408447445,0.02910557358407742,lat36.278333_lon127.427108,results_lat36.278333_lon127.427108_stat.txt
36.278334,127.426135,0.047108568577315095,0.030620060646548722,lat36.278334_lon127.426135,results_lat36.278334_lon127.426135_stat.txt
36.278567,127.441731,0.06164865274054532,0.040355885693379286,lat36.278567_lon127.441731,results_lat36.278567_lon127.441731_stat.txt
36.278643,127.430549,0.03366243343660921,0.017675889344718018,lat36.278643_lon127.430549,results_lat36.278643_lon127.430549_stat.txt
36.278689,127.441669,0.05946125747854817,0.03334155845637234,lat36.278689_lon127.441669,results_lat36.278689_lon127.441669_stat.txt
36.278792,127.463316,0.033270801967755066,0.020483375465321318,lat36.278792_lon127.463316,results_lat36.278792_lon127.463316_stat.txt
36.278815,127.334481,0.030303090919542083,0.014480299680968724,lat36.278815_lon127.334481,results_lat36.278815_lon127.334481_stat.txt
36.279261,127.435692,0.03757318355103987,0.025821047236480515,lat36.279261_lon127.435692,results_lat36.279261_lon127.435692_stat.txt
36.279291,127.355304,0.02611845971286226,0.014315171694578134,lat36.279291_lon127.355304,results_lat36.279291_lon127.355304_stat.txt
36.279544,127.474495,0.032879761720445884,0.020646996794548157,lat36.279544_lon127.474495,results_lat36.279544_lon127.474495_stat.txt
36.279975,127.397121,0.025185188332076818,0.014833664954775855,lat36.279975_lon127.397121,results_lat36.279975_lon127.397121_stat.txt
36.280157,127.423979,0.03206022860847264,0.01806140722903053,lat36.280157_lon127.423979,results_lat36.280157_lon127.423979_stat.txt
36.280441,127.265115,0.06026768487151964,0.03473840916659816,lat36.280441_lon127.265115,results_lat36.280441_lon127.265115_stat.txt
36.280797,127.466994,0.028957079239100014,0.01757221845733515,lat36.280797_lon127.466994,results_lat36.280797_lon127.466994_stat.txt
36.280966,127.280721,0.05931529572839378,0.035457393343396426,lat36.280966_lon127.280721,results_lat36.280966_lon127.280721_stat.txt
36.280982,127.362386,0.0270925726206535,0.01576616598805432,lat36.280982_lon127.362386,results_lat36.280982_lon127.362386_stat.txt
36.281068,127.354768,0.024202110272549253,0.013088571812023927,lat36.281068_lon127.354768,results_lat36.281068_lon127.354768_stat.txt
36.281078,127.269225,0.06322063973214474,0.037975966696380606,lat36.281078_lon127.269225,results_lat36.281078_lon127.269225_stat.txt
36.281094,127.443952,0.0344896527431788,0.02266245497366461,lat36.281094_lon127.443952,results_lat36.281094_lon127.443952_stat.txt
36.28121,127.376881,0.023375450489545112,0.012551391833452503,lat36.281210_lon127.376881,results_lat36.281210_lon127.376881_stat.txt
36.28134,127.286356,0.06236334761272828,0.03764077489106127,lat36.281340_lon127.286356,results_lat36.281340_lon127.286356_stat.txt
36.281342,127.440464,0.03559149725672429,0.025495778687049848,lat36.281342_lon127.440464,results_lat36.281342_lon127.440464_stat.txt
36.281414,127.353543,0.02825110910130705,0.016288137477070738,lat36.281414_lon127.353543,results_lat36.281414_lon127.353543_stat.txt
36.281522,127.304757,0.05784406251030835,0.03785949697942853,lat36.281522_lon127.304757,results_lat36.281522_lon127.304757_stat.txt
36.281534,127.304965,0.05724357069652568,0.03729085905048298,lat36.281534_lon127.304965,results_lat36.281534_lon127.304965_stat.txt
36.281662,127.428542,0.0312295062918742,0.016931587936980148,lat36.281662_lon127.428542,results_lat36.281662_lon127.428542_stat.txt
36.281869,127.39029,0.06059450471586436,0.035905143511472316,lat36.281869_lon127.390290,results_lat36.281869_lon127.390290_stat.txt
36.282446,127.297172,0.06344489892772061,0.04948214842889731,lat36.282446_lon127.297172,results_lat36.282446_lon127.297172_stat.txt
36.282635,127.308062,0.061050086964131015,0.040880205649358604,lat36.282635_lon127.308062,results_lat36.282635_lon127.308062_stat.txt
36.282737,127.421586,0.03588574831827421,0.01952909763382474,lat36.282737_lon127.421586,results_lat36.282737_lon127.421586_stat.txt
36.282953,127.30868,0.06262025829526581,0.03954242037882127,lat36.282953_lon127.308680,results_lat36.282953_lon127.308680_stat.txt
36.283257,127.471843,0.028968589243552056,0.018559198801430008,lat36.283257_lon127.471843,results_lat36.283257_lon127.471843_stat.txt
36.283259,127.485081,0.03935407029567281,0.02978220262617921,lat36.283259_lon127.485081,results_lat36.283259_lon127.485081_stat.txt
36.283395,127.377896,0.06386698005205725,0.041886319227913235,lat36.283395_lon127.377896,results_lat36.283395_lon127.377896_stat.txt
36.283504,127.281169,0.06914523317179345,0.041540825637077,lat36.283504_lon127.281169,results_lat36.283504_lon127.281169_stat.txt
36.283662,127.295898,0.06548537896887982,0.04766305477483389,lat36.283662_lon127.295898,results_lat36.283662_lon127.295898_stat.txt
36.284036,127.389889,0.02695301975858761,0.016965018053357792,lat36.284036_lon127.389889,results_lat36.284036_lon127.389889_stat.txt
36.284149,127.427186,0.03886568001124184,0.019939467812231458,lat36.284149_lon127.427186,results_lat36.284149_lon127.427186_stat.txt
36.284449,127.478513,0.0384178024157935,0.025706432039387845,lat36.284449_lon127.478513,results_lat36.284449_lon127.478513_stat.txt
36.284471,127.495919,0.04256861745508454,0.019940002651319115,lat36.284471_lon127.495919,results_lat36.284471_lon127.495919_stat.txt
36.284559,127.259577,0.06314923007263493,0.0405642586154947,lat36.284559_lon127.259577,results_lat36.284559_lon127.259577_stat.txt
36.284914,127.252548,0.062219792139283074,0.03997058943405302,lat36.284914_lon127.252548,results_lat36.284914_lon127.252548_stat.txt
36.284971,127.349506,0.024171765611719766,0.012914125704102794,lat36.284971_lon127.349506,results_lat36.284971_lon127.349506_stat.txt
36.285168,127.363519,0.02592569912201973,0.01740898211449301,lat36.285168_lon127.363519,results_lat36.285168_lon127.363519_stat.txt
36.285415,127.374788,0.02445621313439683,0.01394132379441734,lat36.285415_lon127.374788,results_lat36.285415_lon127.374788_stat.txt
36.285415,127.476754,0.036922062680567865,0.023957544619835795,lat36.285415_lon127.476754,results_lat36.285415_lon127.476754_stat.txt
36.285603,127.370104,0.027137065120142523,0.014626207819365456,lat36.285603_lon127.370104,results_lat36.285603_lon127.370104_stat.txt
36.285734,127.444891,0.031746234992665996,0.023778749596539885,lat36.285734_lon127.444891,results_lat36.285734_lon127.444891_stat.txt
36.286006,127.497085,0.04369504258161429,0.024957889738496806,lat36.286006_lon127.497085,results_lat36.286006_lon127.497085_stat.txt
36.286049,127.381542,0.02675558988063193,0.017665987961313523,lat36.286049_lon127.381542,results_lat36.286049_lon127.381542_stat.txt
36.286383,127.391531,0.02477847608336167,0.013171871444657562,lat36.286383_lon127.391531,results_lat36.286383_lon127.391531_stat.txt
36.286542,127.437075,0.03210350342837556,0.020372998716270182,lat36.286542_lon127.437075,results_lat36.286542_lon127.437075_stat.txt
36.28669,127.406489,0.02633698999381879,0.01211550356911443,lat36.286690_lon127.406489,results_lat36.286690_lon127.406489_stat.txt
36.286762,127.251676,0.06222592098547932,0.03845121788939088,lat36.286762_lon127.251676,results_lat36.286762_lon127.251676_stat.txt
36.28734,127.298227,0.06263655121348438,0.041324785251719766,lat36.287340_lon127.298227,results_lat36.287340_lon127.298227_stat.txt
36.288136,127.381089,0.024392052629616964,0.01239881944240387,lat36.288136_lon127.381089,results_lat36.288136_lon127.381089_stat.txt
36.288487,127.378762,0.023903558931381727,0.011466043933140473,lat36.288487_lon127.378762,results_lat36.288487_lon127.378762_stat.txt
36.289216,127.322372,0.05821411631415088,0.04769689354741417,lat36.289216_lon127.322372,results_lat36.289216_lon127.322372_stat.txt
36.289231,127.39331,0.021123618256606157,0.011810477339773964,lat36.289231_lon127.393310,results_lat36.289231_lon127.393310_stat.txt
36.289233,127.43832,0.03407216417169458,0.024210203589335497,lat36.289233_lon127.438320,results_lat36.289233_lon127.438320_stat.txt
36.289466,127.363655,0.022718451670075582,0.013961346931514714,lat36.289466_lon127.363655,results_lat36.289466_lon127.363655_stat.txt
36.28966,127.334613,0.05407791571513919,0.042329845625337405,lat36.289660_lon127.334613,results_lat36.289660_lon127.334613_stat.txt
36.28996,127.30322,0.05908563074184384,0.04727303596055147,lat36.289960_lon127.303220,results_lat36.289960_lon127.303220_stat.txt
36.290418,127.48017,0.03914493310522108,0.026440999743536378,lat36.290418_lon127.480170,results_lat36.290418_lon127.480170_stat.txt
36.290749,127.294305,0.05912711028834787,0.04046665725308678,lat36.290749_lon127.294305,results_lat36.290749_lon127.294305_stat.txt
36.290989,127.268652,0.06542132174301264,0.04355285964446333,lat36.290989_lon127.268652,results_lat36.290989_lon127.268652_stat.txt
36.291055,127.256724,0.07116866235433268,0.043478916005576275,lat36.291055_lon127.256724,results_lat36.291055_lon127.256724_stat.txt
36.291195,127.255132,0.06771625539541029,0.03833208094844398,lat36.291195_lon127.255132,results_lat36.291195_lon127.255132_stat.txt
36.291448,127.410126,0.03518141617757549,0.0196863694569288,lat36.291448_lon127.410126,results_lat36.291448_lon127.410126_stat.txt
36.291537,127.44411,0.02972313303851106,0.02014891583360752,lat36.291537_lon127.444110,results_lat36.291537_lon127.444110_stat.txt
36.29173,127.388313,0.022482326031743268,0.01759558198155994,lat36.291730_lon127.388313,results_lat36.291730_lon127.388313_stat.txt
36.291834,127.252851,0.07183090134431454,0.04138919942028516,lat36.291834_lon127.252851,results_lat36.291834_lon127.252851_stat.txt
36.291886,127.268831,0.06867584188632225,0.04143091886750709,lat36.291886_lon127.268831,results_lat36.291886_lon127.268831_stat.txt
36.292302,127.30145,0.062224628612748904,0.053844943823104625,lat36.292302_lon127.301450,results_lat36.292302_lon127.301450_stat.txt
36.292367,127.282455,0.06733760061818804,0.04061987441735036,lat36.292367_lon127.282455,results_lat36.292367_lon127.282455_stat.txt
36.292825,127.283692,0.06984176812048612,0.042263639120945565,lat36.292825_lon127.283692,results_lat36.292825_lon127.283692_stat.txt
36.293077,127.279344,0.06616786033566911,0.03218800876105562,lat36.293077_lon127.279344,results_lat36.293077_lon127.279344_stat.txt
36.293115,127.394801,0.022414696263916043,0.015387102262863356,lat36.293115_lon127.394801,results_lat36.293115_lon127.394801_stat.txt
36.293131,127.459452,0.025058951061837163,0.01324402872119884,lat36.293131_lon127.459452,results_lat36.293131_lon127.459452_stat.txt
36.293737,127.299762,0.06032008770065008,0.05016910230711673,lat36.293737_lon127.299762,results_lat36.293737_lon127.299762_stat.txt
36.293748,127.370245,0.027628261771485984,0.02092079506318219,lat36.293748_lon127.370245,results_lat36.293748_lon127.370245_stat.txt
36.29376,127.38379,0.019107491842057397,0.013779071689241926,lat36.293760_lon127.383790,results_lat36.293760_lon127.383790_stat.txt
36.293906,127.342117,0.04614493566108746,0.03392656120726297,lat36.293906_lon127.342117,results_lat36.293906_lon127.342117_stat.txt
36.294086,127.463216,0.03305810046364062,0.01898292117986145,lat36.294086_lon127.463216,results_lat36.294086_lon127.463216_stat.txt
36.2941,127.488166,0.045138013262272764,0.028588794351362645,lat36.294100_lon127.488166,results_lat36.294100_lon127.488166_stat.txt
36.294241,127.336354,0.045748743106392174,0.030676410967199634,lat36.294241_lon127.336354,results_lat36.294241_lon127.336354_stat.txt
36.294707,127.289993,0.06224112997364419,0.04823893575455457,lat36.294707_lon127.289993,results_lat36.294707_lon127.289993_stat.txt
36.294727,127.35641,0.022642272145241133,0.01292474925060561,lat36.294727_lon127.356410,results_lat36.294727_lon127.356410_stat.txt
36.295197,127.374235,0.019185744319532502,0.01121295449869115,lat36.295197_lon127.374235,results_lat36.295197_lon127.374235_stat.txt
36.295452,127.36241,0.020532226278651148,0.019141807714417855,lat36.295452_lon127.362410,results_lat36.295452_lon127.362410_stat.txt
36.295519,127.342184,0.03909353637470224,0.03025102958082997,lat36.295519_lon127.342184,results_lat36.295519_lon127.342184_stat.txt
36.296038,127.369191,0.023497506450047657,0.018485853642527954,lat36.296038_lon127.369191,results_lat36.296038_lon127.369191_stat.txt
36.296043,127.344843,0.04855373378634676,0.046793070670373436,lat36.296043_lon127.344843,results_lat36.296043_lon127.344843_stat.txt
36.296154,127.324418,0.04750733617039352,0.030530443612383586,lat36.296154_lon127.324418,results_lat36.296154_lon127.324418_stat.txt
36.296596,127.322625,0.043041344525686406,0.027903564560911698,lat36.296596_lon127.322625,results_lat36.296596_lon127.322625_stat.txt
36.296833,127.359781,0.023241641602790904,0.015253912288117937,lat36.296833_lon127.359781,results_lat36.296833_lon127.359781_stat.txt
36.297257,127.272769,0.06403763000544359,0.036022581390057866,lat36.297257_lon127.272769,results_lat36.297257_lon127.272769_stat.txt
36.297451,127.354321,0.022272232895358776,0.014232370694676042,lat36.297451_lon127.354321,results_lat36.297451_lon127.354321_stat.txt
36.297513,127.354866,0.021884153259755693,0.014161722230748486,lat36.297513_lon127.354866,results_lat36.297513_lon127.354866_stat.txt
36.297577,127.344142,0.05088070131902313,0.048411980495437094,lat36.297577_lon127.344142,results_lat36.297577_lon127.344142_stat.txt
36.298202,127.34921,0.026712366930506652,0.014672637164325267,lat36.298202_lon127.349210,results_lat36.298202_lon127.349210_stat.txt
36.298601,127.434205,0.056488237548404596,0.046500142873550566,lat36.298601_lon127.434205,results_lat36.298601_lon127.434205_stat.txt
36.298702,127.410545,0.02524561968514344,0.014914064193764695,lat36.298702_lon127.410545,results_lat36.298702_lon127.410545_stat.txt
36.299455,127.380661,0.018854329272225783,0.013696547660831046,lat36.299455_lon127.380661,results_lat36.299455_lon127.380661_stat.txt
36.299785,127.472564,0.03636083170005451,0.03034008974962343,lat36.299785_lon127.472564,results_lat36.299785_lon127.472564_stat.txt
36.299875,127.399531,0.024783435544882167,0.014279900520601884,lat36.299875_lon127.399531,results_lat36.299875_lon127.399531_stat.txt
36.300195,127.392435,0.021812276596825643,0.014416450908962073,lat36.300195_lon127.392435,results_lat36.300195_lon127.392435_stat.txt
36.300242,127.399769,0.024274760081961114,0.013528644920720928,lat36.300242_lon127.399769,results_lat36.300242_lon127.399769_stat.txt
36.300355,127.356147,0.02310036343539168,0.015270008845284226,lat36.300355_lon127.356147,results_lat36.300355_lon127.356147_stat.txt
36.300921,127.321667,0.04761874734258721,0.03516290287498095,lat36.300921_lon127.321667,results_lat36.300921_lon127.321667_stat.txt
36.301456,127.268136,0.06698308215868225,0.041821047174722334,lat36.301456_lon127.268136,results_lat36.301456_lon127.268136_stat.txt
36.302,127.294327,0.06096261836256835,0.03908169243681954,lat36.302000_lon127.294327,results_lat36.302000_lon127.294327_stat.txt
36.302207,127.415104,0.05064590124676361,0.03788045865316086,lat36.302207_lon127.415104,results_lat36.302207_lon127.415104_stat.txt
36.302336,127.350356,0.02321183505188009,0.019664311222559804,lat36.302336_lon127.350356,results_lat36.302336_lon127.350356_stat.txt
36.302396,127.273861,0.0690878780047596,0.04151998517609256,lat36.302396_lon127.273861,results_lat36.302396_lon127.273861_stat.txt
36.30241,127.316495,0.05360838515661495,0.03742054243448583,lat36.302410_lon127.316495,results_lat36.302410_lon127.316495_stat.txt
36.302544,127.37625,0.015213976127923964,0.010095270908474048,lat36.302544_lon127.376250,results_lat36.302544_lon127.376250_stat.txt
36.302657,127.355409,0.020314101352319532,0.01256185528878046,lat36.302657_lon127.355409,results_lat36.302657_lon127.355409_stat.txt
36.302876,127.342121,0.04071347854706404,0.03189918439890325,lat36.302876_lon127.342121,results_lat36.302876_lon127.342121_stat.txt
36.30325,127.363354,0.018717776190255796,0.00841413611404689,lat36.303250_lon127.363354,results_lat36.303250_lon127.363354_stat.txt
36.303374,127.416619,0.0518136335395689,0.03932019772013671,lat36.303374_lon127.416619,results_lat36.303374_lon127.416619_stat.txt
36.303412,127.269771,0.06488159093635133,0.03579045607775091,lat36.303412_lon127.269771,results_lat36.303412_lon127.269771_stat.txt
36.304108,127.267128,0.06528313125710623,0.03959469958246396,lat36.304108_lon127.267128,results_lat36.304108_lon127.267128_stat.txt
36.304207,127.332623,0.04658361911806355,0.03380332466059153,lat36.304207_lon127.332623,results_lat36.304207_lon127.332623_stat.txt
36.304783,127.389659,0.01968184432688724,0.017942890644381652,lat36.304783_lon127.389659,results_lat36.304783_lon127.389659_stat.txt
36.304926,127.388669,0.0180888498584008,0.011824185372865934,lat36.304926_lon127.388669,results_lat36.304926_lon127.388669_stat.txt
36.304982,127.322453,0.05086151495100763,0.03274503679094026,lat36.304982_lon127.322453,results_lat36.304982_lon127.322453_stat.txt
36.305073,127.292097,0.05675912933122786,0.040200219778455545,lat36.305073_lon127.292097,results_lat36.305073_lon127.292097_stat.txt
36.305145,127.312808,0.051129410986991544,0.04033981991481082,lat36.305145_lon127.312808,results_lat36.305145_lon127.312808_stat.txt
36.3055,127.315242,0.05733658627477993,0.0454609553689235,lat36.305500_lon127.315242,results_lat36.305500_lon127.315242_stat.txt
36.305559,127.414753,0.04241535288998,0.029936634755954292,lat36.305559_lon127.414753,results_lat36.305559_lon127.414753_stat.txt
36.30574,127.399486,0.023384159922956213,0.017418158071142113,lat36.305740_lon127.399486,results_lat36.305740_lon127.399486_stat.txt
36.305831,127.336244,0.049262467719104905,0.03796749787698507,lat36.305831_lon127.336244,results_lat36.305831_lon127.336244_stat.txt
36.30585,127.29521,0.05677360604734107,0.0381849209023609,lat36.305850_lon127.295210,results_lat36.305850_lon127.295210_stat.txt
36.30624,127.385454,0.018299397710156505,0.015866929686411492,lat36.306240_lon127.385454,results_lat36.306240_lon127.385454_stat.txt
36.306802,127.366233,0.017728453081218284,0.010767093809926808,lat36.306802_lon127.366233,results_lat36.306802_lon127.366233_stat.txt
36.307789,127.442056,0.023596946011762873,0.02014049618864061,lat36.307789_lon127.442056,results_lat36.307789_lon127.442056_stat.txt
36.307833,127.479882,0.03841214149683318,0.02630470480135376,lat36.307833_lon127.479882,results_lat36.307833_lon127.479882_stat.txt
36.307885,127.332756,0.042405773794349504,0.028032911362151452,lat36.307885_lon127.332756,results_lat36.307885_lon127.332756_stat.txt
36.307888,127.458145,0.029329618586184828,0.020583030022002763,lat36.307888_lon127.458145,results_lat36.307888_lon127.458145_stat.txt
36.30811,127.305762,0.041918764681567404,0.028391658227028476,lat36.308110_lon127.305762,results_lat36.308110_lon127.305762_stat.txt
36.308149,127.385972,0.017386459069130073,0.0114146962422702,lat36.308149_lon127.385972,results_lat36.308149_lon127.385972_stat.txt
36.308246,127.462007,0.03100873894232314,0.025343861165637385,lat36.308246_lon127.462007,results_lat36.308246_lon127.462007_stat.txt
36.308298,127.332386,0.04928331187254885,0.03099354066096904,lat36.308298_lon127.332386,results_lat36.308298_lon127.332386_stat.txt
36.308334,127.265583,0.06547331827756499,0.03947000397629759,lat36.308334_lon127.265583,results_lat36.308334_lon127.265583_stat.txt
36.308464,127.308097,0.05842000481784974,0.03787021664566639,lat36.308464_lon127.308097,results_lat36.308464_lon127.308097_stat.txt
36.308639,127.270051,0.06878913070731676,0.03817013152714676,lat36.308639_lon127.270051,results_lat36.308639_lon127.270051_stat.txt
36.308871,127.288011,0.05936511310217178,0.03865754800971929,lat36.308871_lon127.288011,results_lat36.308871_lon127.288011_stat.txt
36.309314,127.306241,0.04621817103028347,0.029270883845790588,lat36.309314_lon127.306241,results_lat36.309314_lon127.306241_stat.txt
36.309542,127.383317,0.018928476235591393,0.012461526608727874,lat36.309542_lon127.383317,results_lat36.309542_lon127.383317_stat.txt
36.309559,127.262081,0.06662938211092517,0.033551970298068334,lat36.309559_lon127.262081,results_lat36.309559_lon127.262081_stat.txt
36.309597,127.433835,0.04417853737860931,0.03771597764090133,lat36.309597_lon127.433835,results_lat36.309597_lon127.433835_stat.txt
36.309795,127.378431,0.02011224256971272,0.015185025834806725,lat36.309795_lon127.378431,results_lat36.309795_lon127.378431_stat.txt
36.310079,127.302424,0.06320492721072547,0.038649323526355334,lat36.310079_lon127.302424,results_lat36.310079_lon127.302424_stat.txt
36.310227,127.299795,0.063932077833364,0.04497486009262641,lat36.310227_lon127.299795,results_lat36.310227_lon127.299795_stat.txt
36.310753,127.366653,0.01809688371782752,0.009291804584421639,lat36.310753_lon127.366653,results_lat36.310753_lon127.366653_stat.txt
36.311022,127.461693,0.029134812085093848,0.02061567184886158,lat36.311022_lon127.461693,results_lat36.311022_lon127.461693_stat.txt
36.31165,127.264028,0.06711785266585459,0.04109196972806752,lat36.311650_lon127.264028,results_lat36.311650_lon127.264028_stat.txt
36.311808,127.316913,0.03584444276297431,0.020231947371861174,lat36.311808_lon127.316913,results_lat36.311808_lon127.316913_stat.txt
36.311843,127.377202,0.017461808893888223,0.011917202124589046,lat36.311843_lon127.377202,results_lat36.311843_lon127.377202_stat.txt
36.31194,127.4699,0.03017862817051897,0.021414190852327864,lat36.311940_lon127.469900,results_lat36.311940_lon127.469900_stat.txt
36.312226,127.426948,0.04821192475992941,0.048514200712538126,lat36.312226_lon127.426948,results_lat36.312226_lon127.426948_stat.txt
36.31234,127.435556,0.04886893660675531,0.05230340471496721,lat36.312340_lon127.435556,results_lat36.312340_lon127.435556_stat.txt
36.312879,127.453276,0.03500477370579837,0.029664484590336097,lat36.312879_lon127.453276,results_lat36.312879_lon127.453276_stat.txt
36.313905,127.450775,0.03605075003287057,0.026604682048696544,lat36.313905_lon127.450775,results_lat36.313905_lon127.450775_stat.txt
36.313969,127.449271,0.030020728723001083,0.026464994124086864,lat36.313969_lon127.449271,results_lat36.313969_lon127.449271_stat.txt
36.313974,127.293915,0.059732640237226686,0.04262915070788595,lat36.313974_lon127.293915,results_lat36.313974_lon127.293915_stat.txt
36.313989,127.30109,0.05264941758177878,0.02533094177060199,lat36.313989_lon127.301090,results_lat36.313989_lon127.301090_stat.txt
36.314166,127.326569,0.03902127353502108,0.03146924983001847,lat36.314166_lon127.326569,results_lat36.314166_lon127.326569_stat.txt
36.314391,127.474873,0.03427507518202475,0.025760981667561893,lat36.314391_lon127.474873,results_lat36.314391_lon127.474873_stat.txt
36.314526,127.359723,0.021471203897906393,0.01209285154128066,lat36.314526_lon127.359723,results_lat36.314526_lon127.359723_stat.txt
36.31462,127.308212,0.03961389982450522,0.019449304343018906,lat36.314620_lon127.308212,results_lat36.314620_lon127.308212_stat.txt
36.314772,127.480973,0.03685639591911749,0.027898754651548008,lat36.314772_lon127.480973,results_lat36.314772_lon127.480973_stat.txt
36.3148,127.345705,0.044970141520257675,0.036333999185820434,lat36.314800_lon127.345705,results_lat36.314800_lon127.345705_stat.txt
36.314829,127.374096,0.01834446507338127,0.009347628769700347,lat36.314829_lon127.374096,results_lat36.314829_lon127.374096_stat.txt
36.314974,127.46559,0.03040805671036712,0.02302048333062153,lat36.314974_lon127.465590,results_lat36.314974_lon127.465590_stat.txt
36.315002,127.359826,0.02386558863177933,0.015816396761143693,lat36.315002_lon127.359826,results_lat36.315002_lon127.359826_stat.txt
36.315116,127.280619,0.063352724414857,0.04335201392824851,lat36.315116_lon127.280619,results_lat36.315116_lon127.280619_stat.txt
36.315375,127.391514,0.023085421646551696,0.017875824229832353,lat36.315375_lon127.391514,results_lat36.315375_lon127.391514_stat.txt
36.315452,127.264283,0.0668649021771658,0.03666279841697375,lat36.315452_lon127.264283,results_lat36.315452_lon127.264283_stat.txt
36.31571,127.387249,0.02365088681389491,0.017436408602161738,lat36.315710_lon127.387249,results_lat36.315710_lon127.387249_stat.txt
36.315893,127.300367,0.047711117983061276,0.02996810284213233,lat36.315893_lon127.300367,results_lat36.315893_lon127.300367_stat.txt
36.316105,127.444216,0.026342598966070486,0.02411044640635442,lat36.316105_lon127.444216,results_lat36.316105_lon127.444216_stat.txt
36.316239,127.469247,0.024847376522442555,0.01660764608402597,lat36.316239_lon127.469247,results_lat36.316239_lon127.469247_stat.txt
36.316289,127.401118,0.05117690972007141,0.049094599954396606,lat36.316289_lon127.401118,results_lat36.316289_lon127.401118_stat.txt
36.316481,127.348379,0.04396571796807731,0.03798193205677325,lat36.316481_lon127.348379,results_lat36.316481_lon127.348379_stat.txt
36.316482,127.319753,0.039696050881481024,0.025159674083234256,lat36.316482_lon127.319753,results_lat36.316482_lon127.319753_stat.txt
36.317077,127.332231,0.05548975702025168,0.051809666248034236,lat36.317077_lon127.332231,results_lat36.317077_lon127.332231_stat.txt
36.317521,127.350722,0.053476602104513035,0.05165157677428575,lat36.317521_lon127.350722,results_lat36.317521_lon127.350722_stat.txt
36.317626,127.324891,0.04081841849243292,0.033896560282893846,lat36.317626_lon127.324891,results_lat36.317626_lon127.324891_stat.txt
36.317785,127.435484,0.022466295061984547,0.022767729066101604,lat36.317785_lon127.435484,results_lat36.317785_lon127.435484_stat.txt
36.317906,127.457156,0.028975510745223237,0.02425677143885845,lat36.317906_lon127.457156,results_lat36.317906_lon127.457156_stat.txt
36.318107,127.417114,0.043835378334975875,0.04061927443890441,lat36.318107_lon127.417114,results_lat36.318107_lon127.417114_stat.txt
36.318255,127.426998,0.047996735754815355,0.03704774500904522,lat36.318255_lon127.426998,results_lat36.318255_lon127.426998_stat.txt
36.318409,127.283231,0.0667433475828035,0.044647119059043866,lat36.318409_lon127.283231,results_lat36.318409_lon127.283231_stat.txt
36.318554,127.279519,0.05859709925696241,0.03869760141912903,lat36.318554_lon127.279519,results_lat36.318554_lon127.279519_stat.txt
36.318601,127.395705,0.053931668703990694,0.04782496904283628,lat36.318601_lon127.395705,results_lat36.318601_lon127.395705_stat.txt
36.319082,127.404632,0.043398744072391325,0.03877172864901225,lat36.319082_lon127.404632,results_lat36.319082_lon127.404632_stat.txt
36.319112,127.290543,0.06469359549100027,0.04450272537503309,lat36.319112_lon127.290543,results_lat36.319112_lon127.290543_stat.txt
36.319536,127.387331,0.016477737063315952,0.016189719601027913,lat36.319536_lon127.387331,results_lat36.319536_lon127.387331_stat.txt
36.319553,127.347847,0.051492115547579195,0.05135984752772321,lat36.319553_lon127.347847,results_lat36.319553_lon127.347847_stat.txt
36.319645,127.43151,0.04349422391295432,0.03700090967491495,lat36.319645_lon127.431510,results_lat36.319645_lon127.431510_stat.txt
36.319828,127.470435,0.033498048026489716,0.02622550753948361,lat36.319828_lon127.470435,results_lat36.319828_lon127.470435_stat.txt
36.319902,127.295124,0.04791750429522184,0.026732328887608885,lat36.319902_lon127.295124,results_lat36.319902_lon127.295124_stat.txt
36.320365,127.364435,0.025475040980365366,0.02347825227388933,lat36.320365_lon127.364435,results_lat36.320365_lon127.364435_stat.txt
36.32044,127.387546,0.01488575460740272,0.015218449894783588,lat36.320440_lon127.387546,results_lat36.320440_lon127.387546_stat.txt
36.320753,127.459983,0.029068278916152067,0.02087363609145089,lat36.320753_lon127.459983,results_lat36.320753_lon127.459983_stat.txt
36.32078,127.438308,0.0267678118755618,0.02132505231599444,lat36.320780_lon127.438308,results_lat36.320780_lon127.438308_stat.txt
36.321009,127.397983,0.018838578176295227,0.03612523457499746,lat36.321009_lon127.397983,results_lat36.321009_lon127.397983_stat.txt
36.321038,127.44557,0.024971811468859868,0.016893415823673194,lat36.321038_lon127.445570,results_lat36.321038_lon127.445570_stat.txt
36.321043,127.417618,0.03984722112550285,0.03195825030931748,lat36.321043_lon127.417618,results_lat36.321043_lon127.417618_stat.txt
36.321093,127.369241,0.015545409302261781,0.008851072322224282,lat36.321093_lon127.369241,results_lat36.321093_lon127.369241_stat.txt
36.321126,127.294745,0.050170412578945695,0.026704632018980365,lat36.321126_lon127.294745,results_lat36.321126_lon127.294745_stat.txt
36.321446,127.446794,0.025815486639652205,0.019592327721819222,lat36.321446_lon127.446794,results_lat36.321446_lon127.446794_stat.txt
36.321775,127.272336,0.10454430048340961,0.04715235224633277,lat36.321775_lon127.272336,results_lat36.321775_lon127.272336_stat.txt
36.321869,127.47931,0.03820094246947602,0.028310749656349277,lat36.321869_lon127.479310,results_lat36.321869_lon127.479310_stat.txt
36.322011,127.32887,0.06292938370914967,0.049918147395942386,lat36.322011_lon127.328870,results_lat36.322011_lon127.328870_stat.txt
36.322219,127.398769,0.029306540683029056,0.023261821936802197,lat36.322219_lon127.398769,results_lat36.322219_lon127.398769_stat.txt
36.322344,127.313693,0.03577028720094463,0.018591725561610366,lat36.322344_lon127.313693,results_lat36.322344_lon127.313693_stat.txt
36.322739,127.395884,0.03239213993854537,0.028261775974514812,lat36.322739_lon127.395884,results_lat36.322739_lon127.395884_stat.txt
36.322769,127.271001,0.09917047984956513,0.046966523925555,lat36.322769_lon127.271001,results_lat36.322769_lon127.271001_stat.txt
36.322854,127.360488,0.02517261146106268,0.015453932830629203,lat36.322854_lon127.360488,results_lat36.322854_lon127.360488_stat.txt
36.322896,127.303626,0.04653644325604248,0.025883587355754592,lat36.322896_lon127.303626,results_lat36.322896_lon127.303626_stat.txt
36.323149,127.309218,0.06279793280635833,0.040702886623689524,lat36.323149_lon127.309218,results_lat36.323149_lon127.309218_stat.txt
36.323312,127.395677,0.035241420507347083,0.03087444669836669,lat36.323312_lon127.395677,results_lat36.323312_lon127.395677_stat.txt
36.323393,127.32349,0.04095249194064857,0.024194554849707443,lat36.323393_lon127.323490,results_lat36.323393_lon127.323490_stat.txt
36.323505,127.332956,0.05736286770103273,0.03661074562820037,lat36.323505_lon127.332956,results_lat36.323505_lon127.332956_stat.txt
36.323508,127.323932,0.038420457003544385,0.020683095364722764,lat36.323508_lon127.323932,results_lat36.323508_lon127.323932_stat.txt
36.32383,127.381925,0.01445173822463524,0.012909284933782282,lat36.323830_lon127.381925,results_lat36.323830_lon127.381925_stat.txt
36.324329,127.396045,0.034570677989593644,0.025756886248414112,lat36.324329_lon127.396045,results_lat36.324329_lon127.396045_stat.txt
36.324523,127.340247,0.04823584182462994,0.031728462539606664,lat36.324523_lon127.340247,results_lat36.324523_lon127.340247_stat.txt
36.324565,127.441266,0.023941370766572146,0.021384071052176275,lat36.324565_lon127.441266,results_lat36.324565_lon127.441266_stat.txt
36.324613,127.389405,0.03330848011156107,0.027244971015269546,lat36.324613_lon127.389405,results_lat36.324613_lon127.389405_stat.txt
36.324823,127.270778,0.10200778320967503,0.04479479883767307,lat36.324823_lon127.270778,results_lat36.324823_lon127.270778_stat.txt
36.324861,127.324221,0.03723941166841206,0.020741565104957227,lat36.324861_lon127.324221,results_lat36.324861_lon127.324221_stat.txt
36.325036,127.381834,0.014288450868419804,0.013307215276130796,lat36.325036_lon127.381834,results_lat36.325036_lon127.381834_stat.txt
36.325087,127.424875,0.048108247336823264,0.037346002762447865,lat36.325087_lon127.424875,results_lat36.325087_lon127.424875_stat.txt
36.32509,127.332747,0.05410172218215667,0.049678758715104375,lat36.325090_lon127.332747,results_lat36.325090_lon127.332747_stat.txt
36.32513,127.30279,0.04680248420207454,0.03308498951284306,lat36.325130_lon127.302790,results_lat36.325130_lon127.302790_stat.txt
36.325193,127.307065,0.04667950214406491,0.02476706870144485,lat36.325193_lon127.307065,results_lat36.325193_lon127.307065_stat.txt
36.325254,127.307496,0.047585046042235006,0.028553081233392594,lat36.325254_lon127.307496,results_lat36.325254_lon127.307496_stat.txt
36.325325,127.386066,0.03688660111384087,0.02993636192918769,lat36.325325_lon127.386066,results_lat36.325325_lon127.386066_stat.txt
36.325486,127.434912,0.023071089875602118,0.01412373741540774,lat36.325486_lon127.434912,results_lat36.325486_lon127.434912_stat.txt
36.325611,127.434218,0.022513156585416857,0.014691003305463343,lat36.325611_lon127.434218,results_lat36.325611_lon127.434218_stat.txt
36.326143,127.269817,0.10342499959596435,0.05760113796291906,lat36.326143_lon127.269817,results_lat36.326143_lon127.269817_stat.txt
36.326168,127.387624,0.03369965908126022,0.028696955137176957,lat36.326168_lon127.387624,results_lat36.326168_lon127.387624_stat.txt
36.326169,127.265525,0.0636457139389165,0.03466978307007158,lat36.326169_lon127.265525,results_lat36.326169_lon127.265525_stat.txt
36.326261,127.478955,0.03412217826706617,0.023076973713345945,lat36.326261_lon127.478955,results_lat36.326261_lon127.478955_stat.txt
36.326387,127.43412,0.022564228551676748,0.015842872544531206,lat36.326387_lon127.434120,results_lat36.326387_lon127.434120_stat.txt
36.326826,127.325464,0.052879865381502876,0.03490712168753506,lat36.326826_lon127.325464,results_lat36.326826_lon127.325464_stat.txt
36.327024,127.309656,0.039989094205804085,0.024697479376509023,lat36.327024_lon127.309656,results_lat36.327024_lon127.309656_stat.txt
36.327033,127.265462,0.06514902382545162,0.03510320477772956,lat36.327033_lon127.265462,results_lat36.327033_lon127.265462_stat.txt
36.327295,127.265766,0.0586474203745287,0.03438196143213374,lat36.327295_lon127.265766,results_lat36.327295_lon127.265766_stat.txt
36.327321,127.37306,0.013047354279027635,0.011217972294530065,lat36.327321_lon127.373060,results_lat36.327321_lon127.373060_stat.txt
36.327773,127.29141,0.057892792651816315,0.028043060320580973,lat36.327773_lon127.291410,results_lat36.327773_lon127.291410_stat.txt
36.328377,127.382489,0.02011565386367324,0.019880291167170216,lat36.328377_lon127.382489,results_lat36.328377_lon127.382489_stat.txt
36.328409,127.375852,0.012809588746548443,0.011904037136853424,lat36.328409_lon127.375852,results_lat36.328409_lon127.375852_stat.txt
36.328419,127.38352,0.020279509965974652,0.023256871185492703,lat36.328419_lon127.383520,results_lat36.328419_lon127.383520_stat.txt
36.328444,127.29053,0.06850945722336492,0.03954505726221361,lat36.328444_lon127.290530,results_lat36.328444_lon127.290530_stat.txt
36.328491,127.323257,0.03968433538656546,0.02260919195881795,lat36.328491_lon127.323257,results_lat36.328491_lon127.323257_stat.txt
36.328695,127.33176,0.05315058891908646,0.03338319964237077,lat36.328695_lon127.331760,results_lat36.328695_lon127.331760_stat.txt
36.328964,127.452702,0.015545639999312388,0.008160662592303717,lat36.328964_lon127.452702,results_lat36.328964_lon127.452702_stat.txt
36.329712,127.304332,0.04384731528473955,0.03201082717581786,lat36.329712_lon127.304332,results_lat36.329712_lon127.304332_stat.txt
36.330102,127.466245,0.029452506584929924,0.018481946604394475,lat36.330102_lon127.466245,results_lat36.330102_lon127.466245_stat.txt
36.330382,127.453891,0.015077248200541186,0.01081179717730456,lat36.330382_lon127.453891,results_lat36.330382_lon127.453891_stat.txt
36.330451,127.474921,0.03784658621351548,0.029992564351041147,lat36.330451_lon127.474921,results_lat36.330451_lon127.474921_stat.txt
36.331291,127.375686,0.01478572876689885,0.01335744675311048,lat36.331291_lon127.375686,results_lat36.331291_lon127.375686_stat.txt
36.331683,127.30713,0.04691696817682335,0.02687791636277574,lat36.331683_lon127.307130,results_lat36.331683_lon127.307130_stat.txt
36.331795,127.393162,0.024847373426856202,0.026564864045989324,lat36.331795_lon127.393162,results_lat36.331795_lon127.393162_stat.txt
36.33219,127.474416,0.032274675249093096,0.021318152459179323,lat36.332190_lon127.474416,results_lat36.332190_lon127.474416_stat.txt
36.332233,127.490975,0.03204206328322271,0.020660377999058448,lat36.332233_lon127.490975,results_lat36.332233_lon127.490975_stat.txt
36.332263,127.353445,0.05205303483472796,0.035678301262351574,lat36.332263_lon127.353445,results_lat36.332263_lon127.353445_stat.txt
36.332273,127.484885,0.027834974548024013,0.017627291245638502,lat36.332273_lon127.484885,results_lat36.332273_lon127.484885_stat.txt
36.33228,127.356283,0.053938984159670286,0.044940968764990714,lat36.332280_lon127.356283,results_lat36.332280_lon127.356283_stat.txt
36.332376,127.330534,0.04174937776373415,0.029855578122924102,lat36.332376_lon127.330534,results_lat36.332376_lon127.330534_stat.txt
36.332384,127.319644,0.03698938279267598,0.023440387534191604,lat36.332384_lon127.319644,results_lat36.332384_lon127.319644_stat.txt
36.332504,127.416514,0.04001111690525838,0.03373718122300099,lat36.332504_lon127.416514,results_lat36.332504_lon127.416514_stat.txt
36.332515,127.451083,0.016777921274590067,0.012385701551893148,lat36.332515_lon127.451083,results_lat36.332515_lon127.451083_stat.txt
36.333148,127.40813,0.038657789365506914,0.032795573348373984,lat36.333148_lon127.408130,results_lat36.333148_lon127.408130_stat.txt
36.333334,127.41774,0.04814044580298262,0.03745533545098379,lat36.333334_lon127.417740,results_lat36.333334_lon127.417740_stat.txt
36.333589,127.449256,0.01675554484332869,0.011488304636399396,lat36.333589_lon127.449256,results_lat36.333589_lon127.449256_stat.txt
36.333755,127.299642,0.04564054560466833,0.02382178857809283,lat36.333755_lon127.299642,results_lat36.333755_lon127.299642_stat.txt
36.334022,127.34914,0.05936962126982925,0.049912735213949365,lat36.334022_lon127.349140,results_lat36.334022_lon127.349140_stat.txt
36.334082,127.365353,0.04420449129104272,0.0392490388444521,lat36.334082_lon127.365353,results_lat36.334082_lon127.365353_stat.txt
36.33461,127.426907,0.04257203632670333,0.042931032077413354,lat36.334610_lon127.426907,results_lat36.334610_lon127.426907_stat.txt
36.334862,127.38064,0.03550067081656037,0.027170362624087153,lat36.334862_lon127.380640,results_lat36.334862_lon127.380640_stat.txt
36.335142,127.295796,0.04241869197123933,0.023601285102780947,lat36.335142_lon127.295796,results_lat36.335142_lon127.295796_stat.txt
36.335521,127.427852,0.017385659281287255,0.014213252578777877,lat36.335521_lon127.427852,results_lat36.335521_lon127.427852_stat.txt
36.335975,127.419577,0.04541145332322626,0.036230181072124654,lat36.335975_lon127.419577,results_lat36.335975_lon127.419577_stat.txt
36.336057,127.299464,0.04042532961640662,0.022911444343870706,lat36.336057_lon127.299464,results_lat36.336057_lon127.299464_stat.txt
36.336137,127.33025,0.04514880803465656,0.02863019764546853,lat36.336137_lon127.330250,results_lat36.336137_lon127.330250_stat.txt
36.336715,127.370009,0.03853390892222063,0.029346148952325436,lat36.336715_lon127.370009,results_lat36.336715_lon127.370009_stat.txt
36.337087,127.392481,0.03900217863768553,0.03362812971671705,lat36.337087_lon127.392481,results_lat36.337087_lon127.392481_stat.txt
36.337462,127.319833,0.03672716462946613,0.01891825587808948,lat36.337462_lon127.319833,results_lat36.337462_lon127.319833_stat.txt
36.337522,127.388876,0.03719884832107682,0.03314129920593127,lat36.337522_lon127.388876,results_lat36.337522_lon127.388876_stat.txt
36.337672,127.482376,0.03294997464903613,0.025203491882735005,lat36.337672_lon127.482376,results_lat36.337672_lon127.482376_stat.txt
36.337724,127.338538,0.04428907234177995,0.028675456073842955,lat36.337724_lon127.338538,results_lat36.337724_lon127.338538_stat.txt
36.33774,127.383115,0.03656904272428997,0.026641693443516787,lat36.337740_lon127.383115,results_lat36.337740_lon127.383115_stat.txt
36.337964,127.463679,0.021284965827539103,0.013848977332491607,lat36.337964_lon127.463679,results_lat36.337964_lon127.463679_stat.txt
36.338267,127.30497,0.029844606688788747,0.015381244112589836,lat36.338267_lon127.304970,results_lat36.338267_lon127.304970_stat.txt
36.338423,127.297602,0.047114871061755464,0.022585532473686918,lat36.338423_lon127.297602,results_lat36.338423_lon127.297602_stat.txt
36.338574,127.33568,0.04243971445406999,0.0268316888500521,lat36.338574_lon127.335680,results_lat36.338574_lon127.335680_stat.txt
36.339139,127.391118,0.025304498994333645,0.024102402318377777,lat36.339139_lon127.391118,results_lat36.339139_lon127.391118_stat.txt
36.3394,127.453334,0.01505764395487513,0.008575725457466451,lat36.339400_lon127.453334,results_lat36.339400_lon127.453334_stat.txt
36.340166,127.342226,0.03821879976864067,0.02572144992459032,lat36.340166_lon127.342226,results_lat36.340166_lon127.342226_stat.txt
36.340333,127.354895,0.0522625386323434,0.043375736298434324,lat36.340333_lon127.354895,results_lat36.340333_lon127.354895_stat.txt
36.340436,127.354744,0.051559013944934645,0.04363962463047463,lat36.340436_lon127.354744,results_lat36.340436_lon127.354744_stat.txt
36.340555,127.29867,0.04132459272008252,0.02038470136382499,lat36.340555_lon127.298670,results_lat36.340555_lon127.298670_stat.txt
36.340814,127.486121,0.04052869215812991,0.03167713054779564,lat36.340814_lon127.486121,results_lat36.340814_lon127.486121_stat.txt
36.341013,127.298704,0.039890756962389404,0.02075157920168512,lat36.341013_lon127.298704,results_lat36.341013_lon127.298704_stat.txt
36.341318,127.320633,0.03075161263600403,0.020431644464983995,lat36.341318_lon127.320633,results_lat36.341318_lon127.320633_stat.txt
36.341581,127.444286,0.019842446891955516,0.012566722438167827,lat36.341581_lon127.444286,results_lat36.341581_lon127.444286_stat.txt
36.341811,127.395452,0.03697233642823175,0.03847470868382603,lat36.341811_lon127.395452,results_lat36.341811_lon127.395452_stat.txt
36.341934,127.419512,0.04782451398535565,0.04149076503606615,lat36.341934_lon127.419512,results_lat36.341934_lon127.419512_stat.txt
36.342106,127.329741,0.04628356621736326,0.03459453363994801,lat36.342106_lon127.329741,results_lat36.342106_lon127.329741_stat.txt
36.342254,127.404155,0.024694391332881666,0.0349876391052085,lat36.342254_lon127.404155,results_lat36.342254_lon127.404155_stat.txt
36.343025,127.490886,0.03694503363445968,0.028813042657667744,lat36.343025_lon127.490886,results_lat36.343025_lon127.490886_stat.txt
36.343423,127.340242,0.05651427715337493,0.04057509933390977,lat36.343423_lon127.340242,results_lat36.343423_lon127.340242_stat.txt
36.343467,127.341292,0.052399980994619254,0.03845141669979992,lat36.343467_lon127.341292,results_lat36.343467_lon127.341292_stat.txt
36.343645,127.482961,0.06179750774819004,0.02423787976723315,lat36.343645_lon127.482961,results_lat36.343645_lon127.482961_stat.txt
36.343733,127.305309,0.03684347990953978,0.019636781614419233,lat36.343733_lon127.305309,results_lat36.343733_lon127.305309_stat.txt
36.343738,127.509167,0.044228824144020726,0.021814583172691034,lat36.343738_lon127.509167,results_lat36.343738_lon127.509167_stat.txt
36.343752,127.358778,0.05850330316658845,0.041614747409426,lat36.343752_lon127.358778,results_lat36.343752_lon127.358778_stat.txt
36.344003,127.323869,0.05310121108565518,0.039026740151663505,lat36.344003_lon127.323869,results_lat36.344003_lon127.323869_stat.txt
36.344067,127.46003,0.02930946428153478,0.01602852330816048,lat36.344067_lon127.460030,results_lat36.344067_lon127.460030_stat.txt
36.34409,127.433374,0.020871710684414034,0.01316869792647621,lat36.344090_lon127.433374,results_lat36.344090_lon127.433374_stat.txt
36.344108,127.338594,0.0472038987912456,0.03420328282336901,lat36.344108_lon127.338594,results_lat36.344108_lon127.338594_stat.txt
36.344302,127.354704,0.0583946960095012,0.045082963254112894,lat36.344302_lon127.354704,results_lat36.344302_lon127.354704_stat.txt
36.344485,127.44483,0.02202180165184368,0.013210641829581427,lat36.344485_lon127.444830,results_lat36.344485_lon127.444830_stat.txt
36.344686,127.441464,0.02320095315953563,0.014820487322087444,lat36.344686_lon127.441464,results_lat36.344686_lon127.441464_stat.txt
36.344755,127.411328,0.049319086925545576,0.05000097873495469,lat36.344755_lon127.411328,results_lat36.344755_lon127.411328_stat.txt
36.344768,127.306789,0.03024958878031482,0.018452414891525697,lat36.344768_lon127.306789,results_lat36.344768_lon127.306789_stat.txt
36.344777,127.407185,0.04184208596452648,0.03277342787350612,lat36.344777_lon127.407185,results_lat36.344777_lon127.407185_stat.txt
36.344951,127.486868,0.039990511146200225,0.028553926251971815,lat36.344951_lon127.486868,results_lat36.344951_lon127.486868_stat.txt
36.345026,127.459953,0.025981600925944634,0.020877272648579293,lat36.345026_lon127.459953,results_lat36.345026_lon127.459953_stat.txt
36.345197,127.33348,0.04506282572226796,0.028550907355615492,lat36.345197_lon127.333480,results_lat36.345197_lon127.333480_stat.txt
36.34533,127.475153,0.02617458035565359,0.015573409045519564,lat36.345330_lon127.475153,results_lat36.345330_lon127.475153_stat.txt
36.345587,127.4564,0.018679110352256036,0.01193485618499062,lat36.345587_lon127.456400,results_lat36.345587_lon127.456400_stat.txt
36.346549,127.327916,0.045453676046568664,0.031552876566424984,lat36.346549_lon127.327916,results_lat36.346549_lon127.327916_stat.txt
36.347137,127.415995,0.04582651585976304,0.04049648788552869,lat36.347137_lon127.415995,results_lat36.347137_lon127.415995_stat.txt
36.347171,127.379506,0.04332225857308282,0.031297287162769964,lat36.347171_lon127.379506,results_lat36.347171_lon127.379506_stat.txt
36.347486,127.334121,0.04727976217282644,0.029932669569008467,lat36.347486_lon127.334121,results_lat36.347486_lon127.334121_stat.txt
36.347764,127.338292,0.04637060412885836,0.030263496144542,lat36.347764_lon127.338292,results_lat36.347764_lon127.338292_stat.txt
36.347792,127.460563,0.027435487507897274,0.012906429735924116,lat36.347792_lon127.460563,results_lat36.347792_lon127.460563_stat.txt
36.347819,127.488528,0.03835535785110868,0.02926445890400645,lat36.347819_lon127.488528,results_lat36.347819_lon127.488528_stat.txt
36.348139,127.291212,0.04390813812021948,0.022167440774053995,lat36.348139_lon127.291212,results_lat36.348139_lon127.291212_stat.txt
36.34817,127.416789,0.04552427680239234,0.03585035512413403,lat36.348170_lon127.416789,results_lat36.348170_lon127.416789_stat.txt
36.348423,127.346305,0.0581435690145726,0.04486551267274344,lat36.348423_lon127.346305,results_lat36.348423_lon127.346305_stat.txt
36.34847,127.328159,0.05016859505598069,0.03557622308146428,lat36.348470_lon127.328159,results_lat36.348470_lon127.328159_stat.txt
36.348642,127.327934,0.06122621562325263,0.036027138529883145,lat36.348642_lon127.327934,results_lat36.348642_lon127.327934_stat.txt
36.348763,127.299802,0.03885652024498896,0.021942829043372067,lat36.348763_lon127.299802,results_lat36.348763_lon127.299802_stat.txt
36.349066,127.38405,0.04902501247070449,0.037352224436351396,lat36.349066_lon127.384050,results_lat36.349066_lon127.384050_stat.txt
36.349092,127.330954,0.05950062613592492,0.040885131319142766,lat36.349092_lon127.330954,results_lat36.349092_lon127.330954_stat.txt
36.349396,127.363612,0.05138718506201987,0.0381410777720919,lat36.349396_lon127.363612,results_lat36.349396_lon127.363612_stat.txt
36.349966,127.308221,0.05483067862167739,0.036108360702773866,lat36.349966_lon127.308221,results_lat36.349966_lon127.308221_stat.txt
36.350104,127.294288,0.042910106773097624,0.029777308840621484,lat36.350104_lon127.294288,results_lat36.350104_lon127.294288_stat.txt
36.350108,127.446871,0.019801245330803477,0.012545053563646208,lat36.350108_lon127.446871,results_lat36.350108_lon127.446871_stat.txt
36.350128,127.293034,0.04596590543625896,0.03231269668150721,lat36.350128_lon127.293034,results_lat36.350128_lon127.293034_stat.txt
36.350293,127.305971,0.05467556645149592,0.033980917602936075,lat36.350293_lon127.305971,results_lat36.350293_lon127.305971_stat.txt
36.350711,127.348143,0.05656250303114204,0.04401071396037374,lat36.350711_lon127.348143,results_lat36.350711_lon127.348143_stat.txt
36.350763,127.507952,0.04778833825120261,0.021933616119868108,lat36.350763_lon127.507952,results_lat36.350763_lon127.507952_stat.txt
36.351183,127.487876,0.030918562054448605,0.014646930934884209,lat36.351183_lon127.487876,results_lat36.351183_lon127.487876_stat.txt
36.351267,127.365468,0.046977564067635494,0.038033386334622304,lat36.351267_lon127.365468,results_lat36.351267_lon127.365468_stat.txt
36.352048,127.431887,0.018752419121808032,0.011729167789324077,lat36.352048_lon127.431887,results_lat36.352048_lon127.431887_stat.txt
36.352602,127.341522,0.05249977715556463,0.037942887503734334,lat36.352602_lon127.341522,results_lat36.352602_lon127.341522_stat.txt
36.352697,127.322994,0.04916698716252189,0.031415367707942884,lat36.352697_lon127.322994,results_lat36.352697_lon127.322994_stat.txt
36.352703,127.32413,0.04777796368009401,0.022126577676195323,lat36.352703_lon127.324130,results_lat36.352703_lon127.324130_stat.txt
36.352892,127.516625,0.03852508878229529,0.020158419457186445,lat36.352892_lon127.516625,results_lat36.352892_lon127.516625_stat.txt
36.352898,127.427906,0.02068549473716701,0.01257370176687966,lat36.352898_lon127.427906,results_lat36.352898_lon127.427906_stat.txt
36.353021,127.491807,0.03573539908484117,0.020016460250912804,lat36.353021_lon127.491807,results_lat36.353021_lon127.491807_stat.txt
36.353035,127.434774,0.02010426256038578,0.01004394103317261,lat36.353035_lon127.434774,results_lat36.353035_lon127.434774_stat.txt
36.353266,127.515561,0.03579868628041548,0.019541981623920925,lat36.353266_lon127.515561,results_lat36.353266_lon127.515561_stat.txt
36.353437,127.319601,0.0457406317096114,0.02803956367227071,lat36.353437_lon127.319601,results_lat36.353437_lon127.319601_stat.txt
36.353716,127.518502,0.037736306386282704,0.019134246101703258,lat36.353716_lon127.518502,results_lat36.353716_lon127.518502_stat.txt
36.353865,127.432636,0.019672786203859982,0.011228238557549237,lat36.353865_lon127.432636,results_lat36.353865_lon127.432636_stat.txt
36.354363,127.430407,0.02116690319793118,0.011121387176692378,lat36.354363_lon127.430407,results_lat36.354363_lon127.430407_stat.txt
36.354412,127.318298,0.05221405527199754,0.028578937915986563,lat36.354412_lon127.318298,results_lat36.354412_lon127.318298_stat.txt
36.354843,127.45942,0.023082237393078513,0.017588616023918223,lat36.354843_lon127.459420,results_lat36.354843_lon127.459420_stat.txt
36.354929,127.315589,0.05447583277422362,0.036595020948543916,lat36.354929_lon127.315589,results_lat36.354929_lon127.315589_stat.txt
36.355277,127.409398,0.04798530752323912,0.03762137879249581,lat36.355277_lon127.409398,results_lat36.355277_lon127.409398_stat.txt
36.355597,127.469198,0.0299952785380027,0.018437791021848025,lat36.355597_lon127.469198,results_lat36.355597_lon127.469198_stat.txt
36.356046,127.376013,0.05090000376999702,0.042751347825693786,lat36.356046_lon127.376013,results_lat36.356046_lon127.376013_stat.txt
36.356064,127.430844,0.020010386611942186,0.010978582900907313,lat36.356064_lon127.430844,results_lat36.356064_lon127.430844_stat.txt
36.356194,127.443652,0.022210483392623104,0.01345782630900579,lat36.356194_lon127.443652,results_lat36.356194_lon127.443652_stat.txt
36.356469,127.352862,0.04999000394737732,0.03587384965786413,lat36.356469_lon127.352862,results_lat36.356469_lon127.352862_stat.txt
36.35696,127.345553,0.0579729335100069,0.04040026301797943,lat36.356960_lon127.345553,results_lat36.356960_lon127.345553_stat.txt
36.356992,127.319665,0.053095830319708034,0.03260523531699315,lat36.356992_lon127.319665,results_lat36.356992_lon127.319665_stat.txt
36.357262,127.332698,0.044410391882435514,0.030985714950340547,lat36.357262_lon127.332698,results_lat36.357262_lon127.332698_stat.txt
36.357326,127.329232,0.04417943950423937,0.029829483161876058,lat36.357326_lon127.329232,results_lat36.357326_lon127.329232_stat.txt
36.357331,127.468483,0.025979492558497404,0.014952643139087752,lat36.357331_lon127.468483,results_lat36.357331_lon127.468483_stat.txt
36.359233,127.421237,0.01856924261820598,0.014601595886442808,lat36.359233_lon127.421237,results_lat36.359233_lon127.421237_stat.txt
36.359524,127.430385,0.012942021477374388,0.008907809898783555,lat36.359524_lon127.430385,results_lat36.359524_lon127.430385_stat.txt
36.359576,127.4511,0.016713947050157177,0.01121400946079962,lat36.359576_lon127.451100,results_lat36.359576_lon127.451100_stat.txt
36.359793,127.439838,0.01700849709485226,0.014964710029145345,lat36.359793_lon127.439838,results_lat36.359793_lon127.439838_stat.txt
36.359897,127.386621,0.04625877526700765,0.03425996347024437,lat36.359897_lon127.386621,results_lat36.359897_lon127.386621_stat.txt
36.360134,127.48131,0.03150624540006684,0.015645542739914312,lat36.360134_lon127.481310,results_lat36.360134_lon127.481310_stat.txt
36.360302,127.445357,0.018145762006538772,0.016957367089573933,lat36.360302_lon127.445357,results_lat36.360302_lon127.445357_stat.txt
36.360334,127.298971,0.05655037404168343,0.04030538421443972,lat36.360334_lon127.298971,results_lat36.360334_lon127.298971_stat.txt
36.360366,127.330631,0.052008507283483434,0.045503691837750375,lat36.360366_lon127.330631,results_lat36.360366_lon127.330631_stat.txt
36.360453,127.450413,0.017206307473898508,0.01135511734956168,lat36.360453_lon127.450413,results_lat36.360453_lon127.450413_stat.txt
36.360509,127.405966,0.041395559616490336,0.028203212403721777,lat36.360509_lon127.405966,results_lat36.360509_lon127.405966_stat.txt
36.360576,127.321498,0.04892385228557496,0.029775602808904348,lat36.360576_lon127.321498,results_lat36.360576_lon127.321498_stat.txt
36.360807,127.329602,0.04957216675358098,0.04208528792568887,lat36.360807_lon127.329602,results_lat36.360807_lon127.329602_stat.txt
36.36082,127.432872,0.012461922901491817,0.008161265887910007,lat36.360820_lon127.432872,results_lat36.360820_lon127.432872_stat.txt
36.361123,127.367541,0.04835097405836719,0.04272649728890888,lat36.361123_lon127.367541,results_lat36.361123_lon127.367541_stat.txt
36.361168,127.272936,0.05622639427935548,0.033536432086945,lat36.361168_lon127.272936,results_lat36.361168_lon127.272936_stat.txt
36.36121,127.453104,0.026093376570250734,0.013854779923952143,lat36.361210_lon127.453104,results_lat36.361210_lon127.453104_stat.txt
36.361235,127.272708,0.05792431244956755,0.036543638744846355,lat36.361235_lon127.272708,results_lat36.361235_lon127.272708_stat.txt
36.361261,127.396601,0.04595094610385312,0.053301303335156223,lat36.361261_lon127.396601,results_lat36.361261_lon127.396601_stat.txt
36.361506,127.452851,0.026395646682834617,0.013727587123123604,lat36.361506_lon127.452851,results_lat36.361506_lon127.452851_stat.txt
36.361577,127.391177,0.04631465154919174,0.05461764315445197,lat36.361577_lon127.391177,results_lat36.361577_lon127.391177_stat.txt
36.361621,127.320792,0.05228865499651701,0.03892454723814928,lat36.361621_lon127.320792,results_lat36.361621_lon127.320792_stat.txt
36.361628,127.380728,0.04679835531178687,0.04336355986794797,lat36.361628_lon127.380728,results_lat36.361628_lon127.380728_stat.txt
36.3622,127.415679,0.011993544176362931,0.007858025257501405,lat36.362200_lon127.415679,results_lat36.362200_lon127.415679_stat.txt
36.362518,127.287469,0.05181292783419774,0.031675461700309354,lat36.362518_lon127.287469,results_lat36.362518_lon127.287469_stat.txt
36.362574,127.364841,0.0481790286847361,0.03680616295792842,lat36.362574_lon127.364841,results_lat36.362574_lon127.364841_stat.txt
36.362767,127.467229,0.03360437808148009,0.01844580508157268,lat36.362767_lon127.467229,results_lat36.362767_lon127.467229_stat.txt
36.36281,127.406373,0.0533299595652321,0.04055555430963144,lat36.362810_lon127.406373,results_lat36.362810_lon127.406373_stat.txt
36.363324,127.429901,0.014266624347837835,0.010467491597769015,lat36.363324_lon127.429901,results_lat36.363324_lon127.429901_stat.txt
36.364604,127.422518,0.01459329338142837,0.010620942977210994,lat36.364604_lon127.422518,results_lat36.364604_lon127.422518_stat.txt
36.364708,127.380428,0.046614760591519123,0.03473997374316967,lat36.364708_lon127.380428,results_lat36.364708_lon127.380428_stat.txt
36.36524,127.29446,0.05358905426473177,0.039207223818316976,lat36.365240_lon127.294460,results_lat36.365240_lon127.294460_stat.txt
36.36541,127.395921,0.04754201423839785,0.02941475860682213,lat36.365410_lon127.395921,results_lat36.365410_lon127.395921_stat.txt
36.365568,127.375365,0.04570148389652465,0.038517717963523185,lat36.365568_lon127.375365,results_lat36.365568_lon127.375365_stat.txt
36.365593,127.431015,0.01407341936400589,0.010319351273017864,lat36.365593_lon127.431015,results_lat36.365593_lon127.431015_stat.txt
36.365823,127.339795,0.05215666219823607,0.035260556234572096,lat36.365823_lon127.339795,results_lat36.365823_lon127.339795_stat.txt
36.365848,127.423,0.015195773193011235,0.010416255189096283,lat36.365848_lon127.423000,results_lat36.365848_lon127.423000_stat.txt
36.36602,127.410019,0.012014511998783431,0.006762175303478994,lat36.366020_lon127.410019,results_lat36.366020_lon127.410019_stat.txt
36.366076,127.420595,0.018349277574639097,0.013023626439619327,lat36.366076_lon127.420595,results_lat36.366076_lon127.420595_stat.txt
36.366204,127.429441,0.013443525920741443,0.008701699833305791,lat36.366204_lon127.429441,results_lat36.366204_lon127.429441_stat.txt
36.366342,127.412087,0.012139891275933071,0.006047515538178019,lat36.366342_lon127.412087,results_lat36.366342_lon127.412087_stat.txt
36.366659,127.38496,0.04459946523076523,0.027540518806889,lat36.366659_lon127.384960,results_lat36.366659_lon127.384960_stat.txt
36.366885,127.504385,0.039943818046573015,0.02798161981530039,lat36.366885_lon127.504385,results_lat36.366885_lon127.504385_stat.txt
36.367048,127.423253,0.014613596791947292,0.00941048504077663,lat36.367048_lon127.423253,results_lat36.367048_lon127.423253_stat.txt
36.367319,127.313262,0.048398787626508115,0.03570342198779822,lat36.367319_lon127.313262,results_lat36.367319_lon127.313262_stat.txt
36.367477,127.392179,0.046712686313017046,0.034849509997223395,lat36.367477_lon127.392179,results_lat36.367477_lon127.392179_stat.txt
36.367769,127.415712,0.012881154917579537,0.008695709270390966,lat36.367769_lon127.415712,results_lat36.367769_lon127.415712_stat.txt
36.36784,127.323425,0.048681307654327335,0.03315637281320174,lat36.367840_lon127.323425,results_lat36.367840_lon127.323425_stat.txt
36.367844,127.447143,0.03663037123328007,0.018935012694037575,lat36.367844_lon127.447143,results_lat36.367844_lon127.447143_stat.txt
36.367932,127.294835,0.0574179882871506,0.04065224677176965,lat36.367932_lon127.294835,results_lat36.367932_lon127.294835_stat.txt
36.368012,127.334024,0.050507315126723164,0.03685850617348866,lat36.368012_lon127.334024,results_lat36.368012_lon127.334024_stat.txt
36.368335,127.290455,0.07002275123993068,0.048033053121002305,lat36.368335_lon127.290455,results_lat36.368335_lon127.290455_stat.txt
36.368387,127.421295,0.017639124219675183,0.011188338628656515,lat36.368387_lon127.421295,results_lat36.368387_lon127.421295_stat.txt
36.368896,127.333878,0.04725768227774993,0.04083316930013034,lat36.368896_lon127.333878,results_lat36.368896_lon127.333878_stat.txt
36.369549,127.322794,0.044618451491433134,0.03579070013668512,lat36.369549_lon127.322794,results_lat36.369549_lon127.322794_stat.txt
36.370006,127.314891,0.05015756385345423,0.03562822934969944,lat36.370006_lon127.314891,results_lat36.370006_lon127.314891_stat.txt
36.370091,127.291693,0.06405522193647342,0.04063272169518032,lat36.370091_lon127.291693,results_lat36.370091_lon127.291693_stat.txt
36.370567,127.299474,0.06647087326554614,0.04658487607839193,lat36.370567_lon127.299474,results_lat36.370567_lon127.299474_stat.txt
36.370611,127.420537,0.016827221211866198,0.011970860424800576,lat36.370611_lon127.420537,results_lat36.370611_lon127.420537_stat.txt
36.370665,127.474862,0.037412778577601245,0.023533897797600328,lat36.370665_lon127.474862,results_lat36.370665_lon127.474862_stat.txt
36.370804,127.389383,0.017540339058097168,0.02038871545610307,lat36.370804_lon127.389383,results_lat36.370804_lon127.389383_stat.txt
36.371109,127.451633,0.021004169216004228,0.017246201901101474,lat36.371109_lon127.451633,results_lat36.371109_lon127.451633_stat.txt
36.371161,127.385679,0.05120953220482149,0.035003342640732266,lat36.371161_lon127.385679,results_lat36.371161_lon127.385679_stat.txt
36.371234,127.347359,0.04994099216368396,0.03686681069065113,lat36.371234_lon127.347359,results_lat36.371234_lon127.347359_stat.txt
36.371456,127.35768,0.061964970079644785,0.04559624672244239,lat36.371456_lon127.357680,results_lat36.371456_lon127.357680_stat.txt
36.371909,127.475526,0.03845742056753668,0.021738673510291143,lat36.371909_lon127.475526,results_lat36.371909_lon127.475526_stat.txt
36.371979,127.449469,0.02041142449183966,0.016540881859475894,lat36.371979_lon127.449469,results_lat36.371979_lon127.449469_stat.txt
36.372067,127.371803,0.051850888576327615,0.03515791816343757,lat36.372067_lon127.371803,results_lat36.372067_lon127.371803_stat.txt
36.372286,127.372207,0.0511836678112533,0.03819059120740831,lat36.372286_lon127.372207,results_lat36.372286_lon127.372207_stat.txt
36.3723,127.402326,0.016592846613133594,0.012683322306647917,lat36.372300_lon127.402326,results_lat36.372300_lon127.402326_stat.txt
36.372389,127.356516,0.057726905047447256,0.04176271651298233,lat36.372389_lon127.356516,results_lat36.372389_lon127.356516_stat.txt
36.372431,127.328502,0.04662648413784016,0.03429365806214028,lat36.372431_lon127.328502,results_lat36.372431_lon127.328502_stat.txt
36.372445,127.468107,0.03728946784686548,0.025781106245995517,lat36.372445_lon127.468107,results_lat36.372445_lon127.468107_stat.txt
36.372521,127.451643,0.02065325078356896,0.016973907443266115,lat36.372521_lon127.451643,results_lat36.372521_lon127.451643_stat.txt
36.372732,127.439624,0.015537820394135165,0.009301058037019813,lat36.372732_lon127.439624,results_lat36.372732_lon127.439624_stat.txt
36.373373,127.510186,0.04106052004746248,0.021526147493437404,lat36.373373_lon127.510186,results_lat36.373373_lon127.510186_stat.txt
36.373714,127.412513,0.019612606456788008,0.013489962940713687,lat36.373714_lon127.412513,results_lat36.373714_lon127.412513_stat.txt
36.373833,127.341293,0.05845117023658205,0.03636511394550844,lat36.373833_lon127.341293,results_lat36.373833_lon127.341293_stat.txt
36.373899,127.326387,0.05209061062567398,0.04387078865048845,lat36.373899_lon127.326387,results_lat36.373899_lon127.326387_stat.txt
36.373914,127.431139,0.029605846300906978,0.014139258059741852,lat36.373914_lon127.431139,results_lat36.373914_lon127.431139_stat.txt
36.37399,127.510369,0.042723060805416074,0.024603742717331047,lat36.373990_lon127.510369,results_lat36.373990_lon127.510369_stat.txt
36.374283,127.387529,0.04761886207640011,0.03143523863986276,lat36.374283_lon127.387529,results_lat36.374283_lon127.387529_stat.txt
36.374286,127.42538,0.017050985848648285,0.01294378047067463,lat36.374286_lon127.425380,results_lat36.374286_lon127.425380_stat.txt
36.374408,127.475052,0.03818289338930581,0.024305127233036135,lat36.374408_lon127.475052,results_lat36.374408_lon127.475052_stat.txt
36.375072,127.359356,0.05790196166756843,0.042878937753341,lat36.375072_lon127.359356,results_lat36.375072_lon127.359356_stat.txt
36.37532,127.347495,0.05910215568525585,0.04473968144504364,lat36.375320_lon127.347495,results_lat36.375320_lon127.347495_stat.txt
36.375609,127.37467,0.046383206715047746,0.03316164318474432,lat36.375609_lon127.374670,results_lat36.375609_lon127.374670_stat.txt
36.375654,127.296678,0.05588463058116401,0.034907206570355925,lat36.375654_lon127.296678,results_lat36.375654_lon127.296678_stat.txt
36.375769,127.506175,0.04117800822867441,0.02161161288986139,lat36.375769_lon127.506175,results_lat36.375769_lon127.506175_stat.txt
36.375948,127.317109,0.0545086146673389,0.04239243867380219,lat36.375948_lon127.317109,results_lat36.375948_lon127.317109_stat.txt
36.376135,127.342017,0.05634045502852728,0.03432745615236882,lat36.376135_lon127.342017,results_lat36.376135_lon127.342017_stat.txt
36.376456,127.438642,0.018043008968438794,0.01363508131324045,lat36.376456_lon127.438642,results_lat36.376456_lon127.438642_stat.txt
36.37646,127.357758,0.05472905063036763,0.04368840474044346,lat36.376460_lon127.357758,results_lat36.376460_lon127.357758_stat.txt
36.376546,127.315028,0.05216427362658793,0.03624335719851486,lat36.376546_lon127.315028,results_lat36.376546_lon127.315028_stat.txt
36.376849,127.290996,0.0599822721633941,0.04163283785768568,lat36.376849_lon127.290996,results_lat36.376849_lon127.290996_stat.txt
36.377011,127.403962,0.01548122919651974,0.012622978688162489,lat36.377011_lon127.403962,results_lat36.377011_lon127.403962_stat.txt
36.377088,127.330872,0.0472079763037744,0.02815529498781117,lat36.377088_lon127.330872,results_lat36.377088_lon127.330872_stat.txt
36.377687,127.411103,0.052996891241497444,0.03558133737383209,lat36.377687_lon127.411103,results_lat36.377687_lon127.411103_stat.txt
36.378241,127.374182,0.05090562598600339,0.03432088767702058,lat36.378241_lon127.374182,results_lat36.378241_lon127.374182_stat.txt
36.378718,127.42163,0.016460306481560737,0.00914917573904508,lat36.378718_lon127.421630,results_lat36.378718_lon127.421630_stat.txt
36.378878,127.522785,0.060083709005391825,0.039188379304153115,lat36.378878_lon127.522785,results_lat36.378878_lon127.522785_stat.txt
36.378939,127.392571,0.05520519645950565,0.03460279231398114,lat36.378939_lon127.392571,results_lat36.378939_lon127.392571_stat.txt
36.379011,127.480154,0.038139533812359835,0.02432315673754004,lat36.379011_lon127.480154,results_lat36.379011_lon127.480154_stat.txt
36.379019,127.453024,0.05451201461706318,0.020968350646312858,lat36.379019_lon127.453024,results_lat36.379019_lon127.453024_stat.txt
36.379151,127.319678,0.05067660231394793,0.03522188114512881,lat36.379151_lon127.319678,results_lat36.379151_lon127.319678_stat.txt
36.381003,127.343576,0.05941829440115011,0.03698207922889128,lat36.381003_lon127.343576,results_lat36.381003_lon127.343576_stat.txt
36.381035,127.399953,0.022756661925418826,0.01872553558139666,lat36.381035_lon127.399953,results_lat36.381035_lon127.399953_stat.txt
36.381419,127.412274,0.01473873115112927,0.008252803308460175,lat36.381419_lon127.412274,results_lat36.381419_lon127.412274_stat.txt
36.382495,127.414654,0.01861427766672228,0.013201313325372518,lat36.382495_lon127.414654,results_lat36.382495_lon127.414654_stat.txt
36.382724,127.402793,0.01879068909780415,0.014282535925613347,lat36.382724_lon127.402793,results_lat36.382724_lon127.402793_stat.txt
36.382732,127.426483,0.029989413507100764,0.014367641906255453,lat36.382732_lon127.426483,results_lat36.382732_lon127.426483_stat.txt
36.38328,127.425273,0.019422851943935487,0.014158616438776838,lat36.383280_lon127.425273,results_lat36.383280_lon127.425273_stat.txt
36.383309,127.518673,0.04481981086609263,0.029464356221139774,lat36.383309_lon127.518673,results_lat36.383309_lon127.518673_stat.txt
36.383564,127.457928,0.041535479956726504,0.019923836953637905,lat36.383564_lon127.457928,results_lat36.383564_lon127.457928_stat.txt
36.384161,127.364832,0.05246546525550975,0.03940216722061514,lat36.384161_lon127.364832,results_lat36.384161_lon127.364832_stat.txt
36.384422,127.303949,0.057643040706378795,0.035179745969986576,lat36.384422_lon127.303949,results_lat36.384422_lon127.303949_stat.txt
36.385191,127.492198,0.04443440265297076,0.024233650451370606,lat36.385191_lon127.492198,results_lat36.385191_lon127.492198_stat.txt
36.385395,127.356495,0.049673701533023674,0.026888689963866112,lat36.385395_lon127.356495,results_lat36.385395_lon127.356495_stat.txt
36.385568,127.431134,0.0282263531750025,0.015070112121046543,lat36.385568_lon127.431134,results_lat36.385568_lon127.431134_stat.txt
36.385765,127.339475,0.05795494998792487,0.040956092531629386,lat36.385765_lon127.339475,results_lat36.385765_lon127.339475_stat.txt
36.386019,127.327414,0.048014123029783265,0.03379085797341524,lat36.386019_lon127.327414,results_lat36.386019_lon127.327414_stat.txt
36.386368,127.488335,0.0402187092553208,0.02025058505960703,lat36.386368_lon127.488335,results_lat36.386368_lon127.488335_stat.txt
36.386719,127.491792,0.04320847266276355,0.02062787643048438,lat36.386719_lon127.491792,results_lat36.386719_lon127.491792_stat.txt
36.38679,127.292035,0.06260459648222041,0.04304670836335729,lat36.386790_lon127.292035,results_lat36.386790_lon127.292035_stat.txt
36.386992,127.516957,0.04561251474303661,0.02810035657484788,lat36.386992_lon127.516957,results_lat36.386992_lon127.516957_stat.txt
36.387147,127.371492,0.0545380696694621,0.03953354812484838,lat36.387147_lon127.371492,results_lat36.387147_lon127.371492_stat.txt
36.387176,127.426104,0.021638388158376314,0.01818049390559718,lat36.387176_lon127.426104,results_lat36.387176_lon127.426104_stat.txt
36.38731,127.346289,0.05054811200035714,0.03461389065695833,lat36.387310_lon127.346289,results_lat36.387310_lon127.346289_stat.txt
36.387385,127.48867,0.04065045043007935,0.01978592390294307,lat36.387385_lon127.488670,results_lat36.387385_lon127.488670_stat.txt
36.387421,127.435011,0.03031948067838151,0.02179868123883536,lat36.387421_lon127.435011,results_lat36.387421_lon127.435011_stat.txt
36.387465,127.442243,0.04031908578572551,0.019974988621944037,lat36.387465_lon127.442243,results_lat36.387465_lon127.442243_stat.txt
36.387524,127.332874,0.052633425756184,0.031583783304319095,lat36.387524_lon127.332874,results_lat36.387524_lon127.332874_stat.txt
36.387721,127.304516,0.04919018950261091,0.02805463646162693,lat36.387721_lon127.304516,results_lat36.387721_lon127.304516_stat.txt
36.388271,127.430243,0.02844328068972591,0.015025090157626125,lat36.388271_lon127.430243,results_lat36.388271_lon127.430243_stat.txt
36.388358,127.28521,0.06628792111950506,0.04222573586562255,lat36.388358_lon127.285210,results_lat36.388358_lon127.285210_stat.txt
36.388762,127.30511,0.05720019955480254,0.033923534710408196,lat36.388762_lon127.305110,results_lat36.388762_lon127.305110_stat.txt
36.388768,127.407272,0.01670995173649723,0.010763929098903708,lat36.388768_lon127.407272,results_lat36.388768_lon127.407272_stat.txt
36.389002,127.44131,0.03988673844908519,0.025753346868435428,lat36.389002_lon127.441310,results_lat36.389002_lon127.441310_stat.txt
36.389092,127.304836,0.05403811764685006,0.027814375763788517,lat36.389092_lon127.304836,results_lat36.389092_lon127.304836_stat.txt
36.389196,127.305301,0.0580972474011771,0.03388336968998286,lat36.389196_lon127.305301,results_lat36.389196_lon127.305301_stat.txt
36.389227,127.480249,0.04297266464903624,0.023724052665117883,lat36.389227_lon127.480249,results_lat36.389227_lon127.480249_stat.txt
36.389268,127.414529,0.01954445354445308,0.012106057459435621,lat36.389268_lon127.414529,results_lat36.389268_lon127.414529_stat.txt
36.389384,127.315311,0.05184655193360701,0.036263922952462245,lat36.389384_lon127.315311,results_lat36.389384_lon127.315311_stat.txt
36.389468,127.457232,0.07176590152325572,0.0304449029512107,lat36.389468_lon127.457232,results_lat36.389468_lon127.457232_stat.txt
36.389485,127.309894,0.053745848886981896,0.04186259789273095,lat36.389485_lon127.309894,results_lat36.389485_lon127.309894_stat.txt
36.389644,127.308141,0.05135267693916699,0.033215464497057444,lat36.389644_lon127.308141,results_lat36.389644_lon127.308141_stat.txt
36.390342,127.518378,0.04697011703939242,0.02678277840894714,lat36.390342_lon127.518378,results_lat36.390342_lon127.518378_stat.txt
36.390816,127.393629,0.05752400561521614,0.0429376575216349,lat36.390816_lon127.393629,results_lat36.390816_lon127.393629_stat.txt
36.390865,127.449238,0.030653431537473748,0.02076944234951736,lat36.390865_lon127.449238,results_lat36.390865_lon127.449238_stat.txt
36.391107,127.452357,0.05152694709748058,0.023503594705608612,lat36.391107_lon127.452357,results_lat36.391107_lon127.452357_stat.txt
36.391256,127.321477,0.05415893007140502,0.035719458588782844,lat36.391256_lon127.321477,results_lat36.391256_lon127.321477_stat.txt
36.39132,127.394622,0.0167182903629696,0.010329395624031484,lat36.391320_lon127.394622,results_lat36.391320_lon127.394622_stat.txt
36.391353,127.521869,0.0456538131299865,0.025301178618063178,lat36.391353_lon127.521869,results_lat36.391353_lon127.521869_stat.txt
36.391421,127.349581,0.04833412965596865,0.03048309375342855,lat36.391421_lon127.349581,results_lat36.391421_lon127.349581_stat.txt
36.391535,127.500537,0.05000191844247785,0.025873746580719774,lat36.391535_lon127.500537,results_lat36.391535_lon127.500537_stat.txt
36.391626,127.315219,0.05235203174192152,0.03425310646536455,lat36.391626_lon127.315219,results_lat36.391626_lon127.315219_stat.txt
36.391769,127.341087,0.06475234868235195,0.036991882598483565,lat36.391769_lon127.341087,results_lat36.391769_lon127.341087_stat.txt
36.391786,127.371717,0.0604375880663689,0.04545525181902778,lat36.391786_lon127.371717,results_lat36.391786_lon127.371717_stat.txt
36.392046,127.409786,0.017969047524586692,0.01539984857057351,lat36.392046_lon127.409786,results_lat36.392046_lon127.409786_stat.txt
36.392252,127.480501,0.03973043958416141,0.019509269724705652,lat36.392252_lon127.480501,results_lat36.392252_lon127.480501_stat.txt
36.392377,127.499547,0.04790761300272924,0.019341489924976436,lat36.392377_lon127.499547,results_lat36.392377_lon127.499547_stat.txt
36.392643,127.476679,0.04099454681667203,0.023976388569035893,lat36.392643_lon127.476679,results_lat36.392643_lon127.476679_stat.txt
36.393068,127.392058,0.02094209674193889,0.013200018326993706,lat36.393068_lon127.392058,results_lat36.393068_lon127.392058_stat.txt
36.393134,127.398191,0.017409939268769537,0.013837047276908728,lat36.393134_lon127.398191,results_lat36.393134_lon127.398191_stat.txt
36.393148,127.432974,0.02426355624839439,0.016905905052436446,lat36.393148_lon127.432974,results_lat36.393148_lon127.432974_stat.txt
36.393365,127.45905,0.07539673166830761,0.025702331014967616,lat36.393365_lon127.459050,results_lat36.393365_lon127.459050_stat.txt
36.393396,127.402855,0.01625867241128576,0.00980514216436861,lat36.393396_lon127.402855,results_lat36.393396_lon127.402855_stat.txt
36.393723,127.389206,0.05712976747859053,0.03469380198669707,lat36.393723_lon127.389206,results_lat36.393723_lon127.389206_stat.txt
36.394028,127.429682,0.022292545836267833,0.015107360451491289,lat36.394028_lon127.429682,results_lat36.394028_lon127.429682_stat.txt
36.394219,127.430511,0.02093449671840307,0.015233425079835683,lat36.394219_lon127.430511,results_lat36.394219_lon127.430511_stat.txt
36.394613,127.318173,0.05920360382703967,0.04003588135964795,lat36.394613_lon127.318173,results_lat36.394613_lon127.318173_stat.txt
36.395232,127.352332,0.047612542060583435,0.029036783153377915,lat36.395232_lon127.352332,results_lat36.395232_lon127.352332_stat.txt
36.396444,127.420915,0.02281959876647747,0.017586262159923774,lat36.396444_lon127.420915,results_lat36.396444_lon127.420915_stat.txt
36.396576,127.443539,0.02516227986853925,0.016342991490135222,lat36.396576_lon127.443539,results_lat36.396576_lon127.443539_stat.txt
36.396665,127.363775,0.0537690014437416,0.028721412775442882,lat36.396665_lon127.363775,results_lat36.396665_lon127.363775_stat.txt
36.396757,127.409013,0.018137985614881336,0.012600856545923852,lat36.396757_lon127.409013,results_lat36.396757_lon127.409013_stat.txt
36.39689,127.49195,0.04375594326786841,0.018863381543679756,lat36.396890_lon127.491950,results_lat36.396890_lon127.491950_stat.txt
36.397054,127.531977,0.05412809043552422,0.03565363778214483,lat36.397054_lon127.531977,results_lat36.397054_lon127.531977_stat.txt
36.397113,127.393245,0.022992836547216077,0.013227036206171239,lat36.397113_lon127.393245,results_lat36.397113_lon127.393245_stat.txt
36.397449,127.313721,0.05118169371610016,0.030527999379007128,lat36.397449_lon127.313721,results_lat36.397449_lon127.313721_stat.txt
36.397507,127.3615,0.054832508109677505,0.028758750895362395,lat36.397507_lon127.361500,results_lat36.397507_lon127.361500_stat.txt
36.397656,127.41982,0.024357342030307958,0.01746394395612057,lat36.397656_lon127.419820,results_lat36.397656_lon127.419820_stat.txt
36.397957,127.529899,0.057935879048759874,0.03992895555774423,lat36.397957_lon127.529899,results_lat36.397957_lon127.529899_stat.txt
36.398244,127.41689,0.021216525420247618,0.012432026635363037,lat36.398244_lon127.416890,results_lat36.398244_lon127.416890_stat.txt
36.399046,127.530498,0.060022254932752366,0.041509241621981295,lat36.399046_lon127.530498,results_lat36.399046_lon127.530498_stat.txt
36.399766,127.491393,0.04508617092435201,0.025100029929057206,lat36.399766_lon127.491393,results_lat36.399766_lon127.491393_stat.txt
36.399859,127.45072,0.031841445079668775,0.015704157359829968,lat36.399859_lon127.450720,results_lat36.399859_lon127.450720_stat.txt
36.39986,127.450711,0.03201763617710098,0.01571471442675216,lat36.399860_lon127.450711,results_lat36.399860_lon127.450711_stat.txt
36.400266,127.433375,0.02033542694893798,0.010428512054353497,lat36.400266_lon127.433375,results_lat36.400266_lon127.433375_stat.txt
36.400462,127.414468,0.0197808494030504,0.016167615418996847,lat36.400462_lon127.414468,results_lat36.400462_lon127.414468_stat.txt
36.400546,127.317382,0.057108858814022855,0.03301612994265952,lat36.400546_lon127.317382,results_lat36.400546_lon127.317382_stat.txt
36.400821,127.315057,0.05971478612137018,0.0321115792437437,lat36.400821_lon127.315057,results_lat36.400821_lon127.315057_stat.txt
36.400981,127.42932,0.020564273478154205,0.011181079190124626,lat36.400981_lon127.429320,results_lat36.400981_lon127.429320_stat.txt
36.400992,127.411092,0.019243743684158342,0.011312472298625984,lat36.400992_lon127.411092,results_lat36.400992_lon127.411092_stat.txt
36.401397,127.437886,0.02355376668113218,0.014333221000756789,lat36.401397_lon127.437886,results_lat36.401397_lon127.437886_stat.txt
36.401502,127.387612,0.05649084985008942,0.026880912214926656,lat36.401502_lon127.387612,results_lat36.401502_lon127.387612_stat.txt
36.40246,127.479296,0.046403124822090414,0.01885969230862527,lat36.402460_lon127.479296,results_lat36.402460_lon127.479296_stat.txt
36.402593,127.529225,0.05565859636412718,0.03064819166439733,lat36.402593_lon127.529225,results_lat36.402593_lon127.529225_stat.txt
36.402633,127.355743,0.05904536820820791,0.03541880827750891,lat36.402633_lon127.355743,results_lat36.402633_lon127.355743_stat.txt
36.403,127.404445,0.018349397998111937,0.011173357891417598,lat36.403000_lon127.404445,results_lat36.403000_lon127.404445_stat.txt
36.403061,127.491517,0.046363141457832394,0.021914379063486412,lat36.403061_lon127.491517,results_lat36.403061_lon127.491517_stat.txt
36.40346,127.403392,0.019358312102228988,0.012116718233724434,lat36.403460_lon127.403392,results_lat36.403460_lon127.403392_stat.txt
36.403642,127.297598,0.05359805069412736,0.03247664508898541,lat36.403642_lon127.297598,results_lat36.403642_lon127.297598_stat.txt
36.403731,127.471884,0.04233473263338736,0.018939875478092175,lat36.403731_lon127.471884,results_lat36.403731_lon127.471884_stat.txt
36.403803,127.536314,0.060726625888649154,0.040939476304650085,lat36.403803_lon127.536314,results_lat36.403803_lon127.536314_stat.txt
36.404007,127.426441,0.01950098247635634,0.017632813065347315,lat36.404007_lon127.426441,results_lat36.404007_lon127.426441_stat.txt
36.404388,127.311913,0.05783907093157257,0.03081040158339497,lat36.404388_lon127.311913,results_lat36.404388_lon127.311913_stat.txt
36.404809,127.343227,0.05540456082194347,0.03358002567032946,lat36.404809_lon127.343227,results_lat36.404809_lon127.343227_stat.txt
36.404831,127.39577,0.027053350212659737,0.021150096068251197,lat36.404831_lon127.395770,results_lat36.404831_lon127.395770_stat.txt
36.404957,127.411186,0.022714319595172006,0.014518982975970601,lat36.404957_lon127.411186,results_lat36.404957_lon127.411186_stat.txt
36.405134,127.346079,0.057597888741928054,0.04018873588010557,lat36.405134_lon127.346079,results_lat36.405134_lon127.346079_stat.txt
36.405428,127.403357,0.01851860323210392,0.01178044896212521,lat36.405428_lon127.403357,results_lat36.405428_lon127.403357_stat.txt
36.405497,127.443201,0.027912419732983584,0.016342199546977097,lat36.405497_lon127.443201,results_lat36.405497_lon127.443201_stat.txt
36.405871,127.29023,0.061357888271913005,0.04123388413068434,lat36.405871_lon127.290230,results_lat36.405871_lon127.290230_stat.txt
36.406015,127.417168,0.022688491104587986,0.013554499440678235,lat36.406015_lon127.417168,results_lat36.406015_lon127.417168_stat.txt
36.406121,127.310535,0.059152494642354135,0.047054769834075486,lat36.406121_lon127.310535,results_lat36.406121_lon127.310535_stat.txt
36.40659,127.384024,0.06088617069508788,0.028431282808361612,lat36.406590_lon127.384024,results_lat36.406590_lon127.384024_stat.txt
36.40664,127.377782,0.05429719265528196,0.031435136666339014,lat36.406640_lon127.377782,results_lat36.406640_lon127.377782_stat.txt
36.406721,127.34205,0.05834205409487831,0.03519405821481135,lat36.406721_lon127.342050,results_lat36.406721_lon127.342050_stat.txt
36.40686,127.536994,0.061065187837158245,0.040434569418116385,lat36.406860_lon127.536994,results_lat36.406860_lon127.536994_stat.txt
36.407006,127.358514,0.06181761275579063,0.03271627458658994,lat36.407006_lon127.358514,results_lat36.407006_lon127.358514_stat.txt
36.407379,127.402515,0.060094336273028306,0.03969193949709286,lat36.407379_lon127.402515,results_lat36.407379_lon127.402515_stat.txt
36.407491,127.440267,0.02698892386597509,0.018956431237206757,lat36.407491_lon127.440267,results_lat36.407491_lon127.440267_stat.txt
36.407506,127.382123,0.058557051191484195,0.02697674966909396,lat36.407506_lon127.382123,results_lat36.407506_lon127.382123_stat.txt
36.407669,127.293322,0.060778010003491784,0.03723460569623979,lat36.407669_lon127.293322,results_lat36.407669_lon127.293322_stat.txt
36.408322,127.456144,0.045663968743312126,0.016335583318116964,lat36.408322_lon127.456144,results_lat36.408322_lon127.456144_stat.txt
36.408972,127.377364,0.0636689423836614,0.03909356285356089,lat36.408972_lon127.377364,results_lat36.408972_lon127.377364_stat.txt
36.409017,127.460439,0.038550894544987974,0.014863700488121027,lat36.409017_lon127.460439,results_lat36.409017_lon127.460439_stat.txt
36.409039,127.381039,0.054935255747835976,0.03039798441841755,lat36.409039_lon127.381039,results_lat36.409039_lon127.381039_stat.txt
36.409064,127.385094,0.05678219399104343,0.032707193143863375,lat36.409064_lon127.385094,results_lat36.409064_lon127.385094_stat.txt
36.409609,127.41277,0.02648729003288468,0.018074416832906975,lat36.409609_lon127.412770,results_lat36.409609_lon127.412770_stat.txt
36.409612,127.497762,0.0570713736849191,0.021933046074547536,lat36.409612_lon127.497762,results_lat36.409612_lon127.497762_stat.txt
36.409775,127.425322,0.016410807307775256,0.01117414074289161,lat36.409775_lon127.425322,results_lat36.409775_lon127.425322_stat.txt
36.409953,127.540401,0.06420199904229615,0.03681577940740467,lat36.409953_lon127.540401,results_lat36.409953_lon127.540401_stat.txt
36.410192,127.475517,0.04371716580644504,0.019606843285669022,lat36.410192_lon127.475517,results_lat36.410192_lon127.475517_stat.txt
36.41027,127.400802,0.0251028200072247,0.02030212134380628,lat36.410270_lon127.400802,results_lat36.410270_lon127.400802_stat.txt
36.410553,127.439275,0.025227578935655626,0.011905130132738966,lat36.410553_lon127.439275,results_lat36.410553_lon127.439275_stat.txt
36.410668,127.419511,0.025692717414207464,0.018619792169897804,lat36.410668_lon127.419511,results_lat36.410668_lon127.419511_stat.txt
36.410838,127.474431,0.043194663881002716,0.018693652287125398,lat36.410838_lon127.474431,results_lat36.410838_lon127.474431_stat.txt
36.410932,127.296433,0.06328825212455433,0.04266931497453126,lat36.410932_lon127.296433,results_lat36.410932_lon127.296433_stat.txt
36.411043,127.335912,0.06157779944143397,0.03254295881390957,lat36.411043_lon127.335912,results_lat36.411043_lon127.335912_stat.txt
36.411344,127.307451,0.05608312973517506,0.0389009134577941,lat36.411344_lon127.307451,results_lat36.411344_lon127.307451_stat.txt
36.4116,127.484692,0.04807000359971811,0.01890969857945176,lat36.411600_lon127.484692,results_lat36.411600_lon127.484692_stat.txt
36.41164,127.484671,0.04818586201896938,0.018774540562808084,lat36.411640_lon127.484671,results_lat36.411640_lon127.484671_stat.txt
36.411794,127.389858,0.05365942628968767,0.03999051266264457,lat36.411794_lon127.389858,results_lat36.411794_lon127.389858_stat.txt
36.411862,127.420067,0.021942857340657297,0.013537856342359171,lat36.411862_lon127.420067,results_lat36.411862_lon127.420067_stat.txt
36.412309,127.378232,0.055054581332427285,0.028397654978583126,lat36.412309_lon127.378232,results_lat36.412309_lon127.378232_stat.txt
36.413101,127.466412,0.04032107795982842,0.015556729262229002,lat36.413101_lon127.466412,results_lat36.413101_lon127.466412_stat.txt
36.413579,127.316216,0.06500510301231137,0.040824019439947734,lat36.413579_lon127.316216,results_lat36.413579_lon127.316216_stat.txt
36.413582,127.345973,0.05503999135987803,0.024902145813265306,lat36.413582_lon127.345973,results_lat36.413582_lon127.345973_stat.txt
36.413686,127.387119,0.06203918145169633,0.02736922428426698,lat36.413686_lon127.387119,results_lat36.413686_lon127.387119_stat.txt
36.413881,127.394682,0.030771530997256786,0.01475401858707802,lat36.413881_lon127.394682,results_lat36.413881_lon127.394682_stat.txt
36.414198,127.482983,0.04993001625996782,0.020097586859553672,lat36.414198_lon127.482983,results_lat36.414198_lon127.482983_stat.txt
36.414316,127.395049,0.03129801457740452,0.015072384638297798,lat36.414316_lon127.395049,results_lat36.414316_lon127.395049_stat.txt
36.414589,127.323544,0.06089168722135227,0.02124464467932267,lat36.414589_lon127.323544,results_lat36.414589_lon127.323544_stat.txt
36.41468,127.295165,0.06857349497988065,0.03923149922651736,lat36.414680_lon127.295165,results_lat36.414680_lon127.295165_stat.txt
36.41483,127.533991,0.06479404932913423,0.03409259760906785,lat36.414830_lon127.533991,results_lat36.414830_lon127.533991_stat.txt
36.415503,127.358314,0.05941408031596325,0.030670323520567172,lat36.415503_lon127.358314,results_lat36.415503_lon127.358314_stat.txt
36.415665,127.294826,0.06634086630291768,0.03826695603005575,lat36.415665_lon127.294826,results_lat36.415665_lon127.294826_stat.txt
36.415821,127.536733,0.06282187009871515,0.035015454863859825,lat36.415821_lon127.536733,results_lat36.415821_lon127.536733_stat.txt
36.416011,127.315693,0.05955592764774598,0.03446805768646668,lat36.416011_lon127.315693,results_lat36.416011_lon127.315693_stat.txt
36.416213,127.420331,0.02089306110767802,0.010826999789995495,lat36.416213_lon127.420331,results_lat36.416213_lon127.420331_stat.txt
36.416395,127.532458,0.06174123878217634,0.03240835929116159,lat36.416395_lon127.532458,results_lat36.416395_lon127.532458_stat.txt
36.416915,127.480241,0.04671323299325178,0.018618266220722476,lat36.416915_lon127.480241,results_lat36.416915_lon127.480241_stat.txt
36.417069,127.320481,0.0617130593545068,0.03839436253248197,lat36.417069_lon127.320481,results_lat36.417069_lon127.320481_stat.txt
36.41716,127.443587,0.02427682469701991,0.012362027690981985,lat36.417160_lon127.443587,results_lat36.417160_lon127.443587_stat.txt
36.417292,127.313361,0.060583694997143986,0.03710449202429015,lat36.417292_lon127.313361,results_lat36.417292_lon127.313361_stat.txt
36.417426,127.340663,0.06211225708940642,0.02507204762366386,lat36.417426_lon127.340663,results_lat36.417426_lon127.340663_stat.txt
36.417552,127.458494,0.04119802869460513,0.021375785451918705,lat36.417552_lon127.458494,results_lat36.417552_lon127.458494_stat.txt
36.417586,127.29415,0.0676374405519876,0.04229471537705374,lat36.417586_lon127.294150,results_lat36.417586_lon127.294150_stat.txt
36.418408,127.464259,0.04535550644360122,0.02126519179136445,lat36.418408_lon127.464259,results_lat36.418408_lon127.464259_stat.txt
36.418464,127.335492,0.05719172005020426,0.026471928850114988,lat36.418464_lon127.335492,results_lat36.418464_lon127.335492_stat.txt
36.418473,127.479634,0.04784545773888132,0.01866646766970682,lat36.418473_lon127.479634,results_lat36.418473_lon127.479634_stat.txt
36.418702,127.413913,0.024031199205866004,0.012619823473241809,lat36.418702_lon127.413913,results_lat36.418702_lon127.413913_stat.txt
36.418749,127.389523,0.030514265112396143,0.01278899617679124,lat36.418749_lon127.389523,results_lat36.418749_lon127.389523_stat.txt
36.418778,127.447552,0.02594649795325823,0.01346885746562318,lat36.418778_lon127.447552,results_lat36.418778_lon127.447552_stat.txt
36.418796,127.306769,0.058794323858885486,0.03720143036157471,lat36.418796_lon127.306769,results_lat36.418796_lon127.306769_stat.txt
36.419225,127.491414,0.05277113399329008,0.022001652006300557,lat36.419225_lon127.491414,results_lat36.419225_lon127.491414_stat.txt
36.419235,127.523561,0.06934848987802805,0.034733491635900296,lat36.419235_lon127.523561,results_lat36.419235_lon127.523561_stat.txt
36.419377,127.299516,0.06013228152918589,0.034035934947481875,lat36.419377_lon127.299516,results_lat36.419377_lon127.299516_stat.txt
36.419742,127.295464,0.06242271272935319,0.03376418377089577,lat36.419742_lon127.295464,results_lat36.419742_lon127.295464_stat.txt
36.420045,127.446776,0.025629619630596536,0.01545271506826002,lat36.420045_lon127.446776,results_lat36.420045_lon127.446776_stat.txt
36.420054,127.346343,0.06281388489342878,0.02953619052741708,lat36.420054_lon127.346343,results_lat36.420054_lon127.346343_stat.txt
36.420107,127.422776,0.02996655901671721,0.017551602462080977,lat36.420107_lon127.422776,results_lat36.420107_lon127.422776_stat.txt
36.420408,127.346397,0.06432627594551098,0.030081041404541375,lat36.420408_lon127.346397,results_lat36.420408_lon127.346397_stat.txt
36.420552,127.489859,0.05263048740623697,0.023514007601730405,lat36.420552_lon127.489859,results_lat36.420552_lon127.489859_stat.txt
36.420623,127.337524,0.061698335528624006,0.028610075012263907,lat36.420623_lon127.337524,results_lat36.420623_lon127.337524_stat.txt
36.420845,127.452543,0.03317604600212239,0.0167399725173622,lat36.420845_lon127.452543,results_lat36.420845_lon127.452543_stat.txt
36.420948,127.337397,0.06382749488691415,0.03026895664217381,lat36.420948_lon127.337397,results_lat36.420948_lon127.337397_stat.txt
36.421314,127.381732,0.07076771036650822,0.03469408814015448,lat36.421314_lon127.381732,results_lat36.421314_lon127.381732_stat.txt
36.421353,127.453085,0.03348604853908962,0.015130268442487462,lat36.421353_lon127.453085,results_lat36.421353_lon127.453085_stat.txt
36.421629,127.489791,0.052837266818042884,0.023278258774598343,lat36.421629_lon127.489791,results_lat36.421629_lon127.489791_stat.txt
36.421869,127.486214,0.04689305619486439,0.01818290141852143,lat36.421869_lon127.486214,results_lat36.421869_lon127.486214_stat.txt
36.422079,127.46108,0.04704017734038386,0.0231648616925596,lat36.422079_lon127.461080,results_lat36.422079_lon127.461080_stat.txt
36.423044,127.30634,0.06665085776135576,0.044150821478415064,lat36.423044_lon127.306340,results_lat36.423044_lon127.306340_stat.txt
36.423349,127.454607,0.036975531291164286,0.022169080699497214,lat36.423349_lon127.454607,results_lat36.423349_lon127.454607_stat.txt
36.423572,127.303009,0.05968232966557423,0.03686185533445547,lat36.423572_lon127.303009,results_lat36.423572_lon127.303009_stat.txt
36.424262,127.448819,0.029346666035265156,0.013146859089420076,lat36.424262_lon127.448819,results_lat36.424262_lon127.448819_stat.txt
36.424335,127.401332,0.02844727351632326,0.014564651498472756,lat36.424335_lon127.401332,results_lat36.424335_lon127.401332_stat.txt
36.424776,127.468309,0.045496145592564444,0.020149133616029123,lat36.424776_lon127.468309,results_lat36.424776_lon127.468309_stat.txt
36.424809,127.462598,0.04048366518198128,0.016302911829792852,lat36.424809_lon127.462598,results_lat36.424809_lon127.462598_stat.txt
36.425113,127.425058,0.0283905088551907,0.014748204591151703,lat36.425113_lon127.425058,results_lat36.425113_lon127.425058_stat.txt
36.425935,127.375164,0.05887269691315371,0.025493490038932646,lat36.425935_lon127.375164,results_lat36.425935_lon127.375164_stat.txt
36.4261,127.391962,0.029805462222309263,0.012485004670103952,lat36.426100_lon127.391962,results_lat36.426100_lon127.391962_stat.txt
36.42652,127.379095,0.060691805877550804,0.028719885897651225,lat36.426520_lon127.379095,results_lat36.426520_lon127.379095_stat.txt
36.426581,127.418361,0.02852706649068291,0.015055792289965104,lat36.426581_lon127.418361,results_lat36.426581_lon127.418361_stat.txt
36.426609,127.404008,0.03176537576300174,0.016986166742051605,lat36.426609_lon127.404008,results_lat36.426609_lon127.404008_stat.txt
36.428132,127.430484,0.030988171288645738,0.013530174089539646,lat36.428132_lon127.430484,results_lat36.428132_lon127.430484_stat.txt
36.428229,127.44216,0.031241814337315734,0.01616835489787484,lat36.428229_lon127.442160,results_lat36.428229_lon127.442160_stat.txt
36.42888,127.372865,0.06410081633676935,0.030679710482657933,lat36.428880_lon127.372865,results_lat36.428880_lon127.372865_stat.txt
36.429028,127.441818,0.034611676280188755,0.021597201363016034,lat36.429028_lon127.441818,results_lat36.429028_lon127.441818_stat.txt
36.429164,127.431031,0.031937423834810366,0.015076613362635284,lat36.429164_lon127.431031,results_lat36.429164_lon127.431031_stat.txt
36.429756,127.36885,0.06927011973561684,0.02719251122117286,lat36.429756_lon127.368850,results_lat36.429756_lon127.368850_stat.txt
36.430062,127.414017,0.027190641346398474,0.014116688245635329,lat36.430062_lon127.414017,results_lat36.430062_lon127.414017_stat.txt
36.430247,127.370038,0.07178942415693097,0.028424167480457025,lat36.430247_lon127.370038,results_lat36.430247_lon127.370038_stat.txt
36.430307,127.395859,0.03128516892581637,0.012767556187321115,lat36.430307_lon127.395859,results_lat36.430307_lon127.395859_stat.txt
36.430514,127.386269,0.03003863967703765,0.01410851244816921,lat36.430514_lon127.386269,results_lat36.430514_lon127.386269_stat.txt
36.430765,127.454044,0.03597881594378413,0.028391108835937533,lat36.430765_lon127.454044,results_lat36.430765_lon127.454044_stat.txt
36.430867,127.384099,0.029945701189100674,0.013456390049443226,lat36.430867_lon127.384099,results_lat36.430867_lon127.384099_stat.txt
36.431046,127.449275,0.02715046687375004,0.012191774453250861,lat36.431046_lon127.449275,results_lat36.431046_lon127.449275_stat.txt
36.433126,127.396043,0.030285021471250635,0.016166645160531234,lat36.433126_lon127.396043,results_lat36.433126_lon127.396043_stat.txt
36.433237,127.355156,0.04505263628126371,0.01994751582547209,lat36.433237_lon127.355156,results_lat36.433237_lon127.355156_stat.txt
36.433454,127.445017,0.03205733856095062,0.02522563171131971,lat36.433454_lon127.445017,results_lat36.433454_lon127.445017_stat.txt
36.433462,127.395666,0.031088000640626622,0.018708010936020012,lat36.433462_lon127.395666,results_lat36.433462_lon127.395666_stat.txt
36.43362,127.386422,0.031542470285125114,0.018605072245163477,lat36.433620_lon127.386422,results_lat36.433620_lon127.386422_stat.txt
36.433887,127.480987,0.06623461516613224,0.029363379676528776,lat36.433887_lon127.480987,results_lat36.433887_lon127.480987_stat.txt
36.433904,127.459085,0.03956757138880908,0.019846466106718204,lat36.433904_lon127.459085,results_lat36.433904_lon127.459085_stat.txt
36.434164,127.368617,0.03946462885783683,0.018264405731557937,lat36.434164_lon127.368617,results_lat36.434164_lon127.368617_stat.txt
36.434469,127.435276,0.028666993567200726,0.015373751120091822,lat36.434469_lon127.435276,results_lat36.434469_lon127.435276_stat.txt
36.434594,127.481235,0.06671383086168148,0.029389094371541927,lat36.434594_lon127.481235,results_lat36.434594_lon127.481235_stat.txt
36.434756,127.42646,0.027700327756218487,0.01831916595503057,lat36.434756_lon127.426460,results_lat36.434756_lon127.426460_stat.txt
36.434956,127.386616,0.030889761592378214,0.015639528260186636,lat36.434956_lon127.386616,results_lat36.434956_lon127.386616_stat.txt
36.43505,127.399798,0.0314819463216918,0.015752877326356912,lat36.435050_lon127.399798,results_lat36.435050_lon127.399798_stat.txt
36.435081,127.448911,0.02930432728159394,0.015678308910064703,lat36.435081_lon127.448911,results_lat36.435081_lon127.448911_stat.txt
36.435557,127.387131,0.028477751045588806,0.01573023020652,lat36.435557_lon127.387131,results_lat36.435557_lon127.387131_stat.txt
36.435692,127.470366,0.03815747297179584,0.019394212850663166,lat36.435692_lon127.470366,results_lat36.435692_lon127.470366_stat.txt
36.435868,127.398659,0.03081483592431018,0.0154504108263854,lat36.435868_lon127.398659,results_lat36.435868_lon127.398659_stat.txt
36.436216,127.449661,0.028322868241418806,0.014873563844534515,lat36.436216_lon127.449661,results_lat36.436216_lon127.449661_stat.txt
36.436245,127.403693,0.02956670263920143,0.015601034731448136,lat36.436245_lon127.403693,results_lat36.436245_lon127.403693_stat.txt
36.436326,127.456629,0.043247767688562325,0.02773499627679,lat36.436326_lon127.456629,results_lat36.436326_lon127.456629_stat.txt
36.436987,127.408161,0.030806369031974742,0.015046621735952828,lat36.436987_lon127.408161,results_lat36.436987_lon127.408161_stat.txt
36.4375,127.39775,0.029034366667965345,0.013469229812430247,lat36.437500_lon127.397750,results_lat36.437500_lon127.397750_stat.txt
36.438387,127.453079,0.035045814627867426,0.014857880924802265,lat36.438387_lon127.453079,results_lat36.438387_lon127.453079_stat.txt
36.438568,127.407349,0.029012040625776375,0.017842784331009817,lat36.438568_lon127.407349,results_lat36.438568_lon127.407349_stat.txt
36.438681,127.426621,0.025490380402895932,0.01398049736461002,lat36.438681_lon127.426621,results_lat36.438681_lon127.426621_stat.txt
36.438795,127.349456,0.0481502367506879,0.022612485059204015,lat36.438795_lon127.349456,results_lat36.438795_lon127.349456_stat.txt
36.438968,127.464358,0.035266689267504335,0.016158774819873416,lat36.438968_lon127.464358,results_lat36.438968_lon127.464358_stat.txt
36.439378,127.349822,0.048743836325655196,0.021541877904683662,lat36.439378_lon127.349822,results_lat36.439378_lon127.349822_stat.txt
36.440532,127.48719,0.07320595195868548,0.0273023277983007,lat36.440532_lon127.487190,results_lat36.440532_lon127.487190_stat.txt
36.440562,127.489396,0.08232288481252886,0.03156653086913343,lat36.440562_lon127.489396,results_lat36.440562_lon127.489396_stat.txt
36.441331,127.383612,0.032669323675092975,0.016026039474245905,lat36.441331_lon127.383612,results_lat36.441331_lon127.383612_stat.txt
36.442425,127.419513,0.031173952383256816,0.015027935618961567,lat36.442425_lon127.419513,results_lat36.442425_lon127.419513_stat.txt
36.442755,127.342445,0.06307232703555574,0.028373012536725202,lat36.442755_lon127.342445,results_lat36.442755_lon127.342445_stat.txt
36.443106,127.374131,0.035432240112427404,0.01868388668041305,lat36.443106_lon127.374131,results_lat36.443106_lon127.374131_stat.txt
36.443661,127.452372,0.03188256804203738,0.018894877370973347,lat36.443661_lon127.452372,results_lat36.443661_lon127.452372_stat.txt
36.44387,127.467533,0.03632049690321182,0.018184209365794506,lat36.443870_lon127.467533,results_lat36.443870_lon127.467533_stat.txt
36.444235,127.410073,0.03031314149378857,0.021482283049331172,lat36.444235_lon127.410073,results_lat36.444235_lon127.410073_stat.txt
36.444829,127.401421,0.03166697306773609,0.020735561517841845,lat36.444829_lon127.401421,results_lat36.444829_lon127.401421_stat.txt
36.445128,127.361052,0.05194165317559896,0.02946716091873958,lat36.445128_lon127.361052,results_lat36.445128_lon127.361052_stat.txt
36.445134,127.428352,0.025134129354095387,0.01293089907964732,lat36.445134_lon127.428352,results_lat36.445134_lon127.428352_stat.txt
36.445162,127.380994,0.03239148526399568,0.014583840621312105,lat36.445162_lon127.380994,results_lat36.445162_lon127.380994_stat.txt
36.445287,127.356309,0.05442366260460164,0.033227331327232976,lat36.445287_lon127.356309,results_lat36.445287_lon127.356309_stat.txt
36.445383,127.3745,0.037573987923939504,0.018777842644015448,lat36.445383_lon127.374500,results_lat36.445383_lon127.374500_stat.txt
36.445619,127.434468,0.022535975571693248,0.01226584196608578,lat36.445619_lon127.434468,results_lat36.445619_lon127.434468_stat.txt
36.445793,127.440081,0.027098424997503225,0.015398774896538474,lat36.445793_lon127.440081,results_lat36.445793_lon127.440081_stat.txt
36.445916,127.422707,0.027549948200212872,0.016757119885594716,lat36.445916_lon127.422707,results_lat36.445916_lon127.422707_stat.txt
36.446016,127.425894,0.025067054973761736,0.013544093638668745,lat36.446016_lon127.425894,results_lat36.446016_lon127.425894_stat.txt
36.446171,127.368005,0.04794423990073575,0.026839864121988247,lat36.446171_lon127.368005,results_lat36.446171_lon127.368005_stat.txt
36.446541,127.466876,0.03320284531914454,0.017587447620471697,lat36.446541_lon127.466876,results_lat36.446541_lon127.466876_stat.txt
36.447329,127.415013,0.02699894226412355,0.0129306553839403,lat36.447329_lon127.415013,results_lat36.447329_lon127.415013_stat.txt
36.447337,127.433058,0.02439583315414069,0.013769419470921201,lat36.447337_lon127.433058,results_lat36.447337_lon127.433058_stat.txt
36.448414,127.437873,0.024462368928564758,0.011819948491211348,lat36.448414_lon127.437873,results_lat36.448414_lon127.437873_stat.txt
36.448505,127.449218,0.02808859816727712,0.018183404814316247,lat36.448505_lon127.449218,results_lat36.448505_lon127.449218_stat.txt
36.44861,127.379148,0.033917978808570254,0.015911372861683867,lat36.448610_lon127.379148,results_lat36.448610_lon127.379148_stat.txt
36.448715,127.443084,0.028740157043285544,0.016653554540382247,lat36.448715_lon127.443084,results_lat36.448715_lon127.443084_stat.txt
36.448748,127.452213,0.03041706589846861,0.017725393934486272,lat36.448748_lon127.452213,results_lat36.448748_lon127.452213_stat.txt
36.448856,127.426658,0.02960016094735303,0.01529019752751507,lat36.448856_lon127.426658,results_lat36.448856_lon127.426658_stat.txt
36.449068,127.367783,0.03351906072488983,0.0159318677830127,lat36.449068_lon127.367783,results_lat36.449068_lon127.367783_stat.txt
36.449335,127.379895,0.035227257935465044,0.01652795455511974,lat36.449335_lon127.379895,results_lat36.449335_lon127.379895_stat.txt
36.449916,127.404758,0.03110143411863518,0.01876762853490103,lat36.449916_lon127.404758,results_lat36.449916_lon127.404758_stat.txt
36.450252,127.40533,0.03154948267516588,0.018548792014853672,lat36.450252_lon127.405330,results_lat36.450252_lon127.405330_stat.txt
36.450963,127.392562,0.0362921093543002,0.01763895988537163,lat36.450963_lon127.392562,results_lat36.450963_lon127.392562_stat.txt
36.451192,127.417501,0.02713416718879712,0.014984201731756672,lat36.451192_lon127.417501,results_lat36.451192_lon127.417501_stat.txt
36.451667,127.394295,0.03718323479791022,0.0175493736078248,lat36.451667_lon127.394295,results_lat36.451667_lon127.394295_stat.txt
36.451747,127.394499,0.03860792775072057,0.017548080288088488,lat36.451747_lon127.394499,results_lat36.451747_lon127.394499_stat.txt
36.452486,127.422286,0.02696900137085968,0.01806987385594076,lat36.452486_lon127.422286,results_lat36.452486_lon127.422286_stat.txt
36.452731,127.403312,0.029763570628700154,0.014369289551600033,lat36.452731_lon127.403312,results_lat36.452731_lon127.403312_stat.txt
36.454971,127.398786,0.04031883663637399,0.017742259899594794,lat36.454971_lon127.398786,results_lat36.454971_lon127.398786_stat.txt
36.457538,127.390993,0.031770493282955656,0.014351574137176264,lat36.457538_lon127.390993,results_lat36.457538_lon127.390993_stat.txt
36.458722,127.370321,0.032960365316083325,0.015315292398441456,lat36.458722_lon127.370321,results_lat36.458722_lon127.370321_stat.txt
36.458804,127.38325,0.03348022436252298,0.015287549581346826,lat36.458804_lon127.383250,results_lat36.458804_lon127.383250_stat.txt
36.459215,127.370377,0.03414372479644883,0.01717716871006662,lat36.459215_lon127.370377,results_lat36.459215_lon127.370377_stat.txt
36.459914,127.361502,0.04375813190676035,0.022046864036385234,lat36.459914_lon127.361502,results_lat36.459914_lon127.361502_stat.txt
36.460326,127.473976,0.036997716025876135,0.017732227632699677,lat36.460326_lon127.473976,results_lat36.460326_lon127.473976_stat.txt
36.461415,127.376933,0.03411980944675134,0.01638477738117484,lat36.461415_lon127.376933,results_lat36.461415_lon127.376933_stat.txt
36.462445,127.362656,0.04071719845899331,0.019430943999650816,lat36.462445_lon127.362656,results_lat36.462445_lon127.362656_stat.txt
36.462773,127.471962,0.03923957265147207,0.02137560841006787,lat36.462773_lon127.471962,results_lat36.462773_lon127.471962_stat.txt
36.463425,127.470544,0.036086655407668554,0.01823095984972435,lat36.463425_lon127.470544,results_lat36.463425_lon127.470544_stat.txt
36.463672,127.467558,0.03705483209481094,0.01822616748279216,lat36.463672_lon127.467558,results_lat36.463672_lon127.467558_stat.txt
36.464504,127.361708,0.04429682508746433,0.021293404035428055,lat36.464504_lon127.361708,results_lat36.464504_lon127.361708_stat.txt
36.46503,127.382265,0.034252908846973996,0.018225547779320093,lat36.465030_lon127.382265,results_lat36.465030_lon127.382265_stat.txt
36.46531,127.36768,0.0479354844003631,0.02692233122214103,lat36.465310_lon127.367680,results_lat36.465310_lon127.367680_stat.txt
36.46589,127.396526,0.04092905935683058,0.01687730254274481,lat36.465890_lon127.396526,results_lat36.465890_lon127.396526_stat.txt
36.468449,127.475106,0.03909210971140634,0.019559136201130034,lat36.468449_lon127.475106,results_lat36.468449_lon127.475106_stat.txt
36.470818,127.389052,0.03330309952031986,0.01580163676180078,lat36.470818_lon127.389052,results_lat36.470818_lon127.389052_stat.txt
36.472382,127.47523,0.036419604794619004,0.01857945291486872,lat36.472382_lon127.475230,results_lat36.472382_lon127.475230_stat.txt
36.474462,127.396194,0.039936435185617986,0.016603853898051583,lat36.474462_lon127.396194,results_lat36.474462_lon127.396194_stat.txt
36.476125,127.378935,0.04297910363589198,0.022414012022215556,lat36.476125_lon127.378935,results_lat36.476125_lon127.378935_stat.txt
36.476878,127.370755,0.04271195319309169,0.018019789006102294,lat36.476878_lon127.370755,results_lat36.476878_lon127.370755_stat.txt
36.478957,127.381537,0.051314975129231416,0.02549586653069793,lat36.478957_lon127.381537,results_lat36.478957_lon127.381537_stat.txt
36.479037,127.363248,0.04649106296840006,0.01851258288209807,lat36.479037_lon127.363248,results_lat36.479037_lon127.363248_stat.txt
36.479337,127.380912,0.05210785419433227,0.029129776966786904,lat36.479337_lon127.380912,results_lat36.479337_lon127.380912_stat.txt
36.479345,127.402151,0.0431600247858992,0.016445628733437585,lat36.479345_lon127.402151,results_lat36.479345_lon127.402151_stat.txt
36.479406,127.376839,0.04342347234680348,0.02054113814177466,lat36.479406_lon127.376839,results_lat36.479406_lon127.376839_stat.txt
36.479518,127.374247,0.04322308930580512,0.017311761024667346,lat36.479518_lon127.374247,results_lat36.479518_lon127.374247_stat.txt
36.48053,127.36444,0.047365408290305354,0.022787861507443687,lat36.480530_lon127.364440,results_lat36.480530_lon127.364440_stat.txt
36.480579,127.385202,0.05636437356773204,0.027460538699861817,lat36.480579_lon127.385202,results_lat36.480579_lon127.385202_stat.txt
36.481071,127.36396,0.04844695109840281,0.02329569836894217,lat36.481071_lon127.363960,results_lat36.481071_lon127.363960_stat.txt
36.481494,127.392488,0.04125251760708391,0.019924555649526117,lat36.481494_lon127.392488,results_lat36.481494_lon127.392488_stat.txt
36.482444,127.39904,0.041619667538142495,0.01929722937284699,lat36.482444_lon127.399040,results_lat36.482444_lon127.399040_stat.txt
36.485465,127.395351,0.042002582100117876,0.017741598820261103,lat36.485465_lon127.395351,results_lat36.485465_lon127.395351_stat.txt
36.487696,127.377718,0.06448629653679858,0.026972012119682455,lat36.487696_lon127.377718,results_lat36.487696_lon127.377718_stat.txt
36.488791,127.386545,0.05619629373979815,0.028802490629086228,lat36.488791_lon127.386545,results_lat36.488791_lon127.386545_stat.txt
36.489829,127.390145,0.04937874443509408,0.02090867782711824,lat36.489829_lon127.390145,results_lat36.489829_lon127.390145_stat.txt
36.490566,127.392443,0.046824950816867175,0.019768268507362744,lat36.490566_lon127.392443,results_lat36.490566_lon127.392443_stat.txt
36.494232,127.380829,0.055632821521556915,0.023810312395529543,lat36.494232_lon127.380829,results_lat36.494232_lon127.380829_stat.txt
36.497352,127.380062,0.0602932228548075,0.02844645855196523,lat36.497352_lon127.380062,results_lat36.497352_lon127.380062_stat.txt
